module	iteration	random_delta
stromal_ligand_panel	1	0.0186156210086659
stromal_ligand_panel	2	0.0390843249871415
stromal_ligand_panel	3	0.058845995798288
stromal_ligand_panel	4	-0.0458098532047751
stromal_ligand_panel	5	0.0128737729915994
stromal_ligand_panel	6	0.0164596202781027
stromal_ligand_panel	7	0.0467215050780237
stromal_ligand_panel	8	0.0560985727772955
stromal_ligand_panel	9	0.0124679654017065
stromal_ligand_panel	10	0.0969115843666493
stromal_ligand_panel	11	0.01816291824293
stromal_ligand_panel	12	0.049081410370083
stromal_ligand_panel	13	0.038700743109105
stromal_ligand_panel	14	0.0223238121447046
stromal_ligand_panel	15	-0.0126025157246302
stromal_ligand_panel	16	0.0179878217759734
stromal_ligand_panel	17	0.0357987710892578
stromal_ligand_panel	18	-0.00330382180547221
stromal_ligand_panel	19	-0.0103986725003766
stromal_ligand_panel	20	-0.0556866756802109
stromal_ligand_panel	21	0.0485324275546262
stromal_ligand_panel	22	0.0512817146053208
stromal_ligand_panel	23	0.0212503584451013
stromal_ligand_panel	24	0.0522547105551707
stromal_ligand_panel	25	0.0663898258173721
stromal_ligand_panel	26	0.0573746468207218
stromal_ligand_panel	27	0.0398396904265943
stromal_ligand_panel	28	0.0245123232674315
stromal_ligand_panel	29	0.0459710439959922
stromal_ligand_panel	30	0.00806574685654402
stromal_ligand_panel	31	0.0224000560466898
stromal_ligand_panel	32	0.0191361675753849
stromal_ligand_panel	33	-0.0178204982908041
stromal_ligand_panel	34	0.0103585364966751
stromal_ligand_panel	35	-0.00107701855410401
stromal_ligand_panel	36	-0.0509668330106992
stromal_ligand_panel	37	-0.0296549988522681
stromal_ligand_panel	38	0.00157271079605694
stromal_ligand_panel	39	-0.00497180957047092
stromal_ligand_panel	40	0.00174716193995234
stromal_ligand_panel	41	0.0421208914528696
stromal_ligand_panel	42	0.0373141913319438
stromal_ligand_panel	43	0.010101346610846
stromal_ligand_panel	44	-0.00151387703945794
stromal_ligand_panel	45	-0.0547185604341982
stromal_ligand_panel	46	0.0266997404158134
stromal_ligand_panel	47	0.0723099807328429
stromal_ligand_panel	48	0.0177614863779848
stromal_ligand_panel	49	0.0258771199394492
stromal_ligand_panel	50	-0.000605107711240746
stromal_ligand_panel	51	0.0222886358979372
stromal_ligand_panel	52	0.0477763791753635
stromal_ligand_panel	53	0.0409318511112948
stromal_ligand_panel	54	0.000827035547691111
stromal_ligand_panel	55	0.0229214769171391
stromal_ligand_panel	56	-0.0539301345450358
stromal_ligand_panel	57	-0.0542093729758223
stromal_ligand_panel	58	0.035493221550331
stromal_ligand_panel	59	0.00507157062681247
stromal_ligand_panel	60	0.0661985304339558
stromal_ligand_panel	61	0.0313615898180778
stromal_ligand_panel	62	0.0290371174549743
stromal_ligand_panel	63	-0.0232445675514163
stromal_ligand_panel	64	0.00450527631334957
stromal_ligand_panel	65	0.00606258509906219
stromal_ligand_panel	66	0.0671975185714465
stromal_ligand_panel	67	0.0289534612435628
stromal_ligand_panel	68	-0.0125832633798736
stromal_ligand_panel	69	0.00623020574961281
stromal_ligand_panel	70	0.0281822271370785
stromal_ligand_panel	71	0.0218223183040101
stromal_ligand_panel	72	0.0236482116675574
stromal_ligand_panel	73	0.0313667437807954
stromal_ligand_panel	74	0.0198060812212848
stromal_ligand_panel	75	0.0278976181091659
stromal_ligand_panel	76	-0.00831500073742198
stromal_ligand_panel	77	0.00651520983288619
stromal_ligand_panel	78	-0.00907044147039347
stromal_ligand_panel	79	0.0752945848706288
stromal_ligand_panel	80	0.0446136246157935
stromal_ligand_panel	81	0.0245491792242229
stromal_ligand_panel	82	0.0760830505433618
stromal_ligand_panel	83	-0.0188610598132983
stromal_ligand_panel	84	0.0389101255871158
stromal_ligand_panel	85	-0.000188179548759538
stromal_ligand_panel	86	0.0404298295246698
stromal_ligand_panel	87	0.0125959743216737
stromal_ligand_panel	88	-0.00586228956327365
stromal_ligand_panel	89	0.0993353755858606
stromal_ligand_panel	90	0.0353286609511298
stromal_ligand_panel	91	0.041832718814513
stromal_ligand_panel	92	0.0731666499095138
stromal_ligand_panel	93	-0.0387396247068904
stromal_ligand_panel	94	0.00931823800934473
stromal_ligand_panel	95	0.00799823234689178
stromal_ligand_panel	96	0.0199430080072746
stromal_ligand_panel	97	-0.0143552570702205
stromal_ligand_panel	98	0.0371012476477187
stromal_ligand_panel	99	-0.0235832851195265
stromal_ligand_panel	100	-0.0138407156658192
stromal_ligand_panel	101	0.0365467198490853
stromal_ligand_panel	102	-0.00383706018764718
stromal_ligand_panel	103	-0.014157817949199
stromal_ligand_panel	104	0.0102599861079096
stromal_ligand_panel	105	0.0967113815656877
stromal_ligand_panel	106	-0.0444925847698176
stromal_ligand_panel	107	0.0143365604709469
stromal_ligand_panel	108	0.0282227082130612
stromal_ligand_panel	109	0.0271193287310748
stromal_ligand_panel	110	0.0290936950100751
stromal_ligand_panel	111	-0.0255291247092067
stromal_ligand_panel	112	0.0591420219083832
stromal_ligand_panel	113	0.0706292741454147
stromal_ligand_panel	114	0.0569939244243844
stromal_ligand_panel	115	-0.0474770791008711
stromal_ligand_panel	116	0.0586680423308914
stromal_ligand_panel	117	0.0283584695659429
stromal_ligand_panel	118	-0.0331853397032293
stromal_ligand_panel	119	0.0205282260482882
stromal_ligand_panel	120	0.0497770104251106
stromal_ligand_panel	121	-0.00622319814734697
stromal_ligand_panel	122	0.061264240171746
stromal_ligand_panel	123	0.0422427621334312
stromal_ligand_panel	124	0.0306255324904241
stromal_ligand_panel	125	0.00489939002666441
stromal_ligand_panel	126	0.0150934541736163
stromal_ligand_panel	127	0.0462666984965924
stromal_ligand_panel	128	0.0454502434600938
stromal_ligand_panel	129	0.0160034394794644
stromal_ligand_panel	130	0.0389253348177375
stromal_ligand_panel	131	0.00138614716778969
stromal_ligand_panel	132	-0.0132428837872735
stromal_ligand_panel	133	0.0650183015441753
stromal_ligand_panel	134	0.0555055572156214
stromal_ligand_panel	135	0.0721015009109728
stromal_ligand_panel	136	0.0837500777164919
stromal_ligand_panel	137	0.0620398124486137
stromal_ligand_panel	138	0.034354753639245
stromal_ligand_panel	139	-0.0241884811368148
stromal_ligand_panel	140	0.000218516076749716
stromal_ligand_panel	141	0.0182268917545174
stromal_ligand_panel	142	0.00214385146348536
stromal_ligand_panel	143	0.0235045573473749
stromal_ligand_panel	144	0.0168319107852871
stromal_ligand_panel	145	0.0320747348989956
stromal_ligand_panel	146	0.0399019028295046
stromal_ligand_panel	147	-0.0154466394803462
stromal_ligand_panel	148	0.0625945595876579
stromal_ligand_panel	149	0.0393530257703709
stromal_ligand_panel	150	-0.0546179837516343
stromal_ligand_panel	151	0.0131521634976052
stromal_ligand_panel	152	0.0276467829881822
stromal_ligand_panel	153	0.0632518358305804
stromal_ligand_panel	154	-0.0322951757337672
stromal_ligand_panel	155	-0.0405801661352628
stromal_ligand_panel	156	0.00778755571641939
stromal_ligand_panel	157	-0.0366571556422917
stromal_ligand_panel	158	0.0250096067669941
stromal_ligand_panel	159	0.0128655789678261
stromal_ligand_panel	160	0.0936656678470083
stromal_ligand_panel	161	-0.00326319662353867
stromal_ligand_panel	162	0.0807702902411272
stromal_ligand_panel	163	0.0593024947379112
stromal_ligand_panel	164	-0.00182929169555895
stromal_ligand_panel	165	0.0540981969085874
stromal_ligand_panel	166	0.0438305466568187
stromal_ligand_panel	167	0.0268095811621456
stromal_ligand_panel	168	0.0568885997990703
stromal_ligand_panel	169	0.0412686081219973
stromal_ligand_panel	170	-0.00426346680434625
stromal_ligand_panel	171	0.0215917965781658
stromal_ligand_panel	172	0.0198048791736804
stromal_ligand_panel	173	-0.00235209949311363
stromal_ligand_panel	174	0.00320799742557272
stromal_ligand_panel	175	-0.0387738937631551
stromal_ligand_panel	176	0.0366125596349122
stromal_ligand_panel	177	0.0467260157824742
stromal_ligand_panel	178	-0.0382096243035884
stromal_ligand_panel	179	0.0379260706082862
stromal_ligand_panel	180	0.0669717357280703
stromal_ligand_panel	181	0.01326504378232
stromal_ligand_panel	182	0.00159110557146129
stromal_ligand_panel	183	-0.00653615149240425
stromal_ligand_panel	184	-0.0195677583449801
stromal_ligand_panel	185	-0.0934481404701515
stromal_ligand_panel	186	-0.00578989021790449
stromal_ligand_panel	187	0.077773243191341
stromal_ligand_panel	188	-0.023422497419194
stromal_ligand_panel	189	-0.033707643806524
stromal_ligand_panel	190	-0.0434841589405421
stromal_ligand_panel	191	0.0297552126340506
stromal_ligand_panel	192	0.0509450389276225
stromal_ligand_panel	193	-0.0581396906146118
stromal_ligand_panel	194	0.0281174046777026
stromal_ligand_panel	195	0.000106300806055513
stromal_ligand_panel	196	0.0674991180206417
stromal_ligand_panel	197	0.0252559223341748
stromal_ligand_panel	198	0.0111818173913657
stromal_ligand_panel	199	0.0394798508905629
stromal_ligand_panel	200	-0.0557880366824902
stromal_ligand_panel	201	0.0172117176226396
stromal_ligand_panel	202	0.0752717517955781
stromal_ligand_panel	203	0.0299509598663008
stromal_ligand_panel	204	0.0467917214035494
stromal_ligand_panel	205	0.0269250830279913
stromal_ligand_panel	206	0.0537467892270516
stromal_ligand_panel	207	0.0421413604746057
stromal_ligand_panel	208	0.0227450462763086
stromal_ligand_panel	209	0.0345221657132735
stromal_ligand_panel	210	0.0350388921274723
stromal_ligand_panel	211	0.0512708886470626
stromal_ligand_panel	212	0.082834341848315
stromal_ligand_panel	213	0.0607763658830744
stromal_ligand_panel	214	-0.01913377595184
stromal_ligand_panel	215	-0.0601480476408566
stromal_ligand_panel	216	0.0415085859948274
stromal_ligand_panel	217	0.0154006970475975
stromal_ligand_panel	218	0.0663060147420212
stromal_ligand_panel	219	-0.0455362507069831
stromal_ligand_panel	220	0.0521611759759619
stromal_ligand_panel	221	-0.0325442478066414
stromal_ligand_panel	222	-0.0207083455249381
stromal_ligand_panel	223	0.00631810345396276
stromal_ligand_panel	224	0.0652868826746412
stromal_ligand_panel	225	0.0543819643636674
stromal_ligand_panel	226	0.0196577183395858
stromal_ligand_panel	227	0.0193327763327834
stromal_ligand_panel	228	0.0333136831496692
stromal_ligand_panel	229	-0.0268019209004019
stromal_ligand_panel	230	0.03074010744555
stromal_ligand_panel	231	0.0533047651347988
stromal_ligand_panel	232	0.0327694083966122
stromal_ligand_panel	233	0.0450779246604002
stromal_ligand_panel	234	0.0158373370857768
stromal_ligand_panel	235	0.0844726609425937
stromal_ligand_panel	236	-0.035948493596446
stromal_ligand_panel	237	0.057958831453603
stromal_ligand_panel	238	0.0404891821044739
stromal_ligand_panel	239	0.0364484767951679
stromal_ligand_panel	240	-0.0138544170283936
stromal_ligand_panel	241	0.0169803694175313
stromal_ligand_panel	242	0.00142237835153811
stromal_ligand_panel	243	-0.00674772922002867
stromal_ligand_panel	244	0.000946512968196862
stromal_ligand_panel	245	0.0324471775940867
stromal_ligand_panel	246	0.0408952318301253
stromal_ligand_panel	247	-0.0297560340260999
stromal_ligand_panel	248	0.0654911137424122
stromal_ligand_panel	249	0.0362757529708018
stromal_ligand_panel	250	-0.0223038324231335
stromal_ligand_panel	251	0.00373087600980817
stromal_ligand_panel	252	0.0690341479940477
stromal_ligand_panel	253	0.0303759625130599
stromal_ligand_panel	254	-0.00101935203672179
stromal_ligand_panel	255	0.00445318622637111
stromal_ligand_panel	256	0.0246710901695952
stromal_ligand_panel	257	0.0150992092352903
stromal_ligand_panel	258	0.0616738007365314
stromal_ligand_panel	259	0.0509103153812926
stromal_ligand_panel	260	0.00569424161942454
stromal_ligand_panel	261	0.00971640542420425
stromal_ligand_panel	262	0.0190765703942128
stromal_ligand_panel	263	-0.00914317190290837
stromal_ligand_panel	264	-0.0297576838201953
stromal_ligand_panel	265	0.010751888682377
stromal_ligand_panel	266	0.0210006979517624
stromal_ligand_panel	267	0.0805263633429207
stromal_ligand_panel	268	0.0114211587162692
stromal_ligand_panel	269	0.038676937694801
stromal_ligand_panel	270	0.0225775133019812
stromal_ligand_panel	271	0.033009452990631
stromal_ligand_panel	272	0.0322841201979361
stromal_ligand_panel	273	0.0234821960148104
stromal_ligand_panel	274	-0.0274660197534182
stromal_ligand_panel	275	-0.00461851868915816
stromal_ligand_panel	276	-0.0134516325780719
stromal_ligand_panel	277	-0.0148756083283955
stromal_ligand_panel	278	0.00998389066472648
stromal_ligand_panel	279	0.0499693280523078
stromal_ligand_panel	280	0.058526945125366
stromal_ligand_panel	281	0.0392550246209577
stromal_ligand_panel	282	0.0372151565146579
stromal_ligand_panel	283	0.0655408116925609
stromal_ligand_panel	284	0.0276333050450127
stromal_ligand_panel	285	0.0440800461538351
stromal_ligand_panel	286	0.0377810327580245
stromal_ligand_panel	287	0.0194424507196949
stromal_ligand_panel	288	0.0259249288331388
stromal_ligand_panel	289	0.0564894342214231
stromal_ligand_panel	290	0.0965197076676114
stromal_ligand_panel	291	0.0280527033799084
stromal_ligand_panel	292	-0.00503689934790904
stromal_ligand_panel	293	0.00352972437955677
stromal_ligand_panel	294	0.0439166928109664
stromal_ligand_panel	295	0.0190557971917749
stromal_ligand_panel	296	0.0395642403258146
stromal_ligand_panel	297	-0.00431377048244871
stromal_ligand_panel	298	-0.00514177355792763
stromal_ligand_panel	299	0.015877727555045
stromal_ligand_panel	300	-0.00181325281296162
stromal_ligand_panel	301	0.0686313873594487
stromal_ligand_panel	302	0.00620438076489227
stromal_ligand_panel	303	-0.0243329813216115
stromal_ligand_panel	304	0.00346513259732292
stromal_ligand_panel	305	0.0527945253929847
stromal_ligand_panel	306	0.0380392254229142
stromal_ligand_panel	307	-0.039403579976459
stromal_ligand_panel	308	0.0604334703043474
stromal_ligand_panel	309	-0.00356945536656267
stromal_ligand_panel	310	0.0780541079438117
stromal_ligand_panel	311	-0.0387744828971749
stromal_ligand_panel	312	0.0401661970011907
stromal_ligand_panel	313	0.0646100499432228
stromal_ligand_panel	314	0.0213961940663046
stromal_ligand_panel	315	-0.00384927207803339
stromal_ligand_panel	316	0.0411939127072825
stromal_ligand_panel	317	0.0395540742214448
stromal_ligand_panel	318	0.0134406521947427
stromal_ligand_panel	319	0.0596121935302087
stromal_ligand_panel	320	0.0200748862815075
stromal_ligand_panel	321	0.00434093384265648
stromal_ligand_panel	322	0.0736592435699617
stromal_ligand_panel	323	0.0476362714606522
stromal_ligand_panel	324	0.0348923323703122
stromal_ligand_panel	325	0.0237274529663331
stromal_ligand_panel	326	0.0233808182630693
stromal_ligand_panel	327	0.0216607796185025
stromal_ligand_panel	328	-0.00750995011787888
stromal_ligand_panel	329	0.00810983033421394
stromal_ligand_panel	330	0.0101245758621903
stromal_ligand_panel	331	0.023663499224319
stromal_ligand_panel	332	-0.00905997090398431
stromal_ligand_panel	333	0.0497215562680739
stromal_ligand_panel	334	0.0391956926323828
stromal_ligand_panel	335	0.0789116065245102
stromal_ligand_panel	336	0.00912991094320365
stromal_ligand_panel	337	0.0267137013809717
stromal_ligand_panel	338	-0.00496015119492721
stromal_ligand_panel	339	0.0232001603345667
stromal_ligand_panel	340	0.0320739095736613
stromal_ligand_panel	341	0.0311328825783658
stromal_ligand_panel	342	0.0427876453818387
stromal_ligand_panel	343	0.0597988817129771
stromal_ligand_panel	344	0.00178643773323839
stromal_ligand_panel	345	0.0131135413186001
stromal_ligand_panel	346	-0.0293312274606589
stromal_ligand_panel	347	0.061102385748108
stromal_ligand_panel	348	-0.0118587987523768
stromal_ligand_panel	349	0.0258475746670391
stromal_ligand_panel	350	-0.00761718590112449
stromal_ligand_panel	351	0.0259698989052957
stromal_ligand_panel	352	-0.0106142709992599
stromal_ligand_panel	353	-0.0152533924415711
stromal_ligand_panel	354	-0.0113503847475111
stromal_ligand_panel	355	0.028196049802639
stromal_ligand_panel	356	0.00231708388963269
stromal_ligand_panel	357	0.0513327931454876
stromal_ligand_panel	358	0.0339127044098701
stromal_ligand_panel	359	-0.00457610022926681
stromal_ligand_panel	360	0.0569248956339241
stromal_ligand_panel	361	0.0205764471348472
stromal_ligand_panel	362	0.0172758355917322
stromal_ligand_panel	363	0.0533257476060035
stromal_ligand_panel	364	-0.00615419666232891
stromal_ligand_panel	365	0.0323381481190574
stromal_ligand_panel	366	0.00381720367822683
stromal_ligand_panel	367	0.0673767855386611
stromal_ligand_panel	368	-0.05485755840766
stromal_ligand_panel	369	0.0476674703195625
stromal_ligand_panel	370	0.088583873109246
stromal_ligand_panel	371	-0.0102373393332005
stromal_ligand_panel	372	0.0156822790212145
stromal_ligand_panel	373	0.0753535663432792
stromal_ligand_panel	374	0.0492185392343747
stromal_ligand_panel	375	0.00842593697312617
stromal_ligand_panel	376	0.0192188244069613
stromal_ligand_panel	377	0.0383211445133432
stromal_ligand_panel	378	0.0228441752852065
stromal_ligand_panel	379	0.0492948774883117
stromal_ligand_panel	380	0.024242580718526
stromal_ligand_panel	381	0.0775711726310096
stromal_ligand_panel	382	0.103014759099395
stromal_ligand_panel	383	0.0305032913819323
stromal_ligand_panel	384	-0.0236584504513775
stromal_ligand_panel	385	-0.0268225568835701
stromal_ligand_panel	386	-0.0179122724020932
stromal_ligand_panel	387	0.0352718396226362
stromal_ligand_panel	388	0.0317538620115628
stromal_ligand_panel	389	0.0943541662138112
stromal_ligand_panel	390	0.0313579294407799
stromal_ligand_panel	391	0.0311021061641194
stromal_ligand_panel	392	0.0219119746896254
stromal_ligand_panel	393	0.0731393584177445
stromal_ligand_panel	394	-0.0676887229023992
stromal_ligand_panel	395	0.0342197731610678
stromal_ligand_panel	396	-0.0232178556354004
stromal_ligand_panel	397	0.0600624997324686
stromal_ligand_panel	398	0.0141029243241372
stromal_ligand_panel	399	0.04465569939899
stromal_ligand_panel	400	0.0763172815457035
stromal_ligand_panel	401	0.015709908596592
stromal_ligand_panel	402	-0.0278290626629683
stromal_ligand_panel	403	0.0194503168297577
stromal_ligand_panel	404	0.00791830335872139
stromal_ligand_panel	405	0.0348965661315486
stromal_ligand_panel	406	0.0547282197556461
stromal_ligand_panel	407	0.0564323268146586
stromal_ligand_panel	408	0.0313314843636984
stromal_ligand_panel	409	0.050836280992576
stromal_ligand_panel	410	-0.03851638187953
stromal_ligand_panel	411	0.0531861327788841
stromal_ligand_panel	412	0.00388468989934042
stromal_ligand_panel	413	0.0382812970765265
stromal_ligand_panel	414	0.042761305250921
stromal_ligand_panel	415	0.0544283666845082
stromal_ligand_panel	416	-0.00908969945579061
stromal_ligand_panel	417	0.0177242808354879
stromal_ligand_panel	418	-0.0372812663392176
stromal_ligand_panel	419	-0.00861066931225291
stromal_ligand_panel	420	0.0555700087628161
stromal_ligand_panel	421	0.0090764369353707
stromal_ligand_panel	422	0.091820862761825
stromal_ligand_panel	423	0.0196295315902147
stromal_ligand_panel	424	0.0124163243183159
stromal_ligand_panel	425	0.0283562671094351
stromal_ligand_panel	426	-0.00570972121132109
stromal_ligand_panel	427	0.0227318367044294
stromal_ligand_panel	428	-0.0558462613168128
stromal_ligand_panel	429	0.0410417033913838
stromal_ligand_panel	430	-0.0721805939504566
stromal_ligand_panel	431	0.0182014403574688
stromal_ligand_panel	432	-0.0512202524128329
stromal_ligand_panel	433	0.0424654606057736
stromal_ligand_panel	434	-0.00542741868959394
stromal_ligand_panel	435	-0.000283390659180595
stromal_ligand_panel	436	0.0747653734583816
stromal_ligand_panel	437	0.0657095092641484
stromal_ligand_panel	438	0.004539092792234
stromal_ligand_panel	439	0.0179256599974648
stromal_ligand_panel	440	0.0115746213705349
stromal_ligand_panel	441	0.0232591987870763
stromal_ligand_panel	442	0.0117763679352791
stromal_ligand_panel	443	-0.0486143485206037
stromal_ligand_panel	444	0.0261833646136074
stromal_ligand_panel	445	-0.00951585518990259
stromal_ligand_panel	446	0.00404291028421401
stromal_ligand_panel	447	0.0449021356436872
stromal_ligand_panel	448	-0.00478814686820189
stromal_ligand_panel	449	0.00345485068220068
stromal_ligand_panel	450	-0.030342184182162
stromal_ligand_panel	451	0.0348543325271586
stromal_ligand_panel	452	0.005446870577017
stromal_ligand_panel	453	0.0394144364541249
stromal_ligand_panel	454	0.100870802246372
stromal_ligand_panel	455	0.0577569972412948
stromal_ligand_panel	456	0.024193729582678
stromal_ligand_panel	457	-0.0365724041254951
stromal_ligand_panel	458	0.0250833476149774
stromal_ligand_panel	459	0.00902956279931469
stromal_ligand_panel	460	-0.00353780123186567
stromal_ligand_panel	461	-0.0384439989272431
stromal_ligand_panel	462	0.0219074905038884
stromal_ligand_panel	463	-0.0154664338218393
stromal_ligand_panel	464	0.0324637659963769
stromal_ligand_panel	465	0.00242745536206012
stromal_ligand_panel	466	0.046315653749461
stromal_ligand_panel	467	0.0635573246659892
stromal_ligand_panel	468	0.0170389308630951
stromal_ligand_panel	469	0.0510250369715769
stromal_ligand_panel	470	0.00214021766152708
stromal_ligand_panel	471	0.0169506722666426
stromal_ligand_panel	472	0.00973441712831893
stromal_ligand_panel	473	0.0363282606851945
stromal_ligand_panel	474	0.0333899887680998
stromal_ligand_panel	475	-0.0132994711819729
stromal_ligand_panel	476	-0.0311544330237875
stromal_ligand_panel	477	0.0577031344148055
stromal_ligand_panel	478	0.00235169993301644
stromal_ligand_panel	479	0.10617534660341
stromal_ligand_panel	480	0.0499337526875369
stromal_ligand_panel	481	0.0149758778549701
stromal_ligand_panel	482	-0.00968721046620259
stromal_ligand_panel	483	0.0319043216261829
stromal_ligand_panel	484	-0.0317719418225538
stromal_ligand_panel	485	0.0519851782461523
stromal_ligand_panel	486	-0.0140366742188856
stromal_ligand_panel	487	0.0498876500815087
stromal_ligand_panel	488	0.021811070847329
stromal_ligand_panel	489	-0.0563610602338757
stromal_ligand_panel	490	0.0257072522588873
stromal_ligand_panel	491	0.0237799923102496
stromal_ligand_panel	492	-0.0588243552026024
stromal_ligand_panel	493	0.0514512395997408
stromal_ligand_panel	494	-0.0222926867873533
stromal_ligand_panel	495	0.0285006201890852
stromal_ligand_panel	496	0.0441775533813165
stromal_ligand_panel	497	0.0600179524967713
stromal_ligand_panel	498	-0.0317425450335713
stromal_ligand_panel	499	0.0177077386296834
stromal_ligand_panel	500	0.0233799688040639
stromal_ligand_panel	501	0.00225121759294403
stromal_ligand_panel	502	0.00665717794176625
stromal_ligand_panel	503	-0.00588073989045309
stromal_ligand_panel	504	0.0422857726449456
stromal_ligand_panel	505	-0.0247238577784761
stromal_ligand_panel	506	0.0298933909179893
stromal_ligand_panel	507	0.0189058943569468
stromal_ligand_panel	508	0.0135496543104936
stromal_ligand_panel	509	0.0535776602078259
stromal_ligand_panel	510	0.0398902643229098
stromal_ligand_panel	511	0.03629137304159
stromal_ligand_panel	512	0.0359633536387577
stromal_ligand_panel	513	0.0155395687707049
stromal_ligand_panel	514	-0.0218095727027216
stromal_ligand_panel	515	-0.0467532470597638
stromal_ligand_panel	516	0.0192662110517594
stromal_ligand_panel	517	0.00674762369600089
stromal_ligand_panel	518	0.00296509171700123
stromal_ligand_panel	519	-0.0978400371467859
stromal_ligand_panel	520	0.0588520884726528
stromal_ligand_panel	521	0.0575744208448355
stromal_ligand_panel	522	-0.00324770225396004
stromal_ligand_panel	523	-0.0338003005656961
stromal_ligand_panel	524	0.061688700405343
stromal_ligand_panel	525	-0.0318937251916792
stromal_ligand_panel	526	0.0649981780522117
stromal_ligand_panel	527	0.089554950439896
stromal_ligand_panel	528	0.0474988348233458
stromal_ligand_panel	529	0.00689395005923011
stromal_ligand_panel	530	0.00424900728385789
stromal_ligand_panel	531	0.0333982186945793
stromal_ligand_panel	532	0.0151640019053282
stromal_ligand_panel	533	-0.0011926262090382
stromal_ligand_panel	534	0.0159618005635427
stromal_ligand_panel	535	0.00703386339328987
stromal_ligand_panel	536	-0.122347786176162
stromal_ligand_panel	537	-0.01398759622227
stromal_ligand_panel	538	-0.0135538466321394
stromal_ligand_panel	539	0.0524930489566288
stromal_ligand_panel	540	0.0627281100477281
stromal_ligand_panel	541	0.0393950938133333
stromal_ligand_panel	542	0.0549535663215802
stromal_ligand_panel	543	0.0565384440623261
stromal_ligand_panel	544	0.0040661484512006
stromal_ligand_panel	545	-0.00233661569344764
stromal_ligand_panel	546	0.0221674035260312
stromal_ligand_panel	547	-0.0402147432083659
stromal_ligand_panel	548	0.00432196197160364
stromal_ligand_panel	549	0.015642931747744
stromal_ligand_panel	550	-0.0196997843332899
stromal_ligand_panel	551	0.000386190390928876
stromal_ligand_panel	552	0.0305766059752025
stromal_ligand_panel	553	0.0778161035238929
stromal_ligand_panel	554	-0.00874677409610513
stromal_ligand_panel	555	0.0276753343552162
stromal_ligand_panel	556	0.00600654793473051
stromal_ligand_panel	557	0.084366843629849
stromal_ligand_panel	558	-0.0232986660577645
stromal_ligand_panel	559	0.0368486476928373
stromal_ligand_panel	560	0.0264360228485184
stromal_ligand_panel	561	0.0175486452088357
stromal_ligand_panel	562	-0.0350661667353945
stromal_ligand_panel	563	-0.0193020227059859
stromal_ligand_panel	564	-0.0129964423992234
stromal_ligand_panel	565	0.00417007486883947
stromal_ligand_panel	566	0.0215187209398488
stromal_ligand_panel	567	0.0216129379002728
stromal_ligand_panel	568	0.0202258483426737
stromal_ligand_panel	569	0.0464270143429632
stromal_ligand_panel	570	0.0154986411406152
stromal_ligand_panel	571	-0.00881978725033896
stromal_ligand_panel	572	0.0264955850412352
stromal_ligand_panel	573	-0.00583087161588007
stromal_ligand_panel	574	0.0822219532246143
stromal_ligand_panel	575	-0.0346509146360084
stromal_ligand_panel	576	0.00595384752447898
stromal_ligand_panel	577	-0.0084638176489447
stromal_ligand_panel	578	0.0873420349942034
stromal_ligand_panel	579	0.0346254608812304
stromal_ligand_panel	580	0.0652032479076675
stromal_ligand_panel	581	0.0362876161589486
stromal_ligand_panel	582	-0.00589633733286709
stromal_ligand_panel	583	0.0421989358615052
stromal_ligand_panel	584	0.045552369508999
stromal_ligand_panel	585	0.10493401367321
stromal_ligand_panel	586	-0.0339582994544052
stromal_ligand_panel	587	0.0130688045974827
stromal_ligand_panel	588	0.0408468052353296
stromal_ligand_panel	589	-0.000576485237806362
stromal_ligand_panel	590	-0.0226763592258434
stromal_ligand_panel	591	-0.0393933068070185
stromal_ligand_panel	592	0.0370827607638115
stromal_ligand_panel	593	-0.0584711499028641
stromal_ligand_panel	594	0.00309157377174438
stromal_ligand_panel	595	0.0529143760536214
stromal_ligand_panel	596	0.0234095153219448
stromal_ligand_panel	597	0.00688050916995714
stromal_ligand_panel	598	-0.0243219713748546
stromal_ligand_panel	599	0.0168776231868535
stromal_ligand_panel	600	-0.00507984599956561
stromal_ligand_panel	601	-0.024754900405373
stromal_ligand_panel	602	0.0239916598181311
stromal_ligand_panel	603	0.0193459627969267
stromal_ligand_panel	604	0.0536237133047565
stromal_ligand_panel	605	0.00756341922625675
stromal_ligand_panel	606	0.0208020836551626
stromal_ligand_panel	607	0.0519935252278094
stromal_ligand_panel	608	0.00904890606040162
stromal_ligand_panel	609	0.0229905687671024
stromal_ligand_panel	610	0.0250954516344721
stromal_ligand_panel	611	-0.0134332279450756
stromal_ligand_panel	612	-0.0363163496144746
stromal_ligand_panel	613	0.0670519766019381
stromal_ligand_panel	614	0.0268619598013658
stromal_ligand_panel	615	0.076970916876807
stromal_ligand_panel	616	0.0729765620709784
stromal_ligand_panel	617	0.0514123636468397
stromal_ligand_panel	618	0.0255254370198433
stromal_ligand_panel	619	0.0575642494949989
stromal_ligand_panel	620	0.0089980982991768
stromal_ligand_panel	621	0.0465764892723285
stromal_ligand_panel	622	0.0235558752400605
stromal_ligand_panel	623	0.0589250555656667
stromal_ligand_panel	624	0.0271625377255732
stromal_ligand_panel	625	0.0202805405900231
stromal_ligand_panel	626	0.0381184216223709
stromal_ligand_panel	627	0.0262357203122172
stromal_ligand_panel	628	-0.0192098797803543
stromal_ligand_panel	629	-0.0525070083144775
stromal_ligand_panel	630	-0.121746707270869
stromal_ligand_panel	631	0.00657282580449189
stromal_ligand_panel	632	0.0495278889547711
stromal_ligand_panel	633	0.0386358877633226
stromal_ligand_panel	634	-0.0584744648566976
stromal_ligand_panel	635	0.0196846997210895
stromal_ligand_panel	636	0.0316913964879639
stromal_ligand_panel	637	0.0189042756453127
stromal_ligand_panel	638	0.00221595552965916
stromal_ligand_panel	639	0.00553462364856935
stromal_ligand_panel	640	0.0370489345869869
stromal_ligand_panel	641	0.00391418189118045
stromal_ligand_panel	642	0.00517993154392688
stromal_ligand_panel	643	0.0673956363208709
stromal_ligand_panel	644	-0.0219879953648322
stromal_ligand_panel	645	0.029185902451639
stromal_ligand_panel	646	-0.0272291747292455
stromal_ligand_panel	647	-0.0923697843037814
stromal_ligand_panel	648	0.0250021227088689
stromal_ligand_panel	649	0.0429914574655737
stromal_ligand_panel	650	0.0149474536591262
stromal_ligand_panel	651	0.00395967406324956
stromal_ligand_panel	652	0.0299991056746831
stromal_ligand_panel	653	0.0151001502252743
stromal_ligand_panel	654	0.035188893456738
stromal_ligand_panel	655	-0.00857678229832788
stromal_ligand_panel	656	-0.0278591148384243
stromal_ligand_panel	657	0.0340285988559467
stromal_ligand_panel	658	0.0421006510788326
stromal_ligand_panel	659	-0.122661210696122
stromal_ligand_panel	660	0.0622703510060431
stromal_ligand_panel	661	-0.0223770686228924
stromal_ligand_panel	662	-0.0255312236641105
stromal_ligand_panel	663	-0.0511451072906656
stromal_ligand_panel	664	-0.0199092800349694
stromal_ligand_panel	665	0.0385031176890309
stromal_ligand_panel	666	0.0364007779568589
stromal_ligand_panel	667	0.0316768108402412
stromal_ligand_panel	668	-0.012844379648901
stromal_ligand_panel	669	-0.00669278702150902
stromal_ligand_panel	670	0.0655062921200965
stromal_ligand_panel	671	-0.00325290826808816
stromal_ligand_panel	672	0.0237776609119564
stromal_ligand_panel	673	0.0660357141685246
stromal_ligand_panel	674	0.0036476311936651
stromal_ligand_panel	675	0.00421752508942165
stromal_ligand_panel	676	0.0382615360508948
stromal_ligand_panel	677	-0.0172578890781907
stromal_ligand_panel	678	0.100342435927797
stromal_ligand_panel	679	0.0587516453758142
stromal_ligand_panel	680	0.0190815541327026
stromal_ligand_panel	681	-0.0309014502362937
stromal_ligand_panel	682	0.0356117159403613
stromal_ligand_panel	683	0.0472415549388067
stromal_ligand_panel	684	-0.0127083845603802
stromal_ligand_panel	685	0.0405778734793667
stromal_ligand_panel	686	0.0922277632578834
stromal_ligand_panel	687	0.0681847787790564
stromal_ligand_panel	688	0.0410340098435822
stromal_ligand_panel	689	0.0269042331090346
stromal_ligand_panel	690	0.0270948990620637
stromal_ligand_panel	691	-0.0050599941482887
stromal_ligand_panel	692	-0.0259943672481454
stromal_ligand_panel	693	-0.00931370725716461
stromal_ligand_panel	694	0.0760762417505469
stromal_ligand_panel	695	-0.0262849401966845
stromal_ligand_panel	696	-0.000860194304769691
stromal_ligand_panel	697	0.0143254641627633
stromal_ligand_panel	698	0.11571863881965
stromal_ligand_panel	699	-0.018647755806417
stromal_ligand_panel	700	-0.032994237427106
stromal_ligand_panel	701	-0.0598322580266232
stromal_ligand_panel	702	0.0552958790586809
stromal_ligand_panel	703	0.0382128144094371
stromal_ligand_panel	704	0.07797403335553
stromal_ligand_panel	705	-0.0155825424064951
stromal_ligand_panel	706	0.0760272014317945
stromal_ligand_panel	707	0.00363206214234308
stromal_ligand_panel	708	0.0179659788486065
stromal_ligand_panel	709	-0.0139857231374517
stromal_ligand_panel	710	0.0297140144863879
stromal_ligand_panel	711	0.0535176573602969
stromal_ligand_panel	712	0.0255330941480989
stromal_ligand_panel	713	0.0511085913014578
stromal_ligand_panel	714	-0.0420713011658048
stromal_ligand_panel	715	0.0601816970927236
stromal_ligand_panel	716	-0.0307275054054401
stromal_ligand_panel	717	0.0365753691945246
stromal_ligand_panel	718	-0.0027710993156015
stromal_ligand_panel	719	0.0120375323508932
stromal_ligand_panel	720	0.0943612568179906
stromal_ligand_panel	721	0.0661136171825251
stromal_ligand_panel	722	0.0108232482452054
stromal_ligand_panel	723	-0.0216718782331218
stromal_ligand_panel	724	0.103148063349128
stromal_ligand_panel	725	-0.0444607620403589
stromal_ligand_panel	726	0.00144917128940907
stromal_ligand_panel	727	0.0719555200072894
stromal_ligand_panel	728	0.0934868305582848
stromal_ligand_panel	729	0.00574978606547342
stromal_ligand_panel	730	0.0699500101732503
stromal_ligand_panel	731	0.0562147295419033
stromal_ligand_panel	732	0.06292023496255
stromal_ligand_panel	733	0.041035332213615
stromal_ligand_panel	734	0.0776334674122611
stromal_ligand_panel	735	0.036095339940835
stromal_ligand_panel	736	0.0375545471667501
stromal_ligand_panel	737	0.0297043713856429
stromal_ligand_panel	738	0.0488479547834581
stromal_ligand_panel	739	0.0276508052327408
stromal_ligand_panel	740	0.00421693785291359
stromal_ligand_panel	741	-0.0222819210487534
stromal_ligand_panel	742	0.0243003691683551
stromal_ligand_panel	743	0.043237257400173
stromal_ligand_panel	744	0.055755752600811
stromal_ligand_panel	745	-0.0259682968095004
stromal_ligand_panel	746	0.046225364720774
stromal_ligand_panel	747	0.0241411869792127
stromal_ligand_panel	748	-0.0405476615538282
stromal_ligand_panel	749	-0.000337149032423977
stromal_ligand_panel	750	0.058776254365343
stromal_ligand_panel	751	-0.099613941656834
stromal_ligand_panel	752	0.0592191532252568
stromal_ligand_panel	753	-0.0121980104651892
stromal_ligand_panel	754	0.0344805297472593
stromal_ligand_panel	755	0.0181133813741794
stromal_ligand_panel	756	0.0137358690798809
stromal_ligand_panel	757	0.0289608602003182
stromal_ligand_panel	758	0.0552940649202411
stromal_ligand_panel	759	0.0367264569647466
stromal_ligand_panel	760	0.00171109673866629
stromal_ligand_panel	761	0.0997799615372941
stromal_ligand_panel	762	-0.0239297157521626
stromal_ligand_panel	763	0.0471230047627923
stromal_ligand_panel	764	-0.0495668894440606
stromal_ligand_panel	765	-0.0084192741707349
stromal_ligand_panel	766	0.0318198875104938
stromal_ligand_panel	767	0.0428685161386915
stromal_ligand_panel	768	0.0900236464905341
stromal_ligand_panel	769	-0.00647155304554954
stromal_ligand_panel	770	0.0378057106302065
stromal_ligand_panel	771	0.0206639915454209
stromal_ligand_panel	772	-0.00403721504023772
stromal_ligand_panel	773	-0.0250420766310777
stromal_ligand_panel	774	0.0191570254572876
stromal_ligand_panel	775	-0.0303803166349487
stromal_ligand_panel	776	0.03482438766376
stromal_ligand_panel	777	-0.0171450328486271
stromal_ligand_panel	778	-0.0388389697480996
stromal_ligand_panel	779	0.0625707220002359
stromal_ligand_panel	780	0.0986152398707452
stromal_ligand_panel	781	0.0158447545296416
stromal_ligand_panel	782	0.0199966695455716
stromal_ligand_panel	783	0.0161065394185372
stromal_ligand_panel	784	-0.00205639069356732
stromal_ligand_panel	785	0.00919089255584344
stromal_ligand_panel	786	0.0534231522526172
stromal_ligand_panel	787	-0.0168906749886185
stromal_ligand_panel	788	0.0471029174732427
stromal_ligand_panel	789	0.0709722145805789
stromal_ligand_panel	790	0.0098461829536074
stromal_ligand_panel	791	0.0157563389010984
stromal_ligand_panel	792	0.0316725142058608
stromal_ligand_panel	793	0.0767748032217471
stromal_ligand_panel	794	0.0337744050239654
stromal_ligand_panel	795	-0.0686596594918876
stromal_ligand_panel	796	-0.0224886760271736
stromal_ligand_panel	797	0.0148058314342653
stromal_ligand_panel	798	-0.0318460994445844
stromal_ligand_panel	799	0.0212372822996113
stromal_ligand_panel	800	0.0304951646807266
stromal_ligand_panel	801	0.0410359115683556
stromal_ligand_panel	802	-0.055406614494152
stromal_ligand_panel	803	0.0407954932807603
stromal_ligand_panel	804	-0.00842829785590204
stromal_ligand_panel	805	0.0526059208404622
stromal_ligand_panel	806	0.0594441378294268
stromal_ligand_panel	807	-0.0150280648937271
stromal_ligand_panel	808	0.0227134516625313
stromal_ligand_panel	809	0.0797381800069197
stromal_ligand_panel	810	0.028561378838312
stromal_ligand_panel	811	0.0141664922445423
stromal_ligand_panel	812	0.0122262164945741
stromal_ligand_panel	813	0.0400315285898897
stromal_ligand_panel	814	0.0313384422823627
stromal_ligand_panel	815	0.00853761746099977
stromal_ligand_panel	816	-0.0163453227249531
stromal_ligand_panel	817	-0.0281646432005283
stromal_ligand_panel	818	0.0628429814003605
stromal_ligand_panel	819	-0.0558483429711632
stromal_ligand_panel	820	0.0460698627477056
stromal_ligand_panel	821	-0.0136505911282459
stromal_ligand_panel	822	0.0342414520328086
stromal_ligand_panel	823	0.0209515597721365
stromal_ligand_panel	824	0.0383472024106909
stromal_ligand_panel	825	0.0709491679638571
stromal_ligand_panel	826	0.0387757979779837
stromal_ligand_panel	827	0.0436200790275771
stromal_ligand_panel	828	0.0229773714021209
stromal_ligand_panel	829	0.0204250161251837
stromal_ligand_panel	830	0.0357684284746864
stromal_ligand_panel	831	0.0349860034597559
stromal_ligand_panel	832	0.08728590052853
stromal_ligand_panel	833	-0.0113798560008039
stromal_ligand_panel	834	0.00337829550209875
stromal_ligand_panel	835	0.0221456728697842
stromal_ligand_panel	836	0.0268874025479927
stromal_ligand_panel	837	0.0080236830446908
stromal_ligand_panel	838	0.0309260267792169
stromal_ligand_panel	839	0.0469831181847545
stromal_ligand_panel	840	0.0151524792065099
stromal_ligand_panel	841	-0.00150700749948415
stromal_ligand_panel	842	0.0310272973528813
stromal_ligand_panel	843	-0.0190579747128594
stromal_ligand_panel	844	-0.0185803681862701
stromal_ligand_panel	845	0.0353773988437343
stromal_ligand_panel	846	0.0170638697566002
stromal_ligand_panel	847	0.0301790643929116
stromal_ligand_panel	848	0.00981469135399662
stromal_ligand_panel	849	0.0762504090856775
stromal_ligand_panel	850	-0.0814823726031522
stromal_ligand_panel	851	0.0337994023095152
stromal_ligand_panel	852	-0.0118829511703761
stromal_ligand_panel	853	0.000734078081146318
stromal_ligand_panel	854	0.00584468942516074
stromal_ligand_panel	855	0.0219790437337832
stromal_ligand_panel	856	0.0398325553281781
stromal_ligand_panel	857	-0.0284534537431771
stromal_ligand_panel	858	-0.0706938415819833
stromal_ligand_panel	859	0.0102859748134381
stromal_ligand_panel	860	0.0344611784263398
stromal_ligand_panel	861	-0.0537107018758207
stromal_ligand_panel	862	-0.0162839208130875
stromal_ligand_panel	863	0.0130909309506634
stromal_ligand_panel	864	0.0379972876156122
stromal_ligand_panel	865	0.0117427110862411
stromal_ligand_panel	866	0.0755996114774099
stromal_ligand_panel	867	0.0480651518213339
stromal_ligand_panel	868	0.0359425137146324
stromal_ligand_panel	869	0.0318719076869848
stromal_ligand_panel	870	0.0633541447483887
stromal_ligand_panel	871	0.0652954733923398
stromal_ligand_panel	872	-0.047837501224751
stromal_ligand_panel	873	0.00782302113307695
stromal_ligand_panel	874	0.0633970554329031
stromal_ligand_panel	875	-0.0385601237067939
stromal_ligand_panel	876	0.0419992798810935
stromal_ligand_panel	877	-0.0558911266664458
stromal_ligand_panel	878	0.0233132605403218
stromal_ligand_panel	879	0.0293215118592943
stromal_ligand_panel	880	-0.0209665813430211
stromal_ligand_panel	881	0.146288312577209
stromal_ligand_panel	882	0.0453286116221958
stromal_ligand_panel	883	0.0247631186584142
stromal_ligand_panel	884	0.0301488332454822
stromal_ligand_panel	885	-0.0156280713095637
stromal_ligand_panel	886	-0.0292575386356551
stromal_ligand_panel	887	0.00208769219358089
stromal_ligand_panel	888	-0.0132581045363013
stromal_ligand_panel	889	0.0220895187469168
stromal_ligand_panel	890	-0.000439704731659224
stromal_ligand_panel	891	0.0541450184693685
stromal_ligand_panel	892	0.0334272849046792
stromal_ligand_panel	893	0.0382376385026953
stromal_ligand_panel	894	0.011720054406332
stromal_ligand_panel	895	-0.0035878306200141
stromal_ligand_panel	896	0.0466691704052506
stromal_ligand_panel	897	0.0137223321160067
stromal_ligand_panel	898	0.0193683047367981
stromal_ligand_panel	899	-0.0470388419171096
stromal_ligand_panel	900	0.0447866542984534
stromal_ligand_panel	901	-0.00231075841861098
stromal_ligand_panel	902	-0.00736942579706141
stromal_ligand_panel	903	0.0504437673157712
stromal_ligand_panel	904	-0.0898463103195481
stromal_ligand_panel	905	-0.045089210310154
stromal_ligand_panel	906	0.0328218556873675
stromal_ligand_panel	907	0.00365107017332333
stromal_ligand_panel	908	0.00199981476314459
stromal_ligand_panel	909	0.0517410360092627
stromal_ligand_panel	910	0.0361493569268271
stromal_ligand_panel	911	-0.100670637595486
stromal_ligand_panel	912	-0.0684160711821955
stromal_ligand_panel	913	0.0531499222504112
stromal_ligand_panel	914	-0.0187557558551866
stromal_ligand_panel	915	-0.0546593458418616
stromal_ligand_panel	916	-0.0718688120601714
stromal_ligand_panel	917	0.0669664299949833
stromal_ligand_panel	918	0.073325994593107
stromal_ligand_panel	919	-0.0467722858995492
stromal_ligand_panel	920	0.100009454552956
stromal_ligand_panel	921	0.0253009795272672
stromal_ligand_panel	922	0.138634753139206
stromal_ligand_panel	923	0.0433318661282652
stromal_ligand_panel	924	-0.0368089185262446
stromal_ligand_panel	925	0.00201018842264468
stromal_ligand_panel	926	0.00525341955717955
stromal_ligand_panel	927	0.000893343347586041
stromal_ligand_panel	928	0.00674522530173953
stromal_ligand_panel	929	-0.0458410820083669
stromal_ligand_panel	930	0.0485924917235432
stromal_ligand_panel	931	0.0201200464880911
stromal_ligand_panel	932	0.0256962374846693
stromal_ligand_panel	933	0.0129713432969601
stromal_ligand_panel	934	0.0485321032085339
stromal_ligand_panel	935	-0.0386402510223697
stromal_ligand_panel	936	0.0215386592161957
stromal_ligand_panel	937	0.00510258108457749
stromal_ligand_panel	938	-0.0120491805967581
stromal_ligand_panel	939	0.0222619365178456
stromal_ligand_panel	940	0.036758771313123
stromal_ligand_panel	941	0.00735899125550707
stromal_ligand_panel	942	0.000286700277915195
stromal_ligand_panel	943	-0.00249595881608434
stromal_ligand_panel	944	-0.0357788654400545
stromal_ligand_panel	945	-0.019556283706955
stromal_ligand_panel	946	0.0329548384123475
stromal_ligand_panel	947	0.0774512348026511
stromal_ligand_panel	948	0.00639333941427723
stromal_ligand_panel	949	-0.027649184608121
stromal_ligand_panel	950	0.0284217258786696
stromal_ligand_panel	951	0.00483558138081853
stromal_ligand_panel	952	0.0445217637489777
stromal_ligand_panel	953	-0.0331091119777936
stromal_ligand_panel	954	0.0547470360924698
stromal_ligand_panel	955	-0.00875869515691441
stromal_ligand_panel	956	0.011050423247972
stromal_ligand_panel	957	0.0470921474841302
stromal_ligand_panel	958	0.00266875512369701
stromal_ligand_panel	959	0.0432989033356476
stromal_ligand_panel	960	-0.0243126354310233
stromal_ligand_panel	961	-0.0347237170015834
stromal_ligand_panel	962	0.0405476738749493
stromal_ligand_panel	963	-0.0522470439705805
stromal_ligand_panel	964	0.0228135633850792
stromal_ligand_panel	965	0.0315027133277632
stromal_ligand_panel	966	0.0304947496510117
stromal_ligand_panel	967	0.0102890010008318
stromal_ligand_panel	968	0.0298468490283423
stromal_ligand_panel	969	0.0792824576137553
stromal_ligand_panel	970	-0.00463854340048842
stromal_ligand_panel	971	0.0318916107270003
stromal_ligand_panel	972	0.0608816957829358
stromal_ligand_panel	973	0.0502574435790615
stromal_ligand_panel	974	0.0601226426714357
stromal_ligand_panel	975	-0.0228039179808234
stromal_ligand_panel	976	0.0311440965498704
stromal_ligand_panel	977	0.0325248105809972
stromal_ligand_panel	978	0.0938407078487765
stromal_ligand_panel	979	-0.0272850308267991
stromal_ligand_panel	980	-0.0217854461986313
stromal_ligand_panel	981	0.0777671974983835
stromal_ligand_panel	982	-0.0411611270994532
stromal_ligand_panel	983	0.00320888613337758
stromal_ligand_panel	984	0.0042908189143831
stromal_ligand_panel	985	-0.0341305561651619
stromal_ligand_panel	986	0.0733058719675718
stromal_ligand_panel	987	0.0407039481141774
stromal_ligand_panel	988	0.004589704067923
stromal_ligand_panel	989	0.0629396837933409
stromal_ligand_panel	990	0.0227188803915085
stromal_ligand_panel	991	0.0968609408750959
stromal_ligand_panel	992	0.0642550451940597
stromal_ligand_panel	993	0.0346063742135921
stromal_ligand_panel	994	0.0232429271578915
stromal_ligand_panel	995	-0.0485387749108257
stromal_ligand_panel	996	0.0527927196666806
stromal_ligand_panel	997	0.0578585620507691
stromal_ligand_panel	998	0.0189114086883227
stromal_ligand_panel	999	-0.0644795626312309
stromal_ligand_panel	1000	0.0532769245667104
d7_acute_wound_alignment	1	0.0111027600447961
d7_acute_wound_alignment	2	0.014896983633786
d7_acute_wound_alignment	3	0.0223401971973944
d7_acute_wound_alignment	4	0.019522725226985
d7_acute_wound_alignment	5	0.025811859808436
d7_acute_wound_alignment	6	0.0142811169040807
d7_acute_wound_alignment	7	0.0244365933570053
d7_acute_wound_alignment	8	0.0159306660474979
d7_acute_wound_alignment	9	0.0325258611647258
d7_acute_wound_alignment	10	0.00343687486147759
d7_acute_wound_alignment	11	0.0291018897639438
d7_acute_wound_alignment	12	0.0195282764585153
d7_acute_wound_alignment	13	0.009906229611119
d7_acute_wound_alignment	14	0.00657872628249706
d7_acute_wound_alignment	15	0.00790673311976651
d7_acute_wound_alignment	16	0.00751420285406471
d7_acute_wound_alignment	17	0.00974368628699738
d7_acute_wound_alignment	18	0.0135633737134794
d7_acute_wound_alignment	19	0.0372589321334695
d7_acute_wound_alignment	20	0.0265646546366025
d7_acute_wound_alignment	21	0.0213001196973108
d7_acute_wound_alignment	22	0.0222730714860212
d7_acute_wound_alignment	23	0.0374048240195874
d7_acute_wound_alignment	24	0.0167608490857757
d7_acute_wound_alignment	25	0.0086537296623833
d7_acute_wound_alignment	26	0.0146930202914331
d7_acute_wound_alignment	27	0.04223693949872
d7_acute_wound_alignment	28	0.0178594276553848
d7_acute_wound_alignment	29	0.00954199126218768
d7_acute_wound_alignment	30	0.0247306489874446
d7_acute_wound_alignment	31	-0.00538880642568528
d7_acute_wound_alignment	32	0.0416968845678339
d7_acute_wound_alignment	33	0.0201097140394414
d7_acute_wound_alignment	34	0.0197195014289695
d7_acute_wound_alignment	35	0.0154419758920079
d7_acute_wound_alignment	36	0.016618323579018
d7_acute_wound_alignment	37	0.00369424608673622
d7_acute_wound_alignment	38	0.024914300033812
d7_acute_wound_alignment	39	0.00104014221045702
d7_acute_wound_alignment	40	0.0274756959715098
d7_acute_wound_alignment	41	0.020988715216473
d7_acute_wound_alignment	42	0.0181880692956662
d7_acute_wound_alignment	43	0.0227722168127349
d7_acute_wound_alignment	44	-0.00949544409998556
d7_acute_wound_alignment	45	0.0450403357461264
d7_acute_wound_alignment	46	0.00586774091770173
d7_acute_wound_alignment	47	0.0272909612800115
d7_acute_wound_alignment	48	0.0285038551174243
d7_acute_wound_alignment	49	0.00993016578450804
d7_acute_wound_alignment	50	0.021876998048402
d7_acute_wound_alignment	51	0.0201826581022919
d7_acute_wound_alignment	52	0.00579171657307409
d7_acute_wound_alignment	53	0.0264482140006001
d7_acute_wound_alignment	54	0.0224550368451217
d7_acute_wound_alignment	55	0.00607972560217532
d7_acute_wound_alignment	56	0.0172645213970103
d7_acute_wound_alignment	57	0.0285875925350121
d7_acute_wound_alignment	58	0.015496212934935
d7_acute_wound_alignment	59	0.0274072553203247
d7_acute_wound_alignment	60	0.00707882265301667
d7_acute_wound_alignment	61	0.0123827982824088
d7_acute_wound_alignment	62	0.00411156413347145
d7_acute_wound_alignment	63	0.0314249973292037
d7_acute_wound_alignment	64	0.0342407752321027
d7_acute_wound_alignment	65	0.0160573822207326
d7_acute_wound_alignment	66	0.0145937380001068
d7_acute_wound_alignment	67	0.0135463300221891
d7_acute_wound_alignment	68	0.0168229179816727
d7_acute_wound_alignment	69	0.0188635149911969
d7_acute_wound_alignment	70	0.0103617009071083
d7_acute_wound_alignment	71	0.0206516624143673
d7_acute_wound_alignment	72	0.0199104360354762
d7_acute_wound_alignment	73	0.025546360438592
d7_acute_wound_alignment	74	0.0084719880175243
d7_acute_wound_alignment	75	0.0230886497729723
d7_acute_wound_alignment	76	0.0203640889166639
d7_acute_wound_alignment	77	0.026888989100359
d7_acute_wound_alignment	78	0.0194149097480624
d7_acute_wound_alignment	79	0.0283445829409232
d7_acute_wound_alignment	80	0.0243075144626561
d7_acute_wound_alignment	81	0.00579049188561222
d7_acute_wound_alignment	82	0.0356619027969989
d7_acute_wound_alignment	83	0.00076732082712573
d7_acute_wound_alignment	84	0.0188554649541445
d7_acute_wound_alignment	85	0.0256313432438748
d7_acute_wound_alignment	86	0.0241937223153033
d7_acute_wound_alignment	87	0.0112924696078233
d7_acute_wound_alignment	88	0.0175833295669661
d7_acute_wound_alignment	89	-0.0113393695293996
d7_acute_wound_alignment	90	0.0375637549332882
d7_acute_wound_alignment	91	-0.0012932072332984
d7_acute_wound_alignment	92	0.023085419420239
d7_acute_wound_alignment	93	0.04720740416465
d7_acute_wound_alignment	94	0.0103064875159008
d7_acute_wound_alignment	95	0.0199059347888036
d7_acute_wound_alignment	96	0.0143880480391471
d7_acute_wound_alignment	97	0.00856586572537322
d7_acute_wound_alignment	98	0.00611869836716947
d7_acute_wound_alignment	99	0.0210148176138518
d7_acute_wound_alignment	100	0.024635295896526
d7_acute_wound_alignment	101	0.00130392038839706
d7_acute_wound_alignment	102	0.0147893956399046
d7_acute_wound_alignment	103	0.0166864518170718
d7_acute_wound_alignment	104	0.00774772557733463
d7_acute_wound_alignment	105	0.0250658393481756
d7_acute_wound_alignment	106	0.0142992299971874
d7_acute_wound_alignment	107	0.0393432496000613
d7_acute_wound_alignment	108	0.00159125644150691
d7_acute_wound_alignment	109	0.000811806875899195
d7_acute_wound_alignment	110	0.0157987583706496
d7_acute_wound_alignment	111	0.00303191801987263
d7_acute_wound_alignment	112	-0.00721238715671625
d7_acute_wound_alignment	113	0.028379270416783
d7_acute_wound_alignment	114	-0.00260887179388501
d7_acute_wound_alignment	115	0.0282941303625329
d7_acute_wound_alignment	116	0.0415046619128376
d7_acute_wound_alignment	117	0.0161812123649898
d7_acute_wound_alignment	118	0.0242364775817171
d7_acute_wound_alignment	119	0.0254910427366193
d7_acute_wound_alignment	120	0.0103426464619965
d7_acute_wound_alignment	121	0.0192001380830342
d7_acute_wound_alignment	122	0.0156889524799093
d7_acute_wound_alignment	123	0.0246634264686556
d7_acute_wound_alignment	124	0.0105922311640219
d7_acute_wound_alignment	125	0.00796598694097139
d7_acute_wound_alignment	126	0.0185634727321855
d7_acute_wound_alignment	127	0.0351571111379926
d7_acute_wound_alignment	128	0.0471819446530589
d7_acute_wound_alignment	129	0.026145805154951
d7_acute_wound_alignment	130	0.0256995119811051
d7_acute_wound_alignment	131	0.0142761374305378
d7_acute_wound_alignment	132	0.0348454860274226
d7_acute_wound_alignment	133	0.001730463975923
d7_acute_wound_alignment	134	0.0153758885494674
d7_acute_wound_alignment	135	3.73222558572367e-05
d7_acute_wound_alignment	136	0.0274745673967048
d7_acute_wound_alignment	137	0.0126571518475333
d7_acute_wound_alignment	138	0.0245638863571224
d7_acute_wound_alignment	139	0.0398378183374584
d7_acute_wound_alignment	140	0.0232599887916135
d7_acute_wound_alignment	141	0.0313283929583296
d7_acute_wound_alignment	142	0.0143046032461114
d7_acute_wound_alignment	143	0.0153280701510241
d7_acute_wound_alignment	144	0.0152074094636665
d7_acute_wound_alignment	145	0.0309107600822121
d7_acute_wound_alignment	146	0.0355108558511017
d7_acute_wound_alignment	147	0.0342927834089652
d7_acute_wound_alignment	148	0.0393951973963025
d7_acute_wound_alignment	149	0.0348735946268337
d7_acute_wound_alignment	150	0.0262218601536564
d7_acute_wound_alignment	151	0.0135510798689691
d7_acute_wound_alignment	152	-0.00695760906610316
d7_acute_wound_alignment	153	0.0210033945712353
d7_acute_wound_alignment	154	0.0224544740950446
d7_acute_wound_alignment	155	0.00383810271621662
d7_acute_wound_alignment	156	0.0147411478517016
d7_acute_wound_alignment	157	0.0340035820572003
d7_acute_wound_alignment	158	0.0222960829911628
d7_acute_wound_alignment	159	0.0160319995088716
d7_acute_wound_alignment	160	0.0127252549432363
d7_acute_wound_alignment	161	0.0192010284819662
d7_acute_wound_alignment	162	0.0261696926752251
d7_acute_wound_alignment	163	0.00898869430943093
d7_acute_wound_alignment	164	0.00269405709597165
d7_acute_wound_alignment	165	0.0308196042058731
d7_acute_wound_alignment	166	0.014269666785333
d7_acute_wound_alignment	167	0.0084503343117361
d7_acute_wound_alignment	168	0.0335043931210212
d7_acute_wound_alignment	169	0.0246579040469807
d7_acute_wound_alignment	170	0.0170079341343984
d7_acute_wound_alignment	171	0.0316290658849651
d7_acute_wound_alignment	172	0.0107438830336042
d7_acute_wound_alignment	173	0.025802805509388
d7_acute_wound_alignment	174	-0.00603559673249544
d7_acute_wound_alignment	175	0.00560396440996098
d7_acute_wound_alignment	176	0.0364679574661567
d7_acute_wound_alignment	177	0.0273451835383401
d7_acute_wound_alignment	178	0.0239778050117129
d7_acute_wound_alignment	179	0.0193987323540263
d7_acute_wound_alignment	180	0.0123650589412724
d7_acute_wound_alignment	181	0.0144737649194474
d7_acute_wound_alignment	182	0.00892610746559728
d7_acute_wound_alignment	183	0.0136192180820487
d7_acute_wound_alignment	184	0.0184639459716116
d7_acute_wound_alignment	185	0.0127472014494763
d7_acute_wound_alignment	186	0.0298878736419916
d7_acute_wound_alignment	187	0.0351473593595903
d7_acute_wound_alignment	188	0.00375720364958265
d7_acute_wound_alignment	189	0.0264877925477547
d7_acute_wound_alignment	190	0.0284416553771507
d7_acute_wound_alignment	191	0.000144840092455828
d7_acute_wound_alignment	192	0.0209879362196393
d7_acute_wound_alignment	193	0.013321711494011
d7_acute_wound_alignment	194	0.008945543931999
d7_acute_wound_alignment	195	0.0176123164790866
d7_acute_wound_alignment	196	0.0255266205801808
d7_acute_wound_alignment	197	0.0184920106911912
d7_acute_wound_alignment	198	0.0199390837866735
d7_acute_wound_alignment	199	-0.0174347734096378
d7_acute_wound_alignment	200	0.00883585032298312
d7_acute_wound_alignment	201	0.015668872412979
d7_acute_wound_alignment	202	0.020048858031228
d7_acute_wound_alignment	203	0.00158709391618894
d7_acute_wound_alignment	204	0.0328671149174491
d7_acute_wound_alignment	205	0.0358525701833831
d7_acute_wound_alignment	206	0.0143335640366628
d7_acute_wound_alignment	207	0.0233450535918441
d7_acute_wound_alignment	208	0.00416989225252192
d7_acute_wound_alignment	209	0.0204391871046878
d7_acute_wound_alignment	210	0.0129309153846528
d7_acute_wound_alignment	211	0.0133674571669432
d7_acute_wound_alignment	212	0.00767119729716095
d7_acute_wound_alignment	213	0.0276901921412886
d7_acute_wound_alignment	214	0.030489629881403
d7_acute_wound_alignment	215	-0.00959102243606689
d7_acute_wound_alignment	216	0.0242178182210652
d7_acute_wound_alignment	217	0.0271216093498724
d7_acute_wound_alignment	218	0.0306217069348167
d7_acute_wound_alignment	219	0.016503657771321
d7_acute_wound_alignment	220	0.00736482560090074
d7_acute_wound_alignment	221	0.00523469595347698
d7_acute_wound_alignment	222	0.0293209914117043
d7_acute_wound_alignment	223	0.0145037698993625
d7_acute_wound_alignment	224	0.0168874644924664
d7_acute_wound_alignment	225	0.0130531875432077
d7_acute_wound_alignment	226	0.0123768251635513
d7_acute_wound_alignment	227	-0.000635532364331346
d7_acute_wound_alignment	228	0.0203048803563551
d7_acute_wound_alignment	229	0.00396778196951881
d7_acute_wound_alignment	230	0.0188731922974126
d7_acute_wound_alignment	231	0.0140397682634803
d7_acute_wound_alignment	232	0.0212294580009198
d7_acute_wound_alignment	233	0.0268857069105811
d7_acute_wound_alignment	234	0.0075005598635327
d7_acute_wound_alignment	235	0.041767199193631
d7_acute_wound_alignment	236	0.0106453404866938
d7_acute_wound_alignment	237	0.00622938908121279
d7_acute_wound_alignment	238	0.0380386478179348
d7_acute_wound_alignment	239	0.00922326136988262
d7_acute_wound_alignment	240	0.0317535455676288
d7_acute_wound_alignment	241	0.0199527099019496
d7_acute_wound_alignment	242	0.0127709845550524
d7_acute_wound_alignment	243	0.0164681660333681
d7_acute_wound_alignment	244	0.0414321070035543
d7_acute_wound_alignment	245	0.0156388227472061
d7_acute_wound_alignment	246	0.0211034570116106
d7_acute_wound_alignment	247	0.0272104173834614
d7_acute_wound_alignment	248	0.0111221138837113
d7_acute_wound_alignment	249	0.0379312657147651
d7_acute_wound_alignment	250	0.0322630689643036
d7_acute_wound_alignment	251	0.00243888526421203
d7_acute_wound_alignment	252	0.0314220220986353
d7_acute_wound_alignment	253	0.0107336992455225
d7_acute_wound_alignment	254	0.0226369895169344
d7_acute_wound_alignment	255	0.00289839267905047
d7_acute_wound_alignment	256	0.0210090029886637
d7_acute_wound_alignment	257	0.0141893757567406
d7_acute_wound_alignment	258	0.0212812425855765
d7_acute_wound_alignment	259	0.0191205639339741
d7_acute_wound_alignment	260	0.0103711704230165
d7_acute_wound_alignment	261	0.0357052625103423
d7_acute_wound_alignment	262	0.017350573426013
d7_acute_wound_alignment	263	0.0321513890505949
d7_acute_wound_alignment	264	0.0103525455391906
d7_acute_wound_alignment	265	0.00611275521921045
d7_acute_wound_alignment	266	0.0190237029418125
d7_acute_wound_alignment	267	0.0117040942469209
d7_acute_wound_alignment	268	0.0394622685845504
d7_acute_wound_alignment	269	0.0290621050054285
d7_acute_wound_alignment	270	0.00653182494808687
d7_acute_wound_alignment	271	0.0300426067311716
d7_acute_wound_alignment	272	0.000461428121636462
d7_acute_wound_alignment	273	0.0212093959343376
d7_acute_wound_alignment	274	0.00528330663488373
d7_acute_wound_alignment	275	0.0111884792309369
d7_acute_wound_alignment	276	0.0121648150290762
d7_acute_wound_alignment	277	0.00082878434775674
d7_acute_wound_alignment	278	0.0330067366402729
d7_acute_wound_alignment	279	0.0226994131100757
d7_acute_wound_alignment	280	0.0419402504181635
d7_acute_wound_alignment	281	0.00321494687251678
d7_acute_wound_alignment	282	0.0080312361341372
d7_acute_wound_alignment	283	0.0214827206453397
d7_acute_wound_alignment	284	0.0244939195244767
d7_acute_wound_alignment	285	0.0109299078251985
d7_acute_wound_alignment	286	0.0110127582453232
d7_acute_wound_alignment	287	0.0193285082009521
d7_acute_wound_alignment	288	0.00172887906389465
d7_acute_wound_alignment	289	0.00645656758748226
d7_acute_wound_alignment	290	0.0247723468685596
d7_acute_wound_alignment	291	0.0132381622457923
d7_acute_wound_alignment	292	0.0105018477113004
d7_acute_wound_alignment	293	0.00115677406302849
d7_acute_wound_alignment	294	0.0288830902371034
d7_acute_wound_alignment	295	0.00154836749448211
d7_acute_wound_alignment	296	0.025731319199593
d7_acute_wound_alignment	297	0.0108030471157545
d7_acute_wound_alignment	298	0.00238645777847292
d7_acute_wound_alignment	299	6.28355893870068e-05
d7_acute_wound_alignment	300	0.0186862416729048
d7_acute_wound_alignment	301	0.00212336357932182
d7_acute_wound_alignment	302	0.0185781708796522
d7_acute_wound_alignment	303	0.0308927225165958
d7_acute_wound_alignment	304	0.0236846083257626
d7_acute_wound_alignment	305	0.0264207592907802
d7_acute_wound_alignment	306	0.023263609215384
d7_acute_wound_alignment	307	0.00358671212731977
d7_acute_wound_alignment	308	0.0236067736036292
d7_acute_wound_alignment	309	0.00634238426814016
d7_acute_wound_alignment	310	0.0311843619595794
d7_acute_wound_alignment	311	0.0148169879103153
d7_acute_wound_alignment	312	0.0310810904722444
d7_acute_wound_alignment	313	0.0469857605584309
d7_acute_wound_alignment	314	0.0198343876633425
d7_acute_wound_alignment	315	0.0136952993577017
d7_acute_wound_alignment	316	0.0291157417454178
d7_acute_wound_alignment	317	-0.00609748800272728
d7_acute_wound_alignment	318	0.0113269040655003
d7_acute_wound_alignment	319	0.00655187759526253
d7_acute_wound_alignment	320	0.0218346674563686
d7_acute_wound_alignment	321	0.0329890604734304
d7_acute_wound_alignment	322	0.0275016964478432
d7_acute_wound_alignment	323	0.0225246168025402
d7_acute_wound_alignment	324	-0.000244372735504657
d7_acute_wound_alignment	325	0.0216622243010764
d7_acute_wound_alignment	326	0.0184405410326057
d7_acute_wound_alignment	327	0.0113920794032149
d7_acute_wound_alignment	328	0.0240418340543429
d7_acute_wound_alignment	329	0.0292313604587544
d7_acute_wound_alignment	330	0.0129515256230941
d7_acute_wound_alignment	331	0.00601512466878112
d7_acute_wound_alignment	332	0.0107651741297607
d7_acute_wound_alignment	333	0.0151551810823546
d7_acute_wound_alignment	334	0.0156970312603535
d7_acute_wound_alignment	335	-0.00393383730974947
d7_acute_wound_alignment	336	0.0218368042033725
d7_acute_wound_alignment	337	0.0077499832012674
d7_acute_wound_alignment	338	0.0334000182922276
d7_acute_wound_alignment	339	0.0167841511910507
d7_acute_wound_alignment	340	0.0122219918004555
d7_acute_wound_alignment	341	0.0244461037429717
d7_acute_wound_alignment	342	0.0324889263519724
d7_acute_wound_alignment	343	0.026645283253434
d7_acute_wound_alignment	344	0.0147755829625929
d7_acute_wound_alignment	345	0.01959623494155
d7_acute_wound_alignment	346	0.0113611074357039
d7_acute_wound_alignment	347	0.022399290906257
d7_acute_wound_alignment	348	0.0239562376516625
d7_acute_wound_alignment	349	0.0125543895254861
d7_acute_wound_alignment	350	-0.00120573355596884
d7_acute_wound_alignment	351	0.0190769559476191
d7_acute_wound_alignment	352	0.024392680723047
d7_acute_wound_alignment	353	0.00935130458935386
d7_acute_wound_alignment	354	0.0267185435079742
d7_acute_wound_alignment	355	0.0275918287480803
d7_acute_wound_alignment	356	0.0174960049000078
d7_acute_wound_alignment	357	0.0161771637129981
d7_acute_wound_alignment	358	0.00382632505409416
d7_acute_wound_alignment	359	0.0197107164187032
d7_acute_wound_alignment	360	0.0251328498269459
d7_acute_wound_alignment	361	0.0173249779433732
d7_acute_wound_alignment	362	0.0178773982451073
d7_acute_wound_alignment	363	0.0112829909745534
d7_acute_wound_alignment	364	0.0269859269092974
d7_acute_wound_alignment	365	0.00114291228322325
d7_acute_wound_alignment	366	0.0120967680589384
d7_acute_wound_alignment	367	0.00935490557048492
d7_acute_wound_alignment	368	0.0207089542095389
d7_acute_wound_alignment	369	0.0226842914769454
d7_acute_wound_alignment	370	0.0143741899260075
d7_acute_wound_alignment	371	0.0172345794482645
d7_acute_wound_alignment	372	0.0102760083624884
d7_acute_wound_alignment	373	0.0065530057864934
d7_acute_wound_alignment	374	0.0123070611025433
d7_acute_wound_alignment	375	0.026550392823165
d7_acute_wound_alignment	376	0.0189154264144234
d7_acute_wound_alignment	377	0.0286740270886266
d7_acute_wound_alignment	378	0.0028179476031127
d7_acute_wound_alignment	379	0.0253267032217152
d7_acute_wound_alignment	380	0.0335153565342802
d7_acute_wound_alignment	381	0.011685283240219
d7_acute_wound_alignment	382	0.0210623014241216
d7_acute_wound_alignment	383	0.0143552193956165
d7_acute_wound_alignment	384	0.00227224512130934
d7_acute_wound_alignment	385	0.0138253570958873
d7_acute_wound_alignment	386	0.00781470215604707
d7_acute_wound_alignment	387	0.0190934991713722
d7_acute_wound_alignment	388	0.0261733807516166
d7_acute_wound_alignment	389	0.0109791591949506
d7_acute_wound_alignment	390	0.0285657866523108
d7_acute_wound_alignment	391	0.0238295557695023
d7_acute_wound_alignment	392	0.0297453041925855
d7_acute_wound_alignment	393	0.00891615475471252
d7_acute_wound_alignment	394	0.0282002613370799
d7_acute_wound_alignment	395	0.0104110317650529
d7_acute_wound_alignment	396	0.0244831761827063
d7_acute_wound_alignment	397	0.0221843691005035
d7_acute_wound_alignment	398	0.0284860705437596
d7_acute_wound_alignment	399	0.0162768634118567
d7_acute_wound_alignment	400	0.022515239274814
d7_acute_wound_alignment	401	0.00599897433672714
d7_acute_wound_alignment	402	0.0249501373880733
d7_acute_wound_alignment	403	0.0149154176229634
d7_acute_wound_alignment	404	0.00136676053915875
d7_acute_wound_alignment	405	0.0317378204938854
d7_acute_wound_alignment	406	0.0397689143386223
d7_acute_wound_alignment	407	0.0100813192695268
d7_acute_wound_alignment	408	0.0246696479544242
d7_acute_wound_alignment	409	0.0206031138994495
d7_acute_wound_alignment	410	0.0138087972532452
d7_acute_wound_alignment	411	-0.00928603231924351
d7_acute_wound_alignment	412	0.027768361166728
d7_acute_wound_alignment	413	0.0378234119636835
d7_acute_wound_alignment	414	0.0239477543327997
d7_acute_wound_alignment	415	0.00958258057119743
d7_acute_wound_alignment	416	0.0215452339909408
d7_acute_wound_alignment	417	0.00445777428423339
d7_acute_wound_alignment	418	0.0216758950086277
d7_acute_wound_alignment	419	0.0225724948244506
d7_acute_wound_alignment	420	0.0208455246088266
d7_acute_wound_alignment	421	0.031015553151999
d7_acute_wound_alignment	422	0.0247697891846515
d7_acute_wound_alignment	423	0.0268658812522148
d7_acute_wound_alignment	424	0.0180907940645088
d7_acute_wound_alignment	425	0.0220280121279609
d7_acute_wound_alignment	426	0.0163532794765179
d7_acute_wound_alignment	427	0.0240793722750983
d7_acute_wound_alignment	428	0.0200219311844001
d7_acute_wound_alignment	429	0.0193515895466186
d7_acute_wound_alignment	430	0.00290338091571246
d7_acute_wound_alignment	431	-0.00857258303539311
d7_acute_wound_alignment	432	0.00269409431806991
d7_acute_wound_alignment	433	0.0150721771322927
d7_acute_wound_alignment	434	0.0335611600580543
d7_acute_wound_alignment	435	0.0301560498969428
d7_acute_wound_alignment	436	0.0193051982931891
d7_acute_wound_alignment	437	0.0159700233824049
d7_acute_wound_alignment	438	0.0172228363251581
d7_acute_wound_alignment	439	0.0275886868125947
d7_acute_wound_alignment	440	0.0291636624648177
d7_acute_wound_alignment	441	-0.000320548740240981
d7_acute_wound_alignment	442	0.0135450162785933
d7_acute_wound_alignment	443	0.00893515521676095
d7_acute_wound_alignment	444	0.0237921398162617
d7_acute_wound_alignment	445	0.0163264779873297
d7_acute_wound_alignment	446	0.0126975832301873
d7_acute_wound_alignment	447	0.0024097604860846
d7_acute_wound_alignment	448	0.0222684407178187
d7_acute_wound_alignment	449	0.0147274913506516
d7_acute_wound_alignment	450	0.0111729447165862
d7_acute_wound_alignment	451	0.00508124110464816
d7_acute_wound_alignment	452	-0.00769941331472016
d7_acute_wound_alignment	453	0.00490795068443799
d7_acute_wound_alignment	454	0.0201863482781584
d7_acute_wound_alignment	455	0.0434501856320902
d7_acute_wound_alignment	456	0.00656282818702944
d7_acute_wound_alignment	457	0.0296577886116103
d7_acute_wound_alignment	458	0.0123250198766509
d7_acute_wound_alignment	459	0.0228094990938895
d7_acute_wound_alignment	460	0.0093715131292363
d7_acute_wound_alignment	461	0.0122659550864449
d7_acute_wound_alignment	462	0.024210735860293
d7_acute_wound_alignment	463	0.0475530823438146
d7_acute_wound_alignment	464	0.0114919973040081
d7_acute_wound_alignment	465	0.0102339295910892
d7_acute_wound_alignment	466	0.00166497909247947
d7_acute_wound_alignment	467	0.0175967075336677
d7_acute_wound_alignment	468	0.0065712420654561
d7_acute_wound_alignment	469	0.00286522821476791
d7_acute_wound_alignment	470	0.030082579524082
d7_acute_wound_alignment	471	0.0213649047935259
d7_acute_wound_alignment	472	0.0285111352994945
d7_acute_wound_alignment	473	0.0364623810323931
d7_acute_wound_alignment	474	0.0258666233928085
d7_acute_wound_alignment	475	0.0254549515838607
d7_acute_wound_alignment	476	0.0103165298006854
d7_acute_wound_alignment	477	-0.00174339678788838
d7_acute_wound_alignment	478	0.0314338150839525
d7_acute_wound_alignment	479	0.0150218571330676
d7_acute_wound_alignment	480	0.0162301390093088
d7_acute_wound_alignment	481	0.032842254849967
d7_acute_wound_alignment	482	0.0244386494739803
d7_acute_wound_alignment	483	0.015883515609631
d7_acute_wound_alignment	484	0.0165117604296225
d7_acute_wound_alignment	485	0.00477506586695159
d7_acute_wound_alignment	486	0.0329870114550497
d7_acute_wound_alignment	487	0.0166339181617031
d7_acute_wound_alignment	488	0.0297155650919904
d7_acute_wound_alignment	489	0.0274156615768452
d7_acute_wound_alignment	490	0.0414810524618758
d7_acute_wound_alignment	491	0.0155697652316676
d7_acute_wound_alignment	492	-0.00052915394092594
d7_acute_wound_alignment	493	0.00616468136404894
d7_acute_wound_alignment	494	0.0186095838833015
d7_acute_wound_alignment	495	0.0113303238525903
d7_acute_wound_alignment	496	0.0214894134084982
d7_acute_wound_alignment	497	0.00447762445622769
d7_acute_wound_alignment	498	-0.00116541119764426
d7_acute_wound_alignment	499	0.0250642482492968
d7_acute_wound_alignment	500	0.0114602297377175
d7_acute_wound_alignment	501	0.00981090346219645
d7_acute_wound_alignment	502	0.0298657867197249
d7_acute_wound_alignment	503	0.0129395173261739
d7_acute_wound_alignment	504	0.0194388644572805
d7_acute_wound_alignment	505	0.0140631595585126
d7_acute_wound_alignment	506	0.00451000370118161
d7_acute_wound_alignment	507	0.0286134432062737
d7_acute_wound_alignment	508	-0.000915993349492007
d7_acute_wound_alignment	509	0.0132429602631821
d7_acute_wound_alignment	510	-0.000510908904325279
d7_acute_wound_alignment	511	0.0364271654416819
d7_acute_wound_alignment	512	0.0387031454633923
d7_acute_wound_alignment	513	0.00751759349293356
d7_acute_wound_alignment	514	0.0221394661577778
d7_acute_wound_alignment	515	0.0267510084020423
d7_acute_wound_alignment	516	0.0192532099567469
d7_acute_wound_alignment	517	-0.00957588375907956
d7_acute_wound_alignment	518	0.0226557812691153
d7_acute_wound_alignment	519	0.0163633097091215
d7_acute_wound_alignment	520	0.032176405864455
d7_acute_wound_alignment	521	0.0229217231180553
d7_acute_wound_alignment	522	0.0162360947032777
d7_acute_wound_alignment	523	0.0358368727034385
d7_acute_wound_alignment	524	0.0255738076652481
d7_acute_wound_alignment	525	0.0244932970144081
d7_acute_wound_alignment	526	0.0144268237652198
d7_acute_wound_alignment	527	0.0196496785687117
d7_acute_wound_alignment	528	0.0253752674313494
d7_acute_wound_alignment	529	0.0516647868548164
d7_acute_wound_alignment	530	0.0180258211945591
d7_acute_wound_alignment	531	0.0256632986493834
d7_acute_wound_alignment	532	0.0127208178034472
d7_acute_wound_alignment	533	-0.00616631284066588
d7_acute_wound_alignment	534	0.036387127233421
d7_acute_wound_alignment	535	0.0185663421323357
d7_acute_wound_alignment	536	0.0012548757456938
d7_acute_wound_alignment	537	0.0377095932960246
d7_acute_wound_alignment	538	0.0196310555990783
d7_acute_wound_alignment	539	0.0311991729724195
d7_acute_wound_alignment	540	0.00909937559125562
d7_acute_wound_alignment	541	0.0156613485133497
d7_acute_wound_alignment	542	0.0155320564221569
d7_acute_wound_alignment	543	0.0182044030456307
d7_acute_wound_alignment	544	0.0229973165879084
d7_acute_wound_alignment	545	0.000162618255761084
d7_acute_wound_alignment	546	0.0261731134470965
d7_acute_wound_alignment	547	0.0230952725152677
d7_acute_wound_alignment	548	0.0380374292042536
d7_acute_wound_alignment	549	-0.000198552963851161
d7_acute_wound_alignment	550	0.00749192393665598
d7_acute_wound_alignment	551	0.0251110329169553
d7_acute_wound_alignment	552	0.0311360585074144
d7_acute_wound_alignment	553	0.0257151902254188
d7_acute_wound_alignment	554	0.0214940238816219
d7_acute_wound_alignment	555	0.0326569746888423
d7_acute_wound_alignment	556	-0.00429903107945739
d7_acute_wound_alignment	557	0.00365745942810607
d7_acute_wound_alignment	558	0.00674793797636578
d7_acute_wound_alignment	559	0.0186749414340398
d7_acute_wound_alignment	560	0.024388181479036
d7_acute_wound_alignment	561	0.0215839075189488
d7_acute_wound_alignment	562	0.0132814279541097
d7_acute_wound_alignment	563	0.0173952075602627
d7_acute_wound_alignment	564	0.0361360077473376
d7_acute_wound_alignment	565	0.0112953693341445
d7_acute_wound_alignment	566	0.030781874247738
d7_acute_wound_alignment	567	0.00588889121158628
d7_acute_wound_alignment	568	0.0362875243104079
d7_acute_wound_alignment	569	0.00961153821273112
d7_acute_wound_alignment	570	0.0205707395699629
d7_acute_wound_alignment	571	0.0495816165420288
d7_acute_wound_alignment	572	-0.0116822592188896
d7_acute_wound_alignment	573	0.0135110873223108
d7_acute_wound_alignment	574	0.0113168568204806
d7_acute_wound_alignment	575	0.0359624053597267
d7_acute_wound_alignment	576	0.00899869406192812
d7_acute_wound_alignment	577	0.00990476822293975
d7_acute_wound_alignment	578	-0.0125432940854267
d7_acute_wound_alignment	579	0.0351572883426972
d7_acute_wound_alignment	580	0.0305815021777296
d7_acute_wound_alignment	581	0.0109358479125048
d7_acute_wound_alignment	582	0.00622186713394182
d7_acute_wound_alignment	583	0.0249607125885807
d7_acute_wound_alignment	584	0.0189482237275572
d7_acute_wound_alignment	585	0.025113315708204
d7_acute_wound_alignment	586	0.0265650659855711
d7_acute_wound_alignment	587	0.0210641526127492
d7_acute_wound_alignment	588	0.025456632434923
d7_acute_wound_alignment	589	0.0269444427627843
d7_acute_wound_alignment	590	0.0335170907551499
d7_acute_wound_alignment	591	0.0313047666857476
d7_acute_wound_alignment	592	0.0203716838184322
d7_acute_wound_alignment	593	0.0115012811723374
d7_acute_wound_alignment	594	0.0116018104816638
d7_acute_wound_alignment	595	0.00481428974116923
d7_acute_wound_alignment	596	-0.000611877816278387
d7_acute_wound_alignment	597	0.00397823275025431
d7_acute_wound_alignment	598	0.014689844355998
d7_acute_wound_alignment	599	0.0299774920943937
d7_acute_wound_alignment	600	0.00913269548316936
d7_acute_wound_alignment	601	0.0316639147641209
d7_acute_wound_alignment	602	0.0199391316492128
d7_acute_wound_alignment	603	0.00966069805877535
d7_acute_wound_alignment	604	0.023747013450361
d7_acute_wound_alignment	605	0.0175906518981258
d7_acute_wound_alignment	606	0.0128644843507292
d7_acute_wound_alignment	607	0.0143434450082039
d7_acute_wound_alignment	608	0.0157487265178497
d7_acute_wound_alignment	609	0.0223268518724099
d7_acute_wound_alignment	610	0.0183473057646304
d7_acute_wound_alignment	611	0.0310697868237061
d7_acute_wound_alignment	612	0.0244341488220779
d7_acute_wound_alignment	613	0.0166541159348832
d7_acute_wound_alignment	614	0.0167904605228969
d7_acute_wound_alignment	615	0.0155844057016112
d7_acute_wound_alignment	616	0.0346118158298386
d7_acute_wound_alignment	617	0.0114495649655529
d7_acute_wound_alignment	618	-0.0166255899676094
d7_acute_wound_alignment	619	0.00941007797188154
d7_acute_wound_alignment	620	0.0153420044856605
d7_acute_wound_alignment	621	0.0352886941355658
d7_acute_wound_alignment	622	0.0207718153871896
d7_acute_wound_alignment	623	0.0198155441515534
d7_acute_wound_alignment	624	0.0169905653226222
d7_acute_wound_alignment	625	0.0248321440864037
d7_acute_wound_alignment	626	0.0255296468404054
d7_acute_wound_alignment	627	0.0210443785939624
d7_acute_wound_alignment	628	0.0438635375875323
d7_acute_wound_alignment	629	0.0118214321043479
d7_acute_wound_alignment	630	0.00850683716287654
d7_acute_wound_alignment	631	0.0181932452889924
d7_acute_wound_alignment	632	0.0236714206092003
d7_acute_wound_alignment	633	0.0144331470981905
d7_acute_wound_alignment	634	-0.00716361027606245
d7_acute_wound_alignment	635	0.0440259649730147
d7_acute_wound_alignment	636	0.0126954983359408
d7_acute_wound_alignment	637	0.01468580353475
d7_acute_wound_alignment	638	0.0264098842585956
d7_acute_wound_alignment	639	0.0341118338842303
d7_acute_wound_alignment	640	0.0386067143413677
d7_acute_wound_alignment	641	0.0242143986836627
d7_acute_wound_alignment	642	0.00844662366781282
d7_acute_wound_alignment	643	0.0132866218645054
d7_acute_wound_alignment	644	0.0264310162611476
d7_acute_wound_alignment	645	0.034858652571067
d7_acute_wound_alignment	646	0.0359353005077488
d7_acute_wound_alignment	647	0.00729849115020721
d7_acute_wound_alignment	648	0.0274727080580852
d7_acute_wound_alignment	649	0.0399774590733473
d7_acute_wound_alignment	650	0.00837359918138778
d7_acute_wound_alignment	651	0.00331441390696822
d7_acute_wound_alignment	652	0.0182993679686515
d7_acute_wound_alignment	653	0.00252562886472375
d7_acute_wound_alignment	654	0.0397269547853543
d7_acute_wound_alignment	655	0.0164584341336975
d7_acute_wound_alignment	656	0.0109823382956253
d7_acute_wound_alignment	657	0.0314207298938859
d7_acute_wound_alignment	658	0.0262869472512438
d7_acute_wound_alignment	659	0.0180426226947628
d7_acute_wound_alignment	660	0.015980020339728
d7_acute_wound_alignment	661	0.016464059758281
d7_acute_wound_alignment	662	0.0163881078048359
d7_acute_wound_alignment	663	0.0147172258296826
d7_acute_wound_alignment	664	0.0148027275928322
d7_acute_wound_alignment	665	0.0252892181269638
d7_acute_wound_alignment	666	0.0330347304587848
d7_acute_wound_alignment	667	0.0277988715757073
d7_acute_wound_alignment	668	0.0209932964011469
d7_acute_wound_alignment	669	0.0241245890745021
d7_acute_wound_alignment	670	0.0392331433361553
d7_acute_wound_alignment	671	0.0114266077641419
d7_acute_wound_alignment	672	0.00800806496710645
d7_acute_wound_alignment	673	0.0339724577317622
d7_acute_wound_alignment	674	0.0290636727685305
d7_acute_wound_alignment	675	0.0185140783829442
d7_acute_wound_alignment	676	0.00687489788066784
d7_acute_wound_alignment	677	0.0150528188290464
d7_acute_wound_alignment	678	0.0353673183899886
d7_acute_wound_alignment	679	0.0311379426669769
d7_acute_wound_alignment	680	0.0372577788577594
d7_acute_wound_alignment	681	0.0337130375088143
d7_acute_wound_alignment	682	0.0297251644970987
d7_acute_wound_alignment	683	0.0038018366870284
d7_acute_wound_alignment	684	0.0197170786078714
d7_acute_wound_alignment	685	0.040172358686921
d7_acute_wound_alignment	686	0.0321952105830655
d7_acute_wound_alignment	687	0.0285251392881034
d7_acute_wound_alignment	688	0.0133970455911058
d7_acute_wound_alignment	689	0.0289129070299185
d7_acute_wound_alignment	690	0.0182992164063628
d7_acute_wound_alignment	691	0.0149787500733481
d7_acute_wound_alignment	692	0.0419549672592661
d7_acute_wound_alignment	693	0.0145726967438503
d7_acute_wound_alignment	694	0.0272022935769926
d7_acute_wound_alignment	695	0.0410994675311661
d7_acute_wound_alignment	696	0.0184731431151698
d7_acute_wound_alignment	697	0.0208633819018363
d7_acute_wound_alignment	698	0.0325554203023503
d7_acute_wound_alignment	699	0.0121405731085982
d7_acute_wound_alignment	700	0.00609786935014392
d7_acute_wound_alignment	701	-0.0161727048433593
d7_acute_wound_alignment	702	0.0240348540942912
d7_acute_wound_alignment	703	0.0282932682226924
d7_acute_wound_alignment	704	0.0136283080807277
d7_acute_wound_alignment	705	0.016710499330891
d7_acute_wound_alignment	706	0.0161549171998087
d7_acute_wound_alignment	707	0.0239330631989473
d7_acute_wound_alignment	708	0.0106312672716913
d7_acute_wound_alignment	709	0.0187431497583251
d7_acute_wound_alignment	710	0.0240676924892738
d7_acute_wound_alignment	711	0.00790326241237795
d7_acute_wound_alignment	712	0.0170477679171418
d7_acute_wound_alignment	713	0.0207850161604214
d7_acute_wound_alignment	714	0.00811095801359245
d7_acute_wound_alignment	715	0.023933186865902
d7_acute_wound_alignment	716	0.0204694354562033
d7_acute_wound_alignment	717	0.0104313705411126
d7_acute_wound_alignment	718	0.0144358474656836
d7_acute_wound_alignment	719	0.0251599699185202
d7_acute_wound_alignment	720	0.0335638856925536
d7_acute_wound_alignment	721	-0.00844765569090078
d7_acute_wound_alignment	722	0.0172518901957782
d7_acute_wound_alignment	723	0.0278094119795965
d7_acute_wound_alignment	724	0.0285306946687706
d7_acute_wound_alignment	725	-0.000101937588595862
d7_acute_wound_alignment	726	0.00634546307128908
d7_acute_wound_alignment	727	0.0209478658983917
d7_acute_wound_alignment	728	0.0169625630118559
d7_acute_wound_alignment	729	0.0292236145345787
d7_acute_wound_alignment	730	0.00948124814423847
d7_acute_wound_alignment	731	-0.00213357326743366
d7_acute_wound_alignment	732	0.0335117007433364
d7_acute_wound_alignment	733	0.022026941121317
d7_acute_wound_alignment	734	0.0234042397553931
d7_acute_wound_alignment	735	0.0229115265278516
d7_acute_wound_alignment	736	0.00988552309910691
d7_acute_wound_alignment	737	0.0153708690187883
d7_acute_wound_alignment	738	0.012795653913832
d7_acute_wound_alignment	739	0.0266187914567693
d7_acute_wound_alignment	740	0.0151142924894041
d7_acute_wound_alignment	741	0.026685883573955
d7_acute_wound_alignment	742	0.00703333700704219
d7_acute_wound_alignment	743	0.0439274121356987
d7_acute_wound_alignment	744	-0.00232884115737363
d7_acute_wound_alignment	745	0.021189936404974
d7_acute_wound_alignment	746	0.020162067677448
d7_acute_wound_alignment	747	0.00720183288722235
d7_acute_wound_alignment	748	0.0270832802810807
d7_acute_wound_alignment	749	0.015535499559138
d7_acute_wound_alignment	750	0.0115598142340594
d7_acute_wound_alignment	751	0.0254487818444159
d7_acute_wound_alignment	752	0.015481669585554
d7_acute_wound_alignment	753	0.00483148378435676
d7_acute_wound_alignment	754	0.0118806275018933
d7_acute_wound_alignment	755	-0.00154687028301281
d7_acute_wound_alignment	756	0.0210129450836639
d7_acute_wound_alignment	757	0.0205860241481759
d7_acute_wound_alignment	758	0.00272472910028073
d7_acute_wound_alignment	759	0.0164302338526878
d7_acute_wound_alignment	760	0.00678314807651721
d7_acute_wound_alignment	761	0.0168651365087341
d7_acute_wound_alignment	762	0.0201091513818373
d7_acute_wound_alignment	763	0.0117019701963405
d7_acute_wound_alignment	764	0.0265824475273701
d7_acute_wound_alignment	765	0.0258745140215702
d7_acute_wound_alignment	766	0.0411799497440537
d7_acute_wound_alignment	767	0.0108945821080916
d7_acute_wound_alignment	768	0.0132887187063303
d7_acute_wound_alignment	769	0.0210286583424504
d7_acute_wound_alignment	770	0.0278398051517525
d7_acute_wound_alignment	771	0.0105528449257125
d7_acute_wound_alignment	772	0.0236758204635
d7_acute_wound_alignment	773	0.0129524923511222
d7_acute_wound_alignment	774	0.026965281535003
d7_acute_wound_alignment	775	0.0206654069626409
d7_acute_wound_alignment	776	0.00882132438726072
d7_acute_wound_alignment	777	0.0196246180289112
d7_acute_wound_alignment	778	0.0344747433081609
d7_acute_wound_alignment	779	0.00991504796714457
d7_acute_wound_alignment	780	0.0129878456208861
d7_acute_wound_alignment	781	0.0114972248968891
d7_acute_wound_alignment	782	0.00770274968746
d7_acute_wound_alignment	783	0.00880289735232919
d7_acute_wound_alignment	784	0.0186653260778949
d7_acute_wound_alignment	785	0.0302922718770756
d7_acute_wound_alignment	786	0.00501816964940346
d7_acute_wound_alignment	787	0.0127078045446393
d7_acute_wound_alignment	788	-0.00168226561794322
d7_acute_wound_alignment	789	0.0237015020475421
d7_acute_wound_alignment	790	0.0124201939156092
d7_acute_wound_alignment	791	0.0354323534968783
d7_acute_wound_alignment	792	0.0210974332349386
d7_acute_wound_alignment	793	0.0134703221532428
d7_acute_wound_alignment	794	0.0123621690464288
d7_acute_wound_alignment	795	0.012991304813467
d7_acute_wound_alignment	796	0.0115944119196924
d7_acute_wound_alignment	797	0.0184883868373571
d7_acute_wound_alignment	798	0.00222124801422629
d7_acute_wound_alignment	799	0.0256466345036353
d7_acute_wound_alignment	800	0.00113171712903211
d7_acute_wound_alignment	801	0.0266545609246692
d7_acute_wound_alignment	802	0.00780039790586351
d7_acute_wound_alignment	803	-0.00365937234060511
d7_acute_wound_alignment	804	0.0153489019969392
d7_acute_wound_alignment	805	0.0474352794977092
d7_acute_wound_alignment	806	0.00688577806529627
d7_acute_wound_alignment	807	0.011225195052023
d7_acute_wound_alignment	808	0.0228879467724083
d7_acute_wound_alignment	809	0.0307937684385312
d7_acute_wound_alignment	810	0.00909678774974582
d7_acute_wound_alignment	811	0.0445132101498257
d7_acute_wound_alignment	812	0.0378307891390494
d7_acute_wound_alignment	813	0.017859107679364
d7_acute_wound_alignment	814	0.000327342101024411
d7_acute_wound_alignment	815	0.0248504241642837
d7_acute_wound_alignment	816	0.0118328987786443
d7_acute_wound_alignment	817	0.010658596081432
d7_acute_wound_alignment	818	0.0266983115358972
d7_acute_wound_alignment	819	0.011095821254527
d7_acute_wound_alignment	820	0.0331954747295029
d7_acute_wound_alignment	821	0.0126777225269207
d7_acute_wound_alignment	822	0.0118566507025275
d7_acute_wound_alignment	823	0.0052415542289538
d7_acute_wound_alignment	824	0.0129553205932084
d7_acute_wound_alignment	825	0.0337376052592543
d7_acute_wound_alignment	826	-0.00279377007364702
d7_acute_wound_alignment	827	0.00887528121894733
d7_acute_wound_alignment	828	0.0353840192695844
d7_acute_wound_alignment	829	0.027103687417974
d7_acute_wound_alignment	830	0.0277974864458042
d7_acute_wound_alignment	831	0.010736149292184
d7_acute_wound_alignment	832	0.0255150137485564
d7_acute_wound_alignment	833	0.0207320244619948
d7_acute_wound_alignment	834	0.0200602476283963
d7_acute_wound_alignment	835	0.0120510703638223
d7_acute_wound_alignment	836	0.0167632308779127
d7_acute_wound_alignment	837	0.0128105872935526
d7_acute_wound_alignment	838	-0.00400606266129803
d7_acute_wound_alignment	839	0.0202066733578658
d7_acute_wound_alignment	840	0.0194919905502363
d7_acute_wound_alignment	841	0.0191828396978712
d7_acute_wound_alignment	842	0.013823320630901
d7_acute_wound_alignment	843	0.0213638140479954
d7_acute_wound_alignment	844	0.0281856052545883
d7_acute_wound_alignment	845	0.00848106846661668
d7_acute_wound_alignment	846	0.0298359607849013
d7_acute_wound_alignment	847	0.0336454373416317
d7_acute_wound_alignment	848	0.00681767597226648
d7_acute_wound_alignment	849	0.0073016380928555
d7_acute_wound_alignment	850	-0.00719943405269641
d7_acute_wound_alignment	851	0.0203242249442161
d7_acute_wound_alignment	852	0.010576153208785
d7_acute_wound_alignment	853	0.0148870449966454
d7_acute_wound_alignment	854	0.00109796191143767
d7_acute_wound_alignment	855	0.023625877168136
d7_acute_wound_alignment	856	0.0166438212012243
d7_acute_wound_alignment	857	0.0215018322028239
d7_acute_wound_alignment	858	0.0191539832357186
d7_acute_wound_alignment	859	0.00619770011978224
d7_acute_wound_alignment	860	0.0233391071883114
d7_acute_wound_alignment	861	0.0118140205423166
d7_acute_wound_alignment	862	0.0131470234055587
d7_acute_wound_alignment	863	0.0193959877537817
d7_acute_wound_alignment	864	0.00714024841379891
d7_acute_wound_alignment	865	0.0195309367618895
d7_acute_wound_alignment	866	0.00758882564844159
d7_acute_wound_alignment	867	0.0331166635285338
d7_acute_wound_alignment	868	0.0198607047831511
d7_acute_wound_alignment	869	0.0269966162184797
d7_acute_wound_alignment	870	0.024044851846948
d7_acute_wound_alignment	871	0.00757663543972956
d7_acute_wound_alignment	872	0.0358333017036866
d7_acute_wound_alignment	873	0.0294103520181364
d7_acute_wound_alignment	874	-0.0131111309974347
d7_acute_wound_alignment	875	0.00688515629171999
d7_acute_wound_alignment	876	0.0230135306708239
d7_acute_wound_alignment	877	0.0348399104166086
d7_acute_wound_alignment	878	0.0116320996341198
d7_acute_wound_alignment	879	0.01216681032919
d7_acute_wound_alignment	880	0.0239155506774095
d7_acute_wound_alignment	881	0.041271467913409
d7_acute_wound_alignment	882	0.0194509774956641
d7_acute_wound_alignment	883	0.010677846817358
d7_acute_wound_alignment	884	0.0220904619847643
d7_acute_wound_alignment	885	0.0193194805382805
d7_acute_wound_alignment	886	-0.011138819865419
d7_acute_wound_alignment	887	0.0186213677615699
d7_acute_wound_alignment	888	0.0138852393144389
d7_acute_wound_alignment	889	0.0113755799091357
d7_acute_wound_alignment	890	0.0215352577091457
d7_acute_wound_alignment	891	0.0275537472307501
d7_acute_wound_alignment	892	0.0288799202073167
d7_acute_wound_alignment	893	0.0106243690604664
d7_acute_wound_alignment	894	0.00905220438996126
d7_acute_wound_alignment	895	0.0185356595931097
d7_acute_wound_alignment	896	0.0413421189688097
d7_acute_wound_alignment	897	0.0332177674457667
d7_acute_wound_alignment	898	0.00172152374772299
d7_acute_wound_alignment	899	0.0073057938546401
d7_acute_wound_alignment	900	0.00391942450047356
d7_acute_wound_alignment	901	-0.000788958820367221
d7_acute_wound_alignment	902	0.032313175796631
d7_acute_wound_alignment	903	0.0151141181212485
d7_acute_wound_alignment	904	0.0177882134704189
d7_acute_wound_alignment	905	0.0213901424752173
d7_acute_wound_alignment	906	0.013147108488465
d7_acute_wound_alignment	907	-0.00476948308935414
d7_acute_wound_alignment	908	0.0210847282849459
d7_acute_wound_alignment	909	0.0288186977000037
d7_acute_wound_alignment	910	0.0131618920507657
d7_acute_wound_alignment	911	0.00853251146588954
d7_acute_wound_alignment	912	0.0278665183741701
d7_acute_wound_alignment	913	0.0207729178181433
d7_acute_wound_alignment	914	0.0168299065194938
d7_acute_wound_alignment	915	0.0233634757411206
d7_acute_wound_alignment	916	0.00560889914211866
d7_acute_wound_alignment	917	0.0316209603822049
d7_acute_wound_alignment	918	0.0401649194112406
d7_acute_wound_alignment	919	0.0312074774513403
d7_acute_wound_alignment	920	0.0251717102703054
d7_acute_wound_alignment	921	0.0177991996707095
d7_acute_wound_alignment	922	0.0118931906153131
d7_acute_wound_alignment	923	0.0101422550546517
d7_acute_wound_alignment	924	0.00748656925184753
d7_acute_wound_alignment	925	0.0137272799599148
d7_acute_wound_alignment	926	0.0123012061719347
d7_acute_wound_alignment	927	0.0156135446884705
d7_acute_wound_alignment	928	0.0300432087623137
d7_acute_wound_alignment	929	0.0197678447247053
d7_acute_wound_alignment	930	0.0370278121077317
d7_acute_wound_alignment	931	0.0230242878175324
d7_acute_wound_alignment	932	0.0204078101698807
d7_acute_wound_alignment	933	0.00587202257387052
d7_acute_wound_alignment	934	-0.00225533735033952
d7_acute_wound_alignment	935	0.0124582097303507
d7_acute_wound_alignment	936	0.0281019981244536
d7_acute_wound_alignment	937	0.01281908244678
d7_acute_wound_alignment	938	0.00781303114301669
d7_acute_wound_alignment	939	0.0117933394427531
d7_acute_wound_alignment	940	0.00400646523973908
d7_acute_wound_alignment	941	0.00457319181703185
d7_acute_wound_alignment	942	0.0333686784882204
d7_acute_wound_alignment	943	0.00558996192797983
d7_acute_wound_alignment	944	0.0234505501953457
d7_acute_wound_alignment	945	0.021135237414073
d7_acute_wound_alignment	946	0.0191524223551777
d7_acute_wound_alignment	947	0.0417199483712054
d7_acute_wound_alignment	948	0.00208537672799066
d7_acute_wound_alignment	949	-0.00296282961145831
d7_acute_wound_alignment	950	0.0294872260374748
d7_acute_wound_alignment	951	0.0117121181806752
d7_acute_wound_alignment	952	0.0349105757922839
d7_acute_wound_alignment	953	0.0287270307626389
d7_acute_wound_alignment	954	0.00327619342975347
d7_acute_wound_alignment	955	0.0309906785101513
d7_acute_wound_alignment	956	0.0364173741595324
d7_acute_wound_alignment	957	0.0279078595608208
d7_acute_wound_alignment	958	0.0124863532742552
d7_acute_wound_alignment	959	0.0225087875655703
d7_acute_wound_alignment	960	0.0110380430123912
d7_acute_wound_alignment	961	0.00392693228909325
d7_acute_wound_alignment	962	0.0288298106809162
d7_acute_wound_alignment	963	0.0270306124059753
d7_acute_wound_alignment	964	0.0346864377059848
d7_acute_wound_alignment	965	0.0314679675502747
d7_acute_wound_alignment	966	0.0234251461230433
d7_acute_wound_alignment	967	0.0247905436555612
d7_acute_wound_alignment	968	0.0226360896672964
d7_acute_wound_alignment	969	0.0356531385149253
d7_acute_wound_alignment	970	0.0198581684905025
d7_acute_wound_alignment	971	0.0214212459745612
d7_acute_wound_alignment	972	0.0246725474550208
d7_acute_wound_alignment	973	0.0313689013960248
d7_acute_wound_alignment	974	0.0296404619737463
d7_acute_wound_alignment	975	0.0362702521670539
d7_acute_wound_alignment	976	0.00700353567672821
d7_acute_wound_alignment	977	0.0140288067227522
d7_acute_wound_alignment	978	0.00787604857037137
d7_acute_wound_alignment	979	0.0242711667826108
d7_acute_wound_alignment	980	0.0219274016986549
d7_acute_wound_alignment	981	0.00485298570174832
d7_acute_wound_alignment	982	0.0363305936718263
d7_acute_wound_alignment	983	0.0247929522094285
d7_acute_wound_alignment	984	0.0222690118755148
d7_acute_wound_alignment	985	-0.0036634540461465
d7_acute_wound_alignment	986	0.0257335360803
d7_acute_wound_alignment	987	0.0142793009010847
d7_acute_wound_alignment	988	0.0177443657863155
d7_acute_wound_alignment	989	0.0169345627859127
d7_acute_wound_alignment	990	0.00231805394768766
d7_acute_wound_alignment	991	0.0199388085853495
d7_acute_wound_alignment	992	0.00786537517286245
d7_acute_wound_alignment	993	0.0102471531032506
d7_acute_wound_alignment	994	0.0112784346032696
d7_acute_wound_alignment	995	-0.00199142097331837
d7_acute_wound_alignment	996	0.0197188674270414
d7_acute_wound_alignment	997	0.0171679883344566
d7_acute_wound_alignment	998	0.00945234954943232
d7_acute_wound_alignment	999	0.0248843967590787
d7_acute_wound_alignment	1000	0.0127095036285703
fibroblast_repair_activation	1	-0.0217224210875948
fibroblast_repair_activation	2	0.0157612452748063
fibroblast_repair_activation	3	0.0385878425308299
fibroblast_repair_activation	4	0.031922639583851
fibroblast_repair_activation	5	-0.000655691530129408
fibroblast_repair_activation	6	-0.00322894803177939
fibroblast_repair_activation	7	0.00766129789833311
fibroblast_repair_activation	8	0.0469424923522075
fibroblast_repair_activation	9	0.05286341284061
fibroblast_repair_activation	10	0.0132260683719041
fibroblast_repair_activation	11	-0.0456549487979628
fibroblast_repair_activation	12	0.0013847292370102
fibroblast_repair_activation	13	0.00553931905396736
fibroblast_repair_activation	14	-0.00723724652836268
fibroblast_repair_activation	15	0.00201995808047537
fibroblast_repair_activation	16	0.0114338236319151
fibroblast_repair_activation	17	0.0381154937777781
fibroblast_repair_activation	18	0.0357252576583388
fibroblast_repair_activation	19	0.0710011355253111
fibroblast_repair_activation	20	0.0509843974644029
fibroblast_repair_activation	21	0.0112131377646511
fibroblast_repair_activation	22	-0.00112347623169906
fibroblast_repair_activation	23	0.0180609449434411
fibroblast_repair_activation	24	0.0134070990015526
fibroblast_repair_activation	25	0.0481336146364245
fibroblast_repair_activation	26	-0.00138085757095678
fibroblast_repair_activation	27	0.0288860257905782
fibroblast_repair_activation	28	0.0278251738232447
fibroblast_repair_activation	29	-0.00879636118733944
fibroblast_repair_activation	30	0.0124041744601905
fibroblast_repair_activation	31	-0.0098193460237042
fibroblast_repair_activation	32	-0.00833439844882795
fibroblast_repair_activation	33	0.0370737045882172
fibroblast_repair_activation	34	0.0285001777526316
fibroblast_repair_activation	35	0.0163045818173961
fibroblast_repair_activation	36	0.000440539225696228
fibroblast_repair_activation	37	0.0439720075115389
fibroblast_repair_activation	38	0.0317942833040108
fibroblast_repair_activation	39	0.0372610193183903
fibroblast_repair_activation	40	0.0401719275853743
fibroblast_repair_activation	41	0.0338822774104923
fibroblast_repair_activation	42	0.0420713258923782
fibroblast_repair_activation	43	0.00362858789955813
fibroblast_repair_activation	44	0.0505613215426277
fibroblast_repair_activation	45	0.0592333843364782
fibroblast_repair_activation	46	0.0205483068126952
fibroblast_repair_activation	47	0.0436732681121437
fibroblast_repair_activation	48	0.0664449760612896
fibroblast_repair_activation	49	0.0366423001277997
fibroblast_repair_activation	50	0.0333928156139773
fibroblast_repair_activation	51	-0.0543220296971924
fibroblast_repair_activation	52	0.0416183359088437
fibroblast_repair_activation	53	-0.00279204810774941
fibroblast_repair_activation	54	-0.0110374750546462
fibroblast_repair_activation	55	-0.00283887463179844
fibroblast_repair_activation	56	0.0377851636800726
fibroblast_repair_activation	57	0.0453497286705723
fibroblast_repair_activation	58	-0.00241795727426261
fibroblast_repair_activation	59	-0.00570227016403715
fibroblast_repair_activation	60	0.0143822912000166
fibroblast_repair_activation	61	0.0106645000460003
fibroblast_repair_activation	62	0.0377670161605019
fibroblast_repair_activation	63	0.0225773931741143
fibroblast_repair_activation	64	-0.0396368808764391
fibroblast_repair_activation	65	0.0294450225343137
fibroblast_repair_activation	66	-0.00213763141308972
fibroblast_repair_activation	67	0.00103836388270995
fibroblast_repair_activation	68	-0.0425628547816517
fibroblast_repair_activation	69	0.0231275155189797
fibroblast_repair_activation	70	0.0290285013156214
fibroblast_repair_activation	71	-0.0137300288468048
fibroblast_repair_activation	72	0.0470444295937987
fibroblast_repair_activation	73	0.0080722316803385
fibroblast_repair_activation	74	0.00265314446213031
fibroblast_repair_activation	75	0.0376837454281206
fibroblast_repair_activation	76	0.0462898413118059
fibroblast_repair_activation	77	-0.00369409857683468
fibroblast_repair_activation	78	-0.0323597625916866
fibroblast_repair_activation	79	-0.0292420203642366
fibroblast_repair_activation	80	0.0736907410679003
fibroblast_repair_activation	81	0.0649477541518385
fibroblast_repair_activation	82	-0.0229218670596942
fibroblast_repair_activation	83	0.043142700639934
fibroblast_repair_activation	84	0.00310864152533175
fibroblast_repair_activation	85	0.0371427538273951
fibroblast_repair_activation	86	-0.00482602302961679
fibroblast_repair_activation	87	0.0627680165103474
fibroblast_repair_activation	88	0.0394102847102299
fibroblast_repair_activation	89	0.0124890438082684
fibroblast_repair_activation	90	0.0383678743220581
fibroblast_repair_activation	91	0.0730940669454655
fibroblast_repair_activation	92	0.00422423660855502
fibroblast_repair_activation	93	0.0214631704596425
fibroblast_repair_activation	94	-0.0203403162054126
fibroblast_repair_activation	95	0.0345550007916139
fibroblast_repair_activation	96	0.0300115674021412
fibroblast_repair_activation	97	0.000826170636609577
fibroblast_repair_activation	98	0.0199019918969354
fibroblast_repair_activation	99	0.021349929988359
fibroblast_repair_activation	100	0.0532487944890988
fibroblast_repair_activation	101	-0.0334701691037238
fibroblast_repair_activation	102	0.0270516235331721
fibroblast_repair_activation	103	0.0978239719058727
fibroblast_repair_activation	104	0.0442711873555635
fibroblast_repair_activation	105	0.0314543134203813
fibroblast_repair_activation	106	-0.0165137176898768
fibroblast_repair_activation	107	0.036399831145437
fibroblast_repair_activation	108	0.0335222602818319
fibroblast_repair_activation	109	0.018320166380414
fibroblast_repair_activation	110	0.0247030594799303
fibroblast_repair_activation	111	-0.0201506413718641
fibroblast_repair_activation	112	0.0292253992399972
fibroblast_repair_activation	113	0.0342036516050888
fibroblast_repair_activation	114	0.0100980401812872
fibroblast_repair_activation	115	0.0304652461989308
fibroblast_repair_activation	116	0.00298588722416004
fibroblast_repair_activation	117	0.0282469273407137
fibroblast_repair_activation	118	0.0328912973990984
fibroblast_repair_activation	119	0.0224708874580194
fibroblast_repair_activation	120	0.0152045787171216
fibroblast_repair_activation	121	-0.0191420471465246
fibroblast_repair_activation	122	-0.0110861452134772
fibroblast_repair_activation	123	0.0142565907852066
fibroblast_repair_activation	124	-0.0180696583001043
fibroblast_repair_activation	125	0.0290132184051517
fibroblast_repair_activation	126	0.0944988050955118
fibroblast_repair_activation	127	0.00644407556503006
fibroblast_repair_activation	128	0.0153963872076655
fibroblast_repair_activation	129	0.0520263494950264
fibroblast_repair_activation	130	0.0110344584721278
fibroblast_repair_activation	131	0.0568057925767405
fibroblast_repair_activation	132	0.0116325098608303
fibroblast_repair_activation	133	0.0549531910925788
fibroblast_repair_activation	134	0.052898268471204
fibroblast_repair_activation	135	0.017388673641336
fibroblast_repair_activation	136	0.0593167303740738
fibroblast_repair_activation	137	0.0430869396570521
fibroblast_repair_activation	138	0.0442475010294492
fibroblast_repair_activation	139	0.0194615769505343
fibroblast_repair_activation	140	0.0072178871208163
fibroblast_repair_activation	141	0.03616930020587
fibroblast_repair_activation	142	0.072713614289554
fibroblast_repair_activation	143	0.00460043197534218
fibroblast_repair_activation	144	-0.00338299362134662
fibroblast_repair_activation	145	0.0118346124279907
fibroblast_repair_activation	146	0.00954676828682564
fibroblast_repair_activation	147	0.0178629655738527
fibroblast_repair_activation	148	0.0207235944174473
fibroblast_repair_activation	149	0.00649312572993717
fibroblast_repair_activation	150	-0.0034609547938956
fibroblast_repair_activation	151	0.0511926347325455
fibroblast_repair_activation	152	0.0420005847783202
fibroblast_repair_activation	153	0.0259941627951742
fibroblast_repair_activation	154	0.000972529785326001
fibroblast_repair_activation	155	0.0567424222360758
fibroblast_repair_activation	156	0.0282711780787146
fibroblast_repair_activation	157	0.0353260022082463
fibroblast_repair_activation	158	0.0242213532408773
fibroblast_repair_activation	159	0.0457385393864558
fibroblast_repair_activation	160	-0.00367989179566669
fibroblast_repair_activation	161	-0.00319278550527275
fibroblast_repair_activation	162	0.00978234548672353
fibroblast_repair_activation	163	0.0338271919090218
fibroblast_repair_activation	164	0.0261477730756061
fibroblast_repair_activation	165	0.0349328118635293
fibroblast_repair_activation	166	0.0231098496631327
fibroblast_repair_activation	167	0.0526965329445101
fibroblast_repair_activation	168	0.0470836190062703
fibroblast_repair_activation	169	0.0458318015927906
fibroblast_repair_activation	170	0.00254494635372261
fibroblast_repair_activation	171	0.00311184624888818
fibroblast_repair_activation	172	0.0198953774964598
fibroblast_repair_activation	173	0.0310849910701696
fibroblast_repair_activation	174	0.0346091740657167
fibroblast_repair_activation	175	0.0218087835907146
fibroblast_repair_activation	176	0.0337331779706258
fibroblast_repair_activation	177	-0.0300170750321049
fibroblast_repair_activation	178	0.0745586344389408
fibroblast_repair_activation	179	0.0231478803393977
fibroblast_repair_activation	180	0.0108475619358278
fibroblast_repair_activation	181	-0.0248888661161918
fibroblast_repair_activation	182	0.0726605006501533
fibroblast_repair_activation	183	0.0358814523664922
fibroblast_repair_activation	184	0.0523542982409417
fibroblast_repair_activation	185	0.0607334979521079
fibroblast_repair_activation	186	0.0480643785988191
fibroblast_repair_activation	187	0.0504598129431027
fibroblast_repair_activation	188	-0.0362778711560898
fibroblast_repair_activation	189	-0.0170752500171672
fibroblast_repair_activation	190	0.0185351675012213
fibroblast_repair_activation	191	0.100743755654005
fibroblast_repair_activation	192	0.0456853061024007
fibroblast_repair_activation	193	0.052219525434591
fibroblast_repair_activation	194	0.00512266149885588
fibroblast_repair_activation	195	0.0298573712505485
fibroblast_repair_activation	196	-0.00827296840459882
fibroblast_repair_activation	197	0.0328946868922736
fibroblast_repair_activation	198	-0.00598887354142584
fibroblast_repair_activation	199	0.00685025589872954
fibroblast_repair_activation	200	-0.000188311514174287
fibroblast_repair_activation	201	0.0176296803911306
fibroblast_repair_activation	202	0.0281653676211015
fibroblast_repair_activation	203	-0.0240946330001992
fibroblast_repair_activation	204	0.03029933010249
fibroblast_repair_activation	205	-0.0180560068811581
fibroblast_repair_activation	206	0.0348925205052205
fibroblast_repair_activation	207	0.0338501583736642
fibroblast_repair_activation	208	-0.0198759192420889
fibroblast_repair_activation	209	0.0505584242630648
fibroblast_repair_activation	210	-0.00176686886136415
fibroblast_repair_activation	211	0.0476681809570619
fibroblast_repair_activation	212	-0.004873386672301
fibroblast_repair_activation	213	0.0329387890590277
fibroblast_repair_activation	214	0.0150602984879061
fibroblast_repair_activation	215	0.0522139374449548
fibroblast_repair_activation	216	0.0342713104137837
fibroblast_repair_activation	217	0.0408257622791716
fibroblast_repair_activation	218	0.0381419686648174
fibroblast_repair_activation	219	0.0149801843351534
fibroblast_repair_activation	220	-0.00187261333550455
fibroblast_repair_activation	221	0.0176480404913699
fibroblast_repair_activation	222	0.0231050637077673
fibroblast_repair_activation	223	0.0077741761282151
fibroblast_repair_activation	224	0.0409081815516634
fibroblast_repair_activation	225	-0.0343870943870604
fibroblast_repair_activation	226	0.0375166933968881
fibroblast_repair_activation	227	-0.0345430955681336
fibroblast_repair_activation	228	0.0291541556330367
fibroblast_repair_activation	229	-0.00336763040770198
fibroblast_repair_activation	230	0.0569809107548639
fibroblast_repair_activation	231	0.0297316511077087
fibroblast_repair_activation	232	0.0227058430621617
fibroblast_repair_activation	233	0.0397080776907123
fibroblast_repair_activation	234	0.00562958092864016
fibroblast_repair_activation	235	0.0433211300095877
fibroblast_repair_activation	236	0.0422882400258666
fibroblast_repair_activation	237	0.0433613443236853
fibroblast_repair_activation	238	0.0305720563815493
fibroblast_repair_activation	239	0.0800867387915783
fibroblast_repair_activation	240	0.0701295932570221
fibroblast_repair_activation	241	0.0145770731263723
fibroblast_repair_activation	242	-0.033846612022566
fibroblast_repair_activation	243	-0.00896503474425261
fibroblast_repair_activation	244	0.0611290516937561
fibroblast_repair_activation	245	0.0832400296060848
fibroblast_repair_activation	246	0.025931951888697
fibroblast_repair_activation	247	0.00117426044095017
fibroblast_repair_activation	248	0.0876977895403127
fibroblast_repair_activation	249	-0.0180613362802302
fibroblast_repair_activation	250	0.0228466308242665
fibroblast_repair_activation	251	-0.00148957074537024
fibroblast_repair_activation	252	0.0109464828806159
fibroblast_repair_activation	253	0.0321895866751919
fibroblast_repair_activation	254	0.0271527987149094
fibroblast_repair_activation	255	0.00855117010994547
fibroblast_repair_activation	256	0.0610448772111197
fibroblast_repair_activation	257	0.0621931439558994
fibroblast_repair_activation	258	-0.0275121972702029
fibroblast_repair_activation	259	0.0242403532930277
fibroblast_repair_activation	260	0.0463021878602037
fibroblast_repair_activation	261	0.000520404943125153
fibroblast_repair_activation	262	-0.0402348001340343
fibroblast_repair_activation	263	0.0475968990851852
fibroblast_repair_activation	264	0.0174830524873
fibroblast_repair_activation	265	0.0417967176395346
fibroblast_repair_activation	266	0.0144823349261292
fibroblast_repair_activation	267	0.00606412288281082
fibroblast_repair_activation	268	-0.00912855593092247
fibroblast_repair_activation	269	0.00226634997527079
fibroblast_repair_activation	270	-0.00475042446995625
fibroblast_repair_activation	271	0.0412907793250056
fibroblast_repair_activation	272	0.00244059027358757
fibroblast_repair_activation	273	0.0767662835821197
fibroblast_repair_activation	274	0.0253148141099005
fibroblast_repair_activation	275	0.0308953248103482
fibroblast_repair_activation	276	0.0284041065141316
fibroblast_repair_activation	277	0.0218912962337959
fibroblast_repair_activation	278	-0.0126292325671811
fibroblast_repair_activation	279	-0.0761880434243694
fibroblast_repair_activation	280	0.0338928335225351
fibroblast_repair_activation	281	0.0241689221942436
fibroblast_repair_activation	282	0.00818926199276801
fibroblast_repair_activation	283	-0.0200422050043926
fibroblast_repair_activation	284	0.0207458542209132
fibroblast_repair_activation	285	0.0140114631252883
fibroblast_repair_activation	286	0.00608150200503282
fibroblast_repair_activation	287	-0.0218508010834045
fibroblast_repair_activation	288	-0.0105789756383577
fibroblast_repair_activation	289	-0.00286758633739763
fibroblast_repair_activation	290	-0.00869854854294117
fibroblast_repair_activation	291	0.000447975721249166
fibroblast_repair_activation	292	-0.0238634829023627
fibroblast_repair_activation	293	0.0231079299038758
fibroblast_repair_activation	294	0.0385407771700962
fibroblast_repair_activation	295	0.0264068388098601
fibroblast_repair_activation	296	0.0231670105155583
fibroblast_repair_activation	297	0.0250741365516517
fibroblast_repair_activation	298	0.0574309981805252
fibroblast_repair_activation	299	-0.0877108798690339
fibroblast_repair_activation	300	0.0241690706569501
fibroblast_repair_activation	301	0.00159271344195879
fibroblast_repair_activation	302	-0.0185527644520835
fibroblast_repair_activation	303	-0.0301943103453513
fibroblast_repair_activation	304	0.0133289592331401
fibroblast_repair_activation	305	-0.0173616916863403
fibroblast_repair_activation	306	0.0473901467056453
fibroblast_repair_activation	307	0.0390959038907016
fibroblast_repair_activation	308	0.0219213664548988
fibroblast_repair_activation	309	0.0691460387963027
fibroblast_repair_activation	310	0.0432013716777093
fibroblast_repair_activation	311	-0.0114612187236912
fibroblast_repair_activation	312	0.0445709285246541
fibroblast_repair_activation	313	-0.0154789227942063
fibroblast_repair_activation	314	0.0365946976401148
fibroblast_repair_activation	315	0.00704337852222542
fibroblast_repair_activation	316	-0.0135901409258948
fibroblast_repair_activation	317	-0.00995199501493825
fibroblast_repair_activation	318	0.0194375173369693
fibroblast_repair_activation	319	0.0471589459127726
fibroblast_repair_activation	320	0.0349312175089272
fibroblast_repair_activation	321	0.0187802715641347
fibroblast_repair_activation	322	0.043541570977468
fibroblast_repair_activation	323	0.0240692770834737
fibroblast_repair_activation	324	-0.0277137707161101
fibroblast_repair_activation	325	0.0312716203937286
fibroblast_repair_activation	326	0.0415259548850521
fibroblast_repair_activation	327	0.0408992756676586
fibroblast_repair_activation	328	0.0584919556271795
fibroblast_repair_activation	329	0.0257012234512871
fibroblast_repair_activation	330	-0.020869482239282
fibroblast_repair_activation	331	0.0549846610753437
fibroblast_repair_activation	332	0.00120856504391172
fibroblast_repair_activation	333	0.0303864315474521
fibroblast_repair_activation	334	0.0226438842639767
fibroblast_repair_activation	335	0.0131022600968392
fibroblast_repair_activation	336	0.049925649034473
fibroblast_repair_activation	337	-0.0214939318811424
fibroblast_repair_activation	338	0.0292327348432587
fibroblast_repair_activation	339	0.0309153146724987
fibroblast_repair_activation	340	-0.00968253980237214
fibroblast_repair_activation	341	0.047369609283029
fibroblast_repair_activation	342	-0.00954122595327437
fibroblast_repair_activation	343	0.0420837751159809
fibroblast_repair_activation	344	-0.00790626044981348
fibroblast_repair_activation	345	0.0183913959251956
fibroblast_repair_activation	346	0.0305698068454823
fibroblast_repair_activation	347	-0.0334961493351474
fibroblast_repair_activation	348	0.0330388764907084
fibroblast_repair_activation	349	0.00428825077085905
fibroblast_repair_activation	350	-0.0100829874898805
fibroblast_repair_activation	351	0.0298292447162707
fibroblast_repair_activation	352	0.0440202629925744
fibroblast_repair_activation	353	0.049086047354117
fibroblast_repair_activation	354	-0.0171401518736392
fibroblast_repair_activation	355	0.0629762195757227
fibroblast_repair_activation	356	0.0193130985583663
fibroblast_repair_activation	357	-0.00557720298607893
fibroblast_repair_activation	358	0.0174655674908628
fibroblast_repair_activation	359	0.0210343047346725
fibroblast_repair_activation	360	0.0164763667258164
fibroblast_repair_activation	361	0.00799062406479718
fibroblast_repair_activation	362	0.0399178071793027
fibroblast_repair_activation	363	0.0171809810220431
fibroblast_repair_activation	364	0.000801571487376086
fibroblast_repair_activation	365	0.0132006604597062
fibroblast_repair_activation	366	0.0812989613183445
fibroblast_repair_activation	367	-0.0235653136252295
fibroblast_repair_activation	368	0.0393260108774078
fibroblast_repair_activation	369	0.0162556516586859
fibroblast_repair_activation	370	-0.00677260002571368
fibroblast_repair_activation	371	0.0642478236181629
fibroblast_repair_activation	372	-0.0225987714161021
fibroblast_repair_activation	373	0.0225249319886208
fibroblast_repair_activation	374	-0.000648751843033223
fibroblast_repair_activation	375	0.0827045722218749
fibroblast_repair_activation	376	0.011031625961126
fibroblast_repair_activation	377	-0.00294180289208738
fibroblast_repair_activation	378	0.0359574392467088
fibroblast_repair_activation	379	0.0240682558840662
fibroblast_repair_activation	380	0.0294405431728201
fibroblast_repair_activation	381	0.02220936879299
fibroblast_repair_activation	382	0.00941033139696764
fibroblast_repair_activation	383	0.0186247027975188
fibroblast_repair_activation	384	0.0480738715291537
fibroblast_repair_activation	385	0.00196338336965325
fibroblast_repair_activation	386	0.0858996614073759
fibroblast_repair_activation	387	0.0422814734371734
fibroblast_repair_activation	388	0.0131562928024999
fibroblast_repair_activation	389	-0.00721398426352904
fibroblast_repair_activation	390	0.062946611547938
fibroblast_repair_activation	391	-0.0337979395663453
fibroblast_repair_activation	392	0.0237036320690013
fibroblast_repair_activation	393	-0.0319488691120292
fibroblast_repair_activation	394	0.0147476074518185
fibroblast_repair_activation	395	0.0797292630714178
fibroblast_repair_activation	396	0.0830094062090943
fibroblast_repair_activation	397	0.0326822669704668
fibroblast_repair_activation	398	0.0178017671527625
fibroblast_repair_activation	399	0.0133489924226063
fibroblast_repair_activation	400	-0.0401810560869298
fibroblast_repair_activation	401	0.033979032107207
fibroblast_repair_activation	402	0.0374957204703117
fibroblast_repair_activation	403	0.0296206033672054
fibroblast_repair_activation	404	0.0145560063584432
fibroblast_repair_activation	405	0.00704665762275001
fibroblast_repair_activation	406	0.00493283760990116
fibroblast_repair_activation	407	-0.00510638460655094
fibroblast_repair_activation	408	0.0137530784159467
fibroblast_repair_activation	409	0.0104271014704922
fibroblast_repair_activation	410	0.0260844852528005
fibroblast_repair_activation	411	0.041119103546747
fibroblast_repair_activation	412	0.0319443651043711
fibroblast_repair_activation	413	0.0116234416547865
fibroblast_repair_activation	414	0.028226005944997
fibroblast_repair_activation	415	-0.0182493592476863
fibroblast_repair_activation	416	-0.0212250346231593
fibroblast_repair_activation	417	0.0444228686516951
fibroblast_repair_activation	418	0.0239536434701949
fibroblast_repair_activation	419	0.0540035426045172
fibroblast_repair_activation	420	0.0223101382063822
fibroblast_repair_activation	421	0.0437895586497977
fibroblast_repair_activation	422	-0.0430123640207412
fibroblast_repair_activation	423	0.00267618945779497
fibroblast_repair_activation	424	0.0687532542661071
fibroblast_repair_activation	425	0.000165160971445934
fibroblast_repair_activation	426	-0.0054881838987813
fibroblast_repair_activation	427	0.056765200298256
fibroblast_repair_activation	428	0.0387565647363324
fibroblast_repair_activation	429	-0.00123585121032071
fibroblast_repair_activation	430	0.0210756632554982
fibroblast_repair_activation	431	0.0203731074761453
fibroblast_repair_activation	432	0.0208186955273824
fibroblast_repair_activation	433	0.0283695642122302
fibroblast_repair_activation	434	0.0162261920991149
fibroblast_repair_activation	435	-0.0218163917134272
fibroblast_repair_activation	436	-0.00714805822806319
fibroblast_repair_activation	437	-0.00163799177431771
fibroblast_repair_activation	438	0.0195819587345629
fibroblast_repair_activation	439	0.00871550425200955
fibroblast_repair_activation	440	0.0217444918069319
fibroblast_repair_activation	441	0.016143015607768
fibroblast_repair_activation	442	0.0301814690365731
fibroblast_repair_activation	443	0.00617867451931583
fibroblast_repair_activation	444	0.0895611237680756
fibroblast_repair_activation	445	0.0169954960464124
fibroblast_repair_activation	446	0.0237411219056964
fibroblast_repair_activation	447	0.0438873389319979
fibroblast_repair_activation	448	0.0117702357871395
fibroblast_repair_activation	449	0.0628875281346351
fibroblast_repair_activation	450	0.0285545836872664
fibroblast_repair_activation	451	0.0589556086353312
fibroblast_repair_activation	452	0.0085987288450005
fibroblast_repair_activation	453	0.0146684730823413
fibroblast_repair_activation	454	0.0100514480964087
fibroblast_repair_activation	455	0.0575763645338818
fibroblast_repair_activation	456	0.0100448103281947
fibroblast_repair_activation	457	0.0574701519082385
fibroblast_repair_activation	458	0.0130881591710466
fibroblast_repair_activation	459	0.084684964269871
fibroblast_repair_activation	460	0.00531006935936689
fibroblast_repair_activation	461	0.0566557536996262
fibroblast_repair_activation	462	0.0266479541966485
fibroblast_repair_activation	463	-0.00583109828729204
fibroblast_repair_activation	464	0.0150314478333334
fibroblast_repair_activation	465	-0.0204991498418252
fibroblast_repair_activation	466	0.0199277947216351
fibroblast_repair_activation	467	0.0404191198198758
fibroblast_repair_activation	468	0.0084227128187201
fibroblast_repair_activation	469	0.0822996254339365
fibroblast_repair_activation	470	-0.035585953295814
fibroblast_repair_activation	471	-0.00380240169598601
fibroblast_repair_activation	472	0.014437847597314
fibroblast_repair_activation	473	0.0521222516528584
fibroblast_repair_activation	474	0.0133076872048525
fibroblast_repair_activation	475	0.0672285485276756
fibroblast_repair_activation	476	-0.0415122026052547
fibroblast_repair_activation	477	0.00505387473505588
fibroblast_repair_activation	478	0.0180707800234252
fibroblast_repair_activation	479	0.0278486955774287
fibroblast_repair_activation	480	0.0408550629734308
fibroblast_repair_activation	481	0.0458986987917577
fibroblast_repair_activation	482	0.00372042914541758
fibroblast_repair_activation	483	0.0662309384316015
fibroblast_repair_activation	484	0.0210470432063011
fibroblast_repair_activation	485	0.0627119554144666
fibroblast_repair_activation	486	0.0171550975734893
fibroblast_repair_activation	487	0.0328883195819442
fibroblast_repair_activation	488	0.0543466904572764
fibroblast_repair_activation	489	0.0565405055574976
fibroblast_repair_activation	490	0.0412721681522326
fibroblast_repair_activation	491	0.0410147221186782
fibroblast_repair_activation	492	0.00232243304170963
fibroblast_repair_activation	493	-0.00670968714687131
fibroblast_repair_activation	494	0.00117300167095273
fibroblast_repair_activation	495	0.0113734820372048
fibroblast_repair_activation	496	-0.007899902302277
fibroblast_repair_activation	497	0.0665703612630378
fibroblast_repair_activation	498	0.0185445248155105
fibroblast_repair_activation	499	0.0537065480466047
fibroblast_repair_activation	500	0.0117812513453429
fibroblast_repair_activation	501	0.0774457269586789
fibroblast_repair_activation	502	0.0542035311479315
fibroblast_repair_activation	503	0.0311791334619647
fibroblast_repair_activation	504	0.0670090613226055
fibroblast_repair_activation	505	0.0399254945342761
fibroblast_repair_activation	506	0.00652422872992247
fibroblast_repair_activation	507	0.0760221845299185
fibroblast_repair_activation	508	-0.00151353458961927
fibroblast_repair_activation	509	0.00165830960887983
fibroblast_repair_activation	510	-0.0342230873366821
fibroblast_repair_activation	511	-0.00918926821279716
fibroblast_repair_activation	512	0.0355814765099241
fibroblast_repair_activation	513	0.0407661340423806
fibroblast_repair_activation	514	0.0249082783165758
fibroblast_repair_activation	515	-0.00597514451145146
fibroblast_repair_activation	516	-0.00382306440595706
fibroblast_repair_activation	517	0.0407306466896107
fibroblast_repair_activation	518	0.0470772324020162
fibroblast_repair_activation	519	-0.00843077875451512
fibroblast_repair_activation	520	0.022768642835625
fibroblast_repair_activation	521	0.00404870855904365
fibroblast_repair_activation	522	0.00437481856515885
fibroblast_repair_activation	523	0.00769297848143895
fibroblast_repair_activation	524	0.0633524064526166
fibroblast_repair_activation	525	0.0135582045631959
fibroblast_repair_activation	526	-0.00717766168609028
fibroblast_repair_activation	527	-0.00550511339497383
fibroblast_repair_activation	528	-0.0159902336429524
fibroblast_repair_activation	529	0.0194790036324288
fibroblast_repair_activation	530	0.00873304969242365
fibroblast_repair_activation	531	0.020241638421811
fibroblast_repair_activation	532	0.0126515191199933
fibroblast_repair_activation	533	0.000999896830028843
fibroblast_repair_activation	534	-0.014453286575367
fibroblast_repair_activation	535	0.0352756246663574
fibroblast_repair_activation	536	0.0385787477259496
fibroblast_repair_activation	537	0.0472445392496581
fibroblast_repair_activation	538	0.0408617440719913
fibroblast_repair_activation	539	0.00367845399317817
fibroblast_repair_activation	540	0.0146563146866286
fibroblast_repair_activation	541	0.00122191034329161
fibroblast_repair_activation	542	0.00381318417388457
fibroblast_repair_activation	543	0.0724690929473667
fibroblast_repair_activation	544	-0.0119541607549917
fibroblast_repair_activation	545	0.0079633536311149
fibroblast_repair_activation	546	0.0288400691300593
fibroblast_repair_activation	547	0.00208060654934884
fibroblast_repair_activation	548	0.0380800255654047
fibroblast_repair_activation	549	0.00476131576963008
fibroblast_repair_activation	550	0.0319816593282412
fibroblast_repair_activation	551	0.0469416732095251
fibroblast_repair_activation	552	-0.029447948645505
fibroblast_repair_activation	553	-0.00785665983083951
fibroblast_repair_activation	554	0.0597306199046206
fibroblast_repair_activation	555	0.00214290044904993
fibroblast_repair_activation	556	-0.0104952499675314
fibroblast_repair_activation	557	0.0618727445664664
fibroblast_repair_activation	558	0.0175371895147105
fibroblast_repair_activation	559	-0.00580931044137438
fibroblast_repair_activation	560	-0.0122712027388732
fibroblast_repair_activation	561	0.0509755746974986
fibroblast_repair_activation	562	0.0020407294227009
fibroblast_repair_activation	563	0.0302694470453235
fibroblast_repair_activation	564	-0.0133121924564464
fibroblast_repair_activation	565	0.022703530946182
fibroblast_repair_activation	566	-0.0298681820089165
fibroblast_repair_activation	567	0.00950130048221556
fibroblast_repair_activation	568	0.0637585020817249
fibroblast_repair_activation	569	0.0381984812247224
fibroblast_repair_activation	570	0.0548793249676793
fibroblast_repair_activation	571	0.00294213050445671
fibroblast_repair_activation	572	0.0013595467439837
fibroblast_repair_activation	573	0.0306088307057848
fibroblast_repair_activation	574	0.0168834968562494
fibroblast_repair_activation	575	0.0430752914602453
fibroblast_repair_activation	576	0.0292997209896998
fibroblast_repair_activation	577	-0.0615036408239159
fibroblast_repair_activation	578	0.0158773008549979
fibroblast_repair_activation	579	-0.0229708752665304
fibroblast_repair_activation	580	0.025340831428456
fibroblast_repair_activation	581	0.0416312722658005
fibroblast_repair_activation	582	0.010701866276513
fibroblast_repair_activation	583	0.0111564939795242
fibroblast_repair_activation	584	0.0276242839900181
fibroblast_repair_activation	585	-0.000889773353573767
fibroblast_repair_activation	586	0.0274106086992894
fibroblast_repair_activation	587	0.0355724078692241
fibroblast_repair_activation	588	-0.0567691606328557
fibroblast_repair_activation	589	-0.0461371767167928
fibroblast_repair_activation	590	-0.0132588062145626
fibroblast_repair_activation	591	0.0729940785895426
fibroblast_repair_activation	592	0.0154502172355792
fibroblast_repair_activation	593	0.0098145709311193
fibroblast_repair_activation	594	-0.00732551113472393
fibroblast_repair_activation	595	0.0153348250012104
fibroblast_repair_activation	596	0.00911107892516092
fibroblast_repair_activation	597	0.0244548716980132
fibroblast_repair_activation	598	0.034460881330715
fibroblast_repair_activation	599	-0.00955193364105296
fibroblast_repair_activation	600	0.0404427685698733
fibroblast_repair_activation	601	0.0491395977824592
fibroblast_repair_activation	602	-0.0381873434150914
fibroblast_repair_activation	603	-0.00432661572730956
fibroblast_repair_activation	604	0.0359166304207551
fibroblast_repair_activation	605	0.00264867948863393
fibroblast_repair_activation	606	0.0396812120253367
fibroblast_repair_activation	607	0.00341224164544849
fibroblast_repair_activation	608	0.0137628342028717
fibroblast_repair_activation	609	0.0279458877867886
fibroblast_repair_activation	610	0.0106433988422072
fibroblast_repair_activation	611	0.00800228183279246
fibroblast_repair_activation	612	0.0329269529403072
fibroblast_repair_activation	613	-0.00345007339305844
fibroblast_repair_activation	614	0.0275916015338034
fibroblast_repair_activation	615	0.0256655560389511
fibroblast_repair_activation	616	-0.0176683135364254
fibroblast_repair_activation	617	-0.00227162184175645
fibroblast_repair_activation	618	0.0230772720482361
fibroblast_repair_activation	619	0.0271701738946815
fibroblast_repair_activation	620	0.00432664088002282
fibroblast_repair_activation	621	0.0572217301768174
fibroblast_repair_activation	622	0.0195468325373635
fibroblast_repair_activation	623	-0.00644972294719448
fibroblast_repair_activation	624	-0.0133948517276898
fibroblast_repair_activation	625	0.0281355607902718
fibroblast_repair_activation	626	0.012732210208291
fibroblast_repair_activation	627	0.0662469036756232
fibroblast_repair_activation	628	-0.0112285588146561
fibroblast_repair_activation	629	0.0428868108116242
fibroblast_repair_activation	630	0.0195703561515351
fibroblast_repair_activation	631	0.0329936585399539
fibroblast_repair_activation	632	-0.0175972442430232
fibroblast_repair_activation	633	-0.00665174453996736
fibroblast_repair_activation	634	0.011146148082369
fibroblast_repair_activation	635	0.0189043393749092
fibroblast_repair_activation	636	0.0138667490331416
fibroblast_repair_activation	637	0.0212280049688054
fibroblast_repair_activation	638	-0.00702440785254649
fibroblast_repair_activation	639	0.00553001971477028
fibroblast_repair_activation	640	0.0457216381001213
fibroblast_repair_activation	641	-0.0349308782340736
fibroblast_repair_activation	642	-0.0180496076175525
fibroblast_repair_activation	643	0.0375366239994285
fibroblast_repair_activation	644	0.0359839268927244
fibroblast_repair_activation	645	0.0142907914546082
fibroblast_repair_activation	646	0.0507468358459088
fibroblast_repair_activation	647	-0.0160518346669953
fibroblast_repair_activation	648	-0.000980551697110789
fibroblast_repair_activation	649	-0.00617573509536463
fibroblast_repair_activation	650	0.0035189579948208
fibroblast_repair_activation	651	0.0446644540454909
fibroblast_repair_activation	652	0.0131372904477551
fibroblast_repair_activation	653	0.0601294214703113
fibroblast_repair_activation	654	-0.0191292636036864
fibroblast_repair_activation	655	-0.0166749770236542
fibroblast_repair_activation	656	-0.0211521295101057
fibroblast_repair_activation	657	-0.0178569653640153
fibroblast_repair_activation	658	-0.00762834962664254
fibroblast_repair_activation	659	0.0116856165045964
fibroblast_repair_activation	660	0.0123357477480813
fibroblast_repair_activation	661	-0.0247986812277446
fibroblast_repair_activation	662	0.0239113474090662
fibroblast_repair_activation	663	0.0129956116764356
fibroblast_repair_activation	664	0.0440214997992526
fibroblast_repair_activation	665	-0.0513675168399392
fibroblast_repair_activation	666	-0.0183828928281106
fibroblast_repair_activation	667	0.0007406612610783
fibroblast_repair_activation	668	-0.0230919322246298
fibroblast_repair_activation	669	0.0241595309662546
fibroblast_repair_activation	670	0.0611274428907801
fibroblast_repair_activation	671	0.0172312711529647
fibroblast_repair_activation	672	0.0345396833020302
fibroblast_repair_activation	673	0.0412916338182784
fibroblast_repair_activation	674	0.0317493362237584
fibroblast_repair_activation	675	0.0213107903109958
fibroblast_repair_activation	676	0.0451499762679062
fibroblast_repair_activation	677	0.0189334950107774
fibroblast_repair_activation	678	0.0275083402349339
fibroblast_repair_activation	679	0.0112793989487053
fibroblast_repair_activation	680	0.0167255758518222
fibroblast_repair_activation	681	0.0224914829302468
fibroblast_repair_activation	682	-0.00212049900831831
fibroblast_repair_activation	683	0.0194473219734793
fibroblast_repair_activation	684	-0.067619368535671
fibroblast_repair_activation	685	-0.0302314913320843
fibroblast_repair_activation	686	0.0545445177242483
fibroblast_repair_activation	687	-0.00591983404433626
fibroblast_repair_activation	688	0.0132362456162335
fibroblast_repair_activation	689	0.025861390206965
fibroblast_repair_activation	690	-0.00414963123628517
fibroblast_repair_activation	691	-0.0109260960393311
fibroblast_repair_activation	692	0.0460305507704274
fibroblast_repair_activation	693	0.0139617663474264
fibroblast_repair_activation	694	0.0560409516332158
fibroblast_repair_activation	695	0.0344409832140776
fibroblast_repair_activation	696	0.00903878165661578
fibroblast_repair_activation	697	0.0102244555365533
fibroblast_repair_activation	698	0.0163842106278073
fibroblast_repair_activation	699	-0.0174144758864588
fibroblast_repair_activation	700	0.00359816083236027
fibroblast_repair_activation	701	0.0254166600221846
fibroblast_repair_activation	702	0.0723646293140726
fibroblast_repair_activation	703	-0.0187889613417439
fibroblast_repair_activation	704	0.0640896078768863
fibroblast_repair_activation	705	0.03714514143202
fibroblast_repair_activation	706	0.0195014114872789
fibroblast_repair_activation	707	0.000222415751715128
fibroblast_repair_activation	708	0.000361910418942598
fibroblast_repair_activation	709	0.0507094769176654
fibroblast_repair_activation	710	0.00362763350818625
fibroblast_repair_activation	711	0.0489088175229168
fibroblast_repair_activation	712	0.00687826571221177
fibroblast_repair_activation	713	0.00742189149483292
fibroblast_repair_activation	714	0.00292428439784355
fibroblast_repair_activation	715	0.0286533229969841
fibroblast_repair_activation	716	0.0154125258736562
fibroblast_repair_activation	717	-0.0249421300243992
fibroblast_repair_activation	718	-0.016797415287864
fibroblast_repair_activation	719	0.0431892402785311
fibroblast_repair_activation	720	-0.0266664312199207
fibroblast_repair_activation	721	0.0560232099638554
fibroblast_repair_activation	722	0.0559395574135203
fibroblast_repair_activation	723	0.0624664170504491
fibroblast_repair_activation	724	-0.0178571302140811
fibroblast_repair_activation	725	-0.00733365256218994
fibroblast_repair_activation	726	0.0229648814419136
fibroblast_repair_activation	727	-0.0019551249657103
fibroblast_repair_activation	728	0.0505236369902597
fibroblast_repair_activation	729	0.0565866075707615
fibroblast_repair_activation	730	0.0390462805133007
fibroblast_repair_activation	731	-0.0144564500196809
fibroblast_repair_activation	732	0.0337642923477682
fibroblast_repair_activation	733	-0.000227910366928361
fibroblast_repair_activation	734	-0.00096444113419088
fibroblast_repair_activation	735	0.0158561981865248
fibroblast_repair_activation	736	0.00395479936124612
fibroblast_repair_activation	737	0.021726070435544
fibroblast_repair_activation	738	-0.00659356917027602
fibroblast_repair_activation	739	0.0385250749955626
fibroblast_repair_activation	740	0.0490282413411202
fibroblast_repair_activation	741	0.0199243061314722
fibroblast_repair_activation	742	0.0116188260257545
fibroblast_repair_activation	743	0.00691008141421463
fibroblast_repair_activation	744	0.0324604988734133
fibroblast_repair_activation	745	0.0056992482450196
fibroblast_repair_activation	746	0.0369920647135901
fibroblast_repair_activation	747	0.0234879991622623
fibroblast_repair_activation	748	-0.0137431952673566
fibroblast_repair_activation	749	0.0247367218389582
fibroblast_repair_activation	750	0.00703808759169764
fibroblast_repair_activation	751	0.0327548808385849
fibroblast_repair_activation	752	0.0235438503342204
fibroblast_repair_activation	753	0.0275932734879413
fibroblast_repair_activation	754	0.0409075279240436
fibroblast_repair_activation	755	0.0371111495017841
fibroblast_repair_activation	756	0.00455426999813169
fibroblast_repair_activation	757	0.0264749541636257
fibroblast_repair_activation	758	0.0137392429693085
fibroblast_repair_activation	759	-0.0131892840188126
fibroblast_repair_activation	760	0.0687473965530381
fibroblast_repair_activation	761	0.0642218282259109
fibroblast_repair_activation	762	0.000363265331837779
fibroblast_repair_activation	763	0.0347096535510996
fibroblast_repair_activation	764	0.0640673687478063
fibroblast_repair_activation	765	0.0542701380882663
fibroblast_repair_activation	766	0.0106058674819179
fibroblast_repair_activation	767	0.0112008423213975
fibroblast_repair_activation	768	0.018981334781529
fibroblast_repair_activation	769	-0.00611363208497637
fibroblast_repair_activation	770	0.035867282338415
fibroblast_repair_activation	771	0.0236975859913816
fibroblast_repair_activation	772	0.00102315173882999
fibroblast_repair_activation	773	0.0123923504801127
fibroblast_repair_activation	774	0.0133713125178447
fibroblast_repair_activation	775	0.0302138160484383
fibroblast_repair_activation	776	0.0204542719814268
fibroblast_repair_activation	777	-0.0307363733367361
fibroblast_repair_activation	778	0.0209373570497439
fibroblast_repair_activation	779	0.0315742276867704
fibroblast_repair_activation	780	0.0204012396563592
fibroblast_repair_activation	781	0.0142588727789578
fibroblast_repair_activation	782	0.0161169974382999
fibroblast_repair_activation	783	0.0400113969211735
fibroblast_repair_activation	784	0.0237674013134097
fibroblast_repair_activation	785	0.0201649641939314
fibroblast_repair_activation	786	0.0168861319248502
fibroblast_repair_activation	787	0.0310871873886236
fibroblast_repair_activation	788	0.0228644391648229
fibroblast_repair_activation	789	-0.000785874622751211
fibroblast_repair_activation	790	0.0163539341347766
fibroblast_repair_activation	791	0.00795727109584076
fibroblast_repair_activation	792	0.0488966034464313
fibroblast_repair_activation	793	0.030159245201593
fibroblast_repair_activation	794	0.0323871350679364
fibroblast_repair_activation	795	0.0249717964264822
fibroblast_repair_activation	796	0.0492849095357436
fibroblast_repair_activation	797	-0.0271642099984782
fibroblast_repair_activation	798	0.0359384698518628
fibroblast_repair_activation	799	-0.0186077226013408
fibroblast_repair_activation	800	0.0164434145414653
fibroblast_repair_activation	801	0.0250329158300875
fibroblast_repair_activation	802	0.0130357314065863
fibroblast_repair_activation	803	0.00989497550972799
fibroblast_repair_activation	804	0.00548422396857897
fibroblast_repair_activation	805	0.0117040889351209
fibroblast_repair_activation	806	0.000329480141035834
fibroblast_repair_activation	807	0.0545595743817914
fibroblast_repair_activation	808	-0.00391079647003906
fibroblast_repair_activation	809	-0.0129379845209511
fibroblast_repair_activation	810	-0.00891878612787328
fibroblast_repair_activation	811	0.0120482989284957
fibroblast_repair_activation	812	0.0288112387921406
fibroblast_repair_activation	813	0.0399687977599291
fibroblast_repair_activation	814	-0.0102976068930831
fibroblast_repair_activation	815	0.00918866118490548
fibroblast_repair_activation	816	0.0236898208231795
fibroblast_repair_activation	817	-0.00183671898403307
fibroblast_repair_activation	818	0.0071649675003253
fibroblast_repair_activation	819	0.0593695380561413
fibroblast_repair_activation	820	0.0178413921790882
fibroblast_repair_activation	821	0.0602943247305521
fibroblast_repair_activation	822	0.0411483792857851
fibroblast_repair_activation	823	0.0242804060172307
fibroblast_repair_activation	824	0.0138202643602246
fibroblast_repair_activation	825	-0.0266562173502138
fibroblast_repair_activation	826	-0.008568635455111
fibroblast_repair_activation	827	0.0600021690511822
fibroblast_repair_activation	828	-0.0300860069571345
fibroblast_repair_activation	829	0.0230133283143348
fibroblast_repair_activation	830	0.0072085705790351
fibroblast_repair_activation	831	0.0262883686024677
fibroblast_repair_activation	832	0.0413766771404367
fibroblast_repair_activation	833	0.0367911108086491
fibroblast_repair_activation	834	0.0471834292770971
fibroblast_repair_activation	835	0.0177666717916138
fibroblast_repair_activation	836	0.0680950694600123
fibroblast_repair_activation	837	0.0357237917271633
fibroblast_repair_activation	838	0.0445826538673267
fibroblast_repair_activation	839	0.0219631309528421
fibroblast_repair_activation	840	0.0328908621483874
fibroblast_repair_activation	841	0.0269018735006633
fibroblast_repair_activation	842	0.0116288057442843
fibroblast_repair_activation	843	0.00159727292862269
fibroblast_repair_activation	844	-0.0431315064661065
fibroblast_repair_activation	845	0.0349678545976595
fibroblast_repair_activation	846	0.030832281594207
fibroblast_repair_activation	847	-0.0215839233969469
fibroblast_repair_activation	848	-0.0241301755706653
fibroblast_repair_activation	849	0.0274489703867121
fibroblast_repair_activation	850	0.00820624147934054
fibroblast_repair_activation	851	0.00362617630717969
fibroblast_repair_activation	852	0.0168594492053745
fibroblast_repair_activation	853	0.0235707623563451
fibroblast_repair_activation	854	0.0332819162082684
fibroblast_repair_activation	855	0.0213480597702255
fibroblast_repair_activation	856	-0.0155414112223646
fibroblast_repair_activation	857	-0.000611248848885824
fibroblast_repair_activation	858	0.0182739133215367
fibroblast_repair_activation	859	0.0301530667909214
fibroblast_repair_activation	860	0.0277197807227057
fibroblast_repair_activation	861	0.00469000232605507
fibroblast_repair_activation	862	-0.00685697650948218
fibroblast_repair_activation	863	0.0237037703701412
fibroblast_repair_activation	864	0.0491319761213061
fibroblast_repair_activation	865	-0.0122275209432322
fibroblast_repair_activation	866	0.0419714069176696
fibroblast_repair_activation	867	0.0165077150451883
fibroblast_repair_activation	868	-0.00305297312521921
fibroblast_repair_activation	869	-0.0117658537381311
fibroblast_repair_activation	870	0.0407843590851099
fibroblast_repair_activation	871	0.0222397211612216
fibroblast_repair_activation	872	0.0107874341330494
fibroblast_repair_activation	873	0.0264347101627986
fibroblast_repair_activation	874	0.00906008890093902
fibroblast_repair_activation	875	0.064658483653606
fibroblast_repair_activation	876	0.00167515903546988
fibroblast_repair_activation	877	0.0320745032059989
fibroblast_repair_activation	878	0.079412789159602
fibroblast_repair_activation	879	0.0259037250109962
fibroblast_repair_activation	880	-0.000143868106523439
fibroblast_repair_activation	881	0.0343121142432442
fibroblast_repair_activation	882	0.00988391404443233
fibroblast_repair_activation	883	0.0396217139281845
fibroblast_repair_activation	884	-0.00349112603016799
fibroblast_repair_activation	885	-0.0184582141176989
fibroblast_repair_activation	886	0.0157677647856777
fibroblast_repair_activation	887	0.0236549276768641
fibroblast_repair_activation	888	0.0386310938587496
fibroblast_repair_activation	889	-0.029202060498022
fibroblast_repair_activation	890	0.0363886819035631
fibroblast_repair_activation	891	0.00225842242645494
fibroblast_repair_activation	892	0.00555636680952251
fibroblast_repair_activation	893	0.005394043126676
fibroblast_repair_activation	894	0.0464074246952152
fibroblast_repair_activation	895	0.0341921381242766
fibroblast_repair_activation	896	0.052872520859655
fibroblast_repair_activation	897	0.00223703641468202
fibroblast_repair_activation	898	0.0668414607115052
fibroblast_repair_activation	899	0.00911791229394592
fibroblast_repair_activation	900	0.0489387927114622
fibroblast_repair_activation	901	0.0130256259027335
fibroblast_repair_activation	902	0.0159585607694074
fibroblast_repair_activation	903	0.0609930009219674
fibroblast_repair_activation	904	0.0655183253112979
fibroblast_repair_activation	905	0.0369303210562953
fibroblast_repair_activation	906	0.0335884964755711
fibroblast_repair_activation	907	0.0108203091110952
fibroblast_repair_activation	908	0.0183706223207226
fibroblast_repair_activation	909	0.0209228971237749
fibroblast_repair_activation	910	-0.00730532223586332
fibroblast_repair_activation	911	0.0326587728014967
fibroblast_repair_activation	912	0.015656419837603
fibroblast_repair_activation	913	-0.00745515948594006
fibroblast_repair_activation	914	0.0269462276339231
fibroblast_repair_activation	915	0.0551432096831156
fibroblast_repair_activation	916	0.0232987840027988
fibroblast_repair_activation	917	0.00231916950046868
fibroblast_repair_activation	918	0.0304379202952311
fibroblast_repair_activation	919	-0.0121146562777977
fibroblast_repair_activation	920	0.0433822313718409
fibroblast_repair_activation	921	0.039392181579342
fibroblast_repair_activation	922	0.0140942826820787
fibroblast_repair_activation	923	0.00493829959390325
fibroblast_repair_activation	924	-0.00300221415824128
fibroblast_repair_activation	925	0.0355572263900523
fibroblast_repair_activation	926	0.0179786635542267
fibroblast_repair_activation	927	0.0452775470303367
fibroblast_repair_activation	928	-0.0550740047296407
fibroblast_repair_activation	929	0.0207130838018922
fibroblast_repair_activation	930	-0.0138567578249845
fibroblast_repair_activation	931	0.0350991029175114
fibroblast_repair_activation	932	0.0428047364240729
fibroblast_repair_activation	933	0.000844583892058627
fibroblast_repair_activation	934	0.0747167694597953
fibroblast_repair_activation	935	-0.00503963183716472
fibroblast_repair_activation	936	0.0460650931386277
fibroblast_repair_activation	937	0.0185389961398606
fibroblast_repair_activation	938	-0.00326350400720238
fibroblast_repair_activation	939	-0.00280772657968834
fibroblast_repair_activation	940	0.0411402021151392
fibroblast_repair_activation	941	-0.013989591745891
fibroblast_repair_activation	942	-0.000749049248882664
fibroblast_repair_activation	943	-0.0489932023147247
fibroblast_repair_activation	944	-0.0307961822636175
fibroblast_repair_activation	945	0.00738994827035468
fibroblast_repair_activation	946	0.0290119045768051
fibroblast_repair_activation	947	0.0149402637149613
fibroblast_repair_activation	948	0.00723623713288779
fibroblast_repair_activation	949	-0.00234619115801182
fibroblast_repair_activation	950	0.0041649175985602
fibroblast_repair_activation	951	0.0113371970996685
fibroblast_repair_activation	952	0.0380964587022399
fibroblast_repair_activation	953	0.0249299635726391
fibroblast_repair_activation	954	-0.0112089267007243
fibroblast_repair_activation	955	0.0246724284919293
fibroblast_repair_activation	956	0.00881378354328947
fibroblast_repair_activation	957	0.0344871851683025
fibroblast_repair_activation	958	0.011832028301145
fibroblast_repair_activation	959	0.0551230729374548
fibroblast_repair_activation	960	0.0266479123449752
fibroblast_repair_activation	961	0.0386545654363576
fibroblast_repair_activation	962	-0.0124484886179966
fibroblast_repair_activation	963	0.0303076694952237
fibroblast_repair_activation	964	0.0200364851599486
fibroblast_repair_activation	965	0.0423760565734136
fibroblast_repair_activation	966	-0.0182275803263722
fibroblast_repair_activation	967	-0.0107183615373512
fibroblast_repair_activation	968	0.0496926937843659
fibroblast_repair_activation	969	-0.01093978536085
fibroblast_repair_activation	970	0.0370393889300669
fibroblast_repair_activation	971	0.0397814123917222
fibroblast_repair_activation	972	0.0248270801978179
fibroblast_repair_activation	973	0.0298275568540943
fibroblast_repair_activation	974	0.059243695615973
fibroblast_repair_activation	975	0.00636685593546724
fibroblast_repair_activation	976	0.0661652818839062
fibroblast_repair_activation	977	0.00281290095647207
fibroblast_repair_activation	978	0.0601302535016449
fibroblast_repair_activation	979	0.0500411449482099
fibroblast_repair_activation	980	0.0190208210182563
fibroblast_repair_activation	981	0.0173210291109935
fibroblast_repair_activation	982	0.0415556952743853
fibroblast_repair_activation	983	0.0180848033605815
fibroblast_repair_activation	984	0.0380580874234766
fibroblast_repair_activation	985	0.0385822084862682
fibroblast_repair_activation	986	0.0259891660819591
fibroblast_repair_activation	987	0.0522051186478394
fibroblast_repair_activation	988	0.0111610456365045
fibroblast_repair_activation	989	0.0366308800215769
fibroblast_repair_activation	990	0.00859755814838297
fibroblast_repair_activation	991	0.047279074883307
fibroblast_repair_activation	992	0.0129506601259229
fibroblast_repair_activation	993	0.0211376323098767
fibroblast_repair_activation	994	0.00467665704769164
fibroblast_repair_activation	995	0.018406565467536
fibroblast_repair_activation	996	0.0100420231949254
fibroblast_repair_activation	997	0.0245730141143214
fibroblast_repair_activation	998	0.00362464144270218
fibroblast_repair_activation	999	0.0156382444352006
fibroblast_repair_activation	1000	0.0499213277096321
