query	query_gene_n	library	rank	term	p_value	z_score	combined_score	overlap_genes	adjusted_p_value
SRRS_repair_ligand_receiver_core	39	Ligand_Perturbations_from_GEO_up	1	Interleukin-1 beta mouse embryonic fibroblasts GDS2641 ligand:58	1.4352271675051487e-17	47.62172413793103	1846.8953947732432	IL11;FLT1;TNFAIP6;SDC4;CCL20;MMP3;TNC;PTGS2;THBS1;HIF1A;MMP10;IL6;PDPN;CD47	2.7556361616098855e-15
SRRS_repair_ligand_receiver_core	39	Ligand_Perturbations_from_GEO_up	2	Interleukin-1B human myometrium GSE68171 ligand:241	1.3289674795666659e-09	19.209443573667713	392.6191956388459	IL11;IL6;TNFAIP6;SDC4;CCL20;WNT5A;SERPINE1;INHBA;PTGS2;MMP10	9.529184486173371e-08
SRRS_repair_ligand_receiver_core	39	Ligand_Perturbations_from_GEO_up	3	interleukin-1 rat chondrocyte GDS2472 ligand:228	1.4889350759645893e-09	23.36916996047431	474.98316280344113	IL6;TNFRSF12A;SDC4;CCL20;MMP3;PDPN;CD47;IL6ST;PTGS2	9.529184486173371e-08
SRRS_repair_ligand_receiver_core	39	Ligand_Perturbations_from_GEO_up	4	Interleukin 1, beta human amnion mesenchymal cells (AMC) GDS4595 ligand:24	9.192971865817866e-09	15.551485227363223	287.7775370765505	IL6;TNFAIP6;SDC4;CCL20;BAMBI;PDPN;TNC;INHBA;PTGS2;MMP10	3.5538921204155984e-07
SRRS_repair_ligand_receiver_core	39	Ligand_Perturbations_from_GEO_up	5	Interleukin-1 human epidermal keratinocyte GDS3011 ligand:227	9.254927396915621e-09	18.771019108280253	347.2283713157661	TNFAIP6;SDC4;CCL20;BAMBI;SERPINE1;ITGA5;INHBA;CD47;HIF1A	3.5538921204155984e-07
SRRS_repair_ligand_receiver_core	39	Ligand_Perturbations_from_GEO_up	6	TGF-beta human A549 epithelial cells GDS3710 ligand:252	1.1144803274246061e-08	18.35514018691589	336.12469638044473	IL11;TNFRSF12A;TNFAIP6;SDC4;SERPINE1;ITGAV;INHBA;THBS1;MMP10	3.5663370477587395e-07
SRRS_repair_ligand_receiver_core	39	Ligand_Perturbations_from_GEO_up	7	TGF-beta1 human IOSE - immortalized ovarian surface epithelial cell line GDS2975 ligand:256	1.8533404423836964e-08	17.26099706744868	307.3094596691685	IL11;IL6;TNFAIP6;WNT5A;ADAM12;ITGAV;INHBA;PTGS2;THBS1	5.083448070538139e-07
SRRS_repair_ligand_receiver_core	39	Ligand_Perturbations_from_GEO_up	8	transforming growth factor-beta human fibroblasts GDS4574 ligand:18	2.4780302292997416e-08	16.66402266288952	291.8406410178668	PDGFRB;IL11;IL6;TNFRSF12A;TNFAIP6;SERPINE1;ITGA5;PTGS2;HIF1A	5.94727255031938e-07
SRRS_repair_ligand_receiver_core	39	Ligand_Perturbations_from_GEO_up	9	TGF-beta human A549 epithelial cells GDS3710 ligand:251	3.6758781038721726e-08	15.884594594594594	271.9266069094861	ACVR1;IL11;TNFRSF12A;SDC4;SERPINE1;PLOD2;ITGAV;THBS1;MMP10	7.841873288260634e-07
SRRS_repair_ligand_receiver_core	39	Ligand_Perturbations_from_GEO_up	10	Interleukin 1, beta human amnion mesenchymal cells (AMC) GDS4595 ligand:23	5.352640065119736e-08	15.173643410852714	254.0536899204188	IL6;LRP1;TNFAIP6;SDC4;CCL20;PDPN;TNC;INHBA;PTGS2	1.0277068925029893e-06
SRRS_repair_ligand_receiver_core	39	Ligand_Perturbations_from_GEO_up	11	TGF-beta human A549 epithelial cells GDS3710 ligand:253	8.878023144040015e-08	17.566246232838488	285.22492886479967	IL11;TNFRSF12A;TNFAIP6;SERPINE1;ITGA5;INHBA;THBS1;MMP10	1.4204837030464024e-06
SRRS_repair_ligand_receiver_core	39	Ligand_Perturbations_from_GEO_up	12	TGF-beta human HMEC-TR mammary epithelial cell line GDS4071 ligand:245	8.878023144040015e-08	17.566246232838488	285.22492886479967	IL6;TNFRSF12A;SDC4;SERPINE1;TNC;ITGA5;PTGS2;THBS1	1.4204837030464024e-06
SRRS_repair_ligand_receiver_core	39	Ligand_Perturbations_from_GEO_up	13	TGF-beta human A549 epithelial cells GDS3710 ligand:254	1.1446999159129371e-07	16.970115438558636	271.2325596732118	IL11;TNFRSF12A;TNFAIP6;SERPINE1;ITGA5;INHBA;THBS1;MMP10	1.6906337219637227e-06
SRRS_repair_ligand_receiver_core	39	Ligand_Perturbations_from_GEO_up	14	interleukin-1&Icirc;&sup2; human fibroblast GDS4539 ligand:208	1.4448858502115663e-07	13.434633027522937	211.59634785338704	IL11;IL6;TNFAIP6;CCL20;BAMBI;MMP3;PDPN;TNC;PTGS2	1.981557737433005e-06
SRRS_repair_ligand_receiver_core	39	Ligand_Perturbations_from_GEO_up	15	interleukin-17A human keratinocyte GDS4601 ligand:185	2.1309759035570507e-07	15.591861042183623	239.51461671799598	ACVR1;CCL20;MMP3;WNT5A;TNC;IL6ST;PTGS2;MMP10	2.7276491565530252e-06
SRRS_repair_ligand_receiver_core	39	Ligand_Perturbations_from_GEO_up	16	TGF-beta human A549 epithelial cells GDS3710 ligand:250	7.05491786316618e-07	13.226819793953725	187.3495788505183	ACVR1;IL11;TNFRSF12A;SDC4;SERPINE1;PLOD2;THBS1;MMP10	8.465901435799416e-06
SRRS_repair_ligand_receiver_core	39	Ligand_Perturbations_from_GEO_up	17	estradiol mouse mammary gland GSE48884 ligand:115	1.8012817608989596e-06	11.611119369704177	153.58041589937906	TNFRSF12A;LRP1;TNFAIP6;MMP3;PDPN;ITGA8;PLOD2;THBS1	2.0343888123094132e-05
SRRS_repair_ligand_receiver_core	39	Ligand_Perturbations_from_GEO_up	18	estrogen mouse beta null aorta GDS3064 ligand:27	1.9759191129740065e-06	14.239755794701987	187.0317434646521	TNFRSF12A;SDC4;MMP3;PDPN;PLOD2;ITGA5;THBS1	2.08400044404374e-05
SRRS_repair_ligand_receiver_core	39	Ligand_Perturbations_from_GEO_up	19	interleukin-15 human PBMC GSE59184 ligand:145	2.062292106084951e-06	14.144634046052632	185.1771997511173	IL6;TNFAIP6;SDC4;INHBA;CD47;THBS1;HIF1A	2.08400044404374e-05
SRRS_repair_ligand_receiver_core	39	Ligand_Perturbations_from_GEO_up	20	interleukin-15 human PBMC GSE59184 ligand:144	2.543102950836193e-06	13.68720143312102	176.32024781429328	IL6;TNFAIP6;CCL20;INHBA;CD47;PTGS2;HIF1A	2.4413788328027455e-05
SRRS_repair_ligand_receiver_core	39	Ligand_Perturbations_from_GEO_up	21	angiotensin II mouse suprarenal aorta GSE17901 ligand:260	6.703737584523646e-06	11.74417808219178	139.9065771229556	IL6;TNFAIP6;SERPINE1;PLOD2;PTGS2;THBS1;WISP1	6.12913150585019e-05
SRRS_repair_ligand_receiver_core	39	Ligand_Perturbations_from_GEO_up	22	TGF-beta human prostate fibroblasts GSE68164 ligand:240	7.923170436401275e-06	14.815176558978212	174.01490264331213	IL11;IL6;TNFAIP6;SERPINE1;TNC;PLOD2	6.767801657573463e-05
SRRS_repair_ligand_receiver_core	39	Ligand_Perturbations_from_GEO_up	23	interferon-y human keratinocyte GDS4601 ligand:177	8.107262402301545e-06	11.39419880319149	133.5713474965794	IL6;TNFAIP6;CCL20;MMP3;CD47;IL6ST;MMP10	6.767801657573463e-05
SRRS_repair_ligand_receiver_core	39	Ligand_Perturbations_from_GEO_up	24	TGF-beta mouse embryonic fibroblasts GDS4898 ligand:244	1.4658775354410441e-05	18.669871794871796	207.80447408303743	IL6;MMP3;COL10A1;PTGS2;MMP10	0.00011727020283528353
SRRS_repair_ligand_receiver_core	39	Ligand_Perturbations_from_GEO_up	25	TGF-beta1 human IOSE - immortalized ovarian surface epithelial cell line GDS2975 ligand:255	1.7681999717739116e-05	10.055294117647058	110.03471551513763	IL11;IL6;TNFAIP6;TNC;ITGAV;INHBA;PTGS2	0.0001357977578322364
SRRS_repair_ligand_receiver_core	39	Ligand_Perturbations_from_GEO_up	26	TGF-beta1 human IOSE - immortalized ovarian surface epithelial cell line GDS2975 ligand:257	2.4646274898524795e-05	12.037955310682584	127.73335689233696	IL11;TNFAIP6;WNT5A;ADAM12;ITGAV;THBS1	0.00018200326078910618
SRRS_repair_ligand_receiver_core	39	Ligand_Perturbations_from_GEO_up	27	TNFSF11 (RANKL) human monocyte-derived macrophage GSE72292 ligand:239	3.1195426097950775e-05	11.525513196480938	119.57995485619706	PDGFRB;IL6;TNFAIP6;WNT5A;THBS1;ACVR2A	0.00022183414114098328
SRRS_repair_ligand_receiver_core	39	Ligand_Perturbations_from_GEO_up	28	estradiol human MCF-7 cells GDS4052 ligand:267	4.0422531996244875e-05	10.985174825174825	111.12738196858184	TGFBR3;CCL20;WNT5A;PLOD2;PTGS2;MMP10	0.0002771830765456791
SRRS_repair_ligand_receiver_core	39	Ligand_Perturbations_from_GEO_up	29	Interleukin-1 beta mouse embryonic fibroblasts GDS2641 ligand:57	5.006563387566923e-05	14.313242538394668	141.7322429647507	SDC4;CCL20;PTGS2;THBS1;HIF1A	0.0003314690242802928
SRRS_repair_ligand_receiver_core	39	Ligand_Perturbations_from_GEO_up	30	estrogen mouse alpha null aorta GDS3064 ligand:26	8.342415687301494e-05	19.722732919254657	185.22747886625268	BAMBI;SERPINE1;PLOD2;PTGS2	0.0005339146039872956
SRRS_repair_ligand_receiver_core	39	Ligand_Perturbations_from_GEO_up	31	calcitriol human RWPE1 prostate epithelial cell line GDS3761 ligand:192	8.809373963618074e-05	9.496242424242425	88.66745143455249	WNT5A;SERPINE1;PDPN;PTGS2;HIF1A;IL6R	0.0005456128390369904
SRRS_repair_ligand_receiver_core	39	Ligand_Perturbations_from_GEO_up	32	17beta-estradiol mouse bone marrow (BM) c-kit+ stem cells (SCs) GDS3816 ligand:28	9.735850295331242e-05	9.318895763921942	86.07966977706731	PDGFRB;IL6;SDC4;SERPINE1;PTGS2;THBS1	0.0005841510177198745
SRRS_repair_ligand_receiver_core	39	Ligand_Perturbations_from_GEO_up	33	interleukin-17 human keratinocyte GDS4601 ligand:180	0.00010888197256854821	9.124009324009323	83.25883034408396	IL11;MMP3;ITGA5;INHBA;PTGS2;MMP10	0.0006334951131260987
SRRS_repair_ligand_receiver_core	39	Ligand_Perturbations_from_GEO_up	34	CHEBI:60311 human Kidney GDS3945 ligand:170	0.00038528769857985135	9.113007979216924	71.64209661852355	SDC4;SERPINE1;IL6ST;ACVR1B;HIF1A	0.0021757422978626903
SRRS_repair_ligand_receiver_core	39	Ligand_Perturbations_from_GEO_up	35	Interleukin-1 beta mouse embryonic fibroblasts from IRAK-4 kinase deficient mutants GDS2641 ligand:60	0.000570573214126716	8.336875212512751	62.267029362104	TNFAIP6;SDC4;SERPINE1;PTGS2;HIF1A	0.003082532473839301
SRRS_repair_ligand_receiver_core	39	Ligand_Perturbations_from_GEO_up	36	TGF-beta human A549 epithelial cells GDS3710 ligand:248	0.000577974838844869	8.31242583488727	61.977282618849294	ACVR1;IL11;TNFRSF12A;BAMBI;SERPINE1	0.003082532473839301
SRRS_repair_ligand_receiver_core	39	Ligand_Perturbations_from_GEO_up	37	triiodothyronine (T3) human HepG2 cells GDS3945 ligand:65	0.0006560334112714369	8.075465480309772	59.18749976518893	SDC4;SERPINE1;IL6ST;HIF1A;ENG	0.003404281485516646
SRRS_repair_ligand_receiver_core	39	Ligand_Perturbations_from_GEO_up	38	Interleukin-6 mouse macrophage (SOCS3 KO) GSE411 ligand:234	0.0017211146919005338	8.62616310892173	54.90365735794816	SDC4;IL6ST;HIF1A;ENG	0.008696158443286906
SRRS_repair_ligand_receiver_core	39	Ligand_Perturbations_from_GEO_up	39	17beta-estradiol mouse bone marrow-derived CD44+ stromal cells (StroCs) GDS3816 ligand:29	0.0017794818253966448	6.405265231092437	40.55450808311388	PDGFRB;IL6;PLOD2;PTGS2;THBS1	0.00876052590964502
SRRS_repair_ligand_receiver_core	39	Ligand_Perturbations_from_GEO_up	40	Interleukin 17C human keratinocyte GDS4807 ligand:174	0.0022714887256796118	7.975278622087132	48.548071755120475	IL6;CCL20;MMP3;WISP1	0.010783759890741169
SRRS_repair_ligand_receiver_core	39	Ligand_Perturbations_from_GEO_up	41	estrogen mouse aorta GDS3064 ligand:25	0.0023589474760996308	7.890125313283208	47.73162666886442	MMP3;PDPN;PLOD2;THBS1	0.010783759890741169
SRRS_repair_ligand_receiver_core	39	Ligand_Perturbations_from_GEO_up	42	17beta-estradiol mouse ovarian cancer cells GSE45271 ligand:94	0.0023589474760996308	7.890125313283208	47.73162666886442	ADAM12;KDR;INHBA;PTGS2	0.010783759890741169
SRRS_repair_ligand_receiver_core	39	Ligand_Perturbations_from_GEO_up	43	triiodothyronine (T3) human HepG2 cells GDS3945 ligand:67	0.0026995517849817082	7.5926640926640925	44.90809892483098	SDC4;SERPINE1;ACVR1B;HIF1A	0.012053812621313673
SRRS_repair_ligand_receiver_core	39	Ligand_Perturbations_from_GEO_up	44	triiodothyronine (T3) human HepG2 cells GDS3945 ligand:70	0.002798011870341256	7.515336837075967	44.181509108079915	SDC4;SERPINE1;IL6ST;HIF1A	0.012209506343307298
SRRS_repair_ligand_receiver_core	39	Ligand_Perturbations_from_GEO_up	45	triiodothyronine (T3) human HepG2 cells GDS3945 ligand:69	0.0030726005978676985	7.316519311307585	42.327754153991286	TNFRSF12A;SDC4;SERPINE1;HIF1A	0.012634707651140227
SRRS_repair_ligand_receiver_core	39	Ligand_Perturbations_from_GEO_up	46	TGF-beta human Panc-1 cells GDS4106 ligand:16	0.0031801677459188738	7.244608294930876	41.66244793383516	IL11;TNFRSF12A;SERPINE1;THBS1	0.012634707651140227
SRRS_repair_ligand_receiver_core	39	Ligand_Perturbations_from_GEO_up	47	TGF-beta1 mouse renal mesangial MES-13 cells GDS1892 ligand:15	0.0031801677459188738	7.244608294930876	41.66244793383516	TNFRSF12A;SERPINE1;THBS1;WISP1	0.012634707651140227
SRRS_repair_ligand_receiver_core	39	Ligand_Perturbations_from_GEO_up	48	Interleukin 17C human keratinocyte GDS4807 ligand:172	0.0032165894512690913	7.220946256316031	41.44414198159105	IL6;TNFAIP6;CCL20;MMP10	0.012634707651140227
SRRS_repair_ligand_receiver_core	39	Ligand_Perturbations_from_GEO_up	49	triiodothyronine (T3) human HepG2 cells GDS3945 ligand:71	0.0032532959870958627	7.197435897435898	41.2275364543472	SDC4;SERPINE1;IL6ST;HIF1A	0.012634707651140227
SRRS_repair_ligand_receiver_core	39	Ligand_Perturbations_from_GEO_up	50	estradiol mouse urogenital sinus mesenchymal cells GSE16854 ligand:152	0.0032902884508177674	7.1740757644911	41.01261315760989	SERPINE1;TNC;PLOD2;IL6ST	0.012634707651140227
SRRS_repair_ligand_receiver_core	39	Ligand_Perturbations_from_GEO_up	51	Interleukin-13 human Breast cancer - MCF10CA1a cell line (pLKO-shSCR) GSE57677 ligand:242	0.0035573335913194684	7.014642857142857	39.55377536462683	TNFAIP6;TNC;THBS1;MMP10	0.013392314696732115
SRRS_repair_ligand_receiver_core	39	Ligand_Perturbations_from_GEO_up	52	17beta-estradiol mouse uterus GDS1058 ligand:34	0.003716389191322813	6.92663139329806	38.75452155225757	ITGB1;SDC4;HIF1A;ENG	0.013722052398730387
SRRS_repair_ligand_receiver_core	39	Ligand_Perturbations_from_GEO_up	53	TGF-beta human A549 epithelial cells GDS3710 ligand:247	0.0038388162663043172	6.862035823503714	38.17070024983273	IL11;TNFRSF12A;BAMBI;SERPINE1	0.01390665515340432
SRRS_repair_ligand_receiver_core	39	Ligand_Perturbations_from_GEO_up	54	fibroblast growth factor 2 (FGF2) human embryonic fibroblast GDS2422 ligand:9	0.004006287904975861	6.777729823047044	37.4123242650037	ITGB1;IL11;TNFRSF12A;SERPINE1	0.014244579217691948
SRRS_repair_ligand_receiver_core	39	Ligand_Perturbations_from_GEO_up	55	angiotensin II mouse suprarenal aorta GSE17901 ligand:261	0.004135105570401067	6.715825491873396	36.85807834915245	IL6;PLOD2;THBS1;WISP1	0.014435277627581905
SRRS_repair_ligand_receiver_core	39	Ligand_Perturbations_from_GEO_up	56	17beta-estradiol mouse cervical tissue GSE46890 ligand:119	0.004584782104559733	6.517275747508306	35.09561265634142	ITGA8;TNC;INHBA;THBS1	0.015719252929919086
SRRS_repair_ligand_receiver_core	39	Ligand_Perturbations_from_GEO_up	57	angiotensin II mouse suprarenal aorta GSE17901 ligand:262	0.005688162025138294	6.118657298985168	31.62959186510696	IL6;PDPN;THBS1;WISP1	0.019160124716255306
SRRS_repair_ligand_receiver_core	39	Ligand_Perturbations_from_GEO_up	58	growth hormone mouse 3T3-F442A adipocytes GDS1489 ligand:10	0.006535611289454964	8.535405872193436	42.93726872576508	ITGB1;SERPINE1;THBS1	0.02163512702716126
SRRS_repair_ligand_receiver_core	39	Ligand_Perturbations_from_GEO_up	59	17beta-estradiol mouse cervical tissue GSE46890 ligand:118	0.007591441513438968	5.617516152189519	27.417600859912657	ITGA8;INHBA;PTGS2;THBS1	0.024704352043733592
SRRS_repair_ligand_receiver_core	39	Ligand_Perturbations_from_GEO_up	60	estradiol human MCF-7 breast cancer cells GDS3283 ligand:43	0.009798269240530694	5.203330003330003	24.06826058375596	PLOD2;IL6ST;THBS1;HIF1A	0.031354461569698226
SRRS_repair_ligand_receiver_core	39	Ligand_Perturbations_from_GEO_up	61	growth hormone mouse 3T3-F442A adipocytes GDS1489 ligand:11	0.012125417888224728	6.762002743484225	29.837008321797498	ITGB1;SDC4;HIF1A	0.0381652497465434
SRRS_repair_ligand_receiver_core	39	Ligand_Perturbations_from_GEO_up	62	Interleukin-13 human Breast cancer - MCF10CA1a cell line (pLKO-shIL13RA2) GSE57677 ligand:243	0.014643755192211373	6.2899106002554275	26.566955182775917	TNFAIP6;TNC;THBS1	0.04534840317588038
SRRS_repair_ligand_receiver_core	39	Ligand_Perturbations_from_GEO_up	63	17beta-estradiol mouse uterus GDS1058 ligand:31	0.015697482094973132	6.123445273631841	25.43835287336636	PDGFRB;ITGB1;HIF1A	0.047839945432299066
SRRS_repair_ligand_receiver_core	39	Ligand_Perturbations_from_GEO_up	64	17beta-estradiol human MCF-7 cells GSE5840 ligand:85	0.01647583709796069	6.00976800976801	24.675268422529438	PLOD2;ITGAV;HIF1A	0.049427511293882065
SRRS_repair_ligand_receiver_core	39	Ligand_Perturbations_from_GEO_up	65	Progesterone mouse Uterus tissue after 14 days after ovariectomy (6hrs after injection) GDS186 ligand:55	0.01809706248820956	5.794464075382804	23.247422593805126	TGFBR3;ACVR1B;HIF1A	0.05345593842671132
SRRS_repair_ligand_receiver_core	39	Ligand_Perturbations_from_GEO_up	66	interleukin-13 human esophageal epithelial cells GDS3223 ligand:205	0.018940040451506383	5.692418981481482	22.57884928008449	TNFAIP6;TNC;ITGAV	0.054987239135314774
SRRS_repair_ligand_receiver_core	39	Ligand_Perturbations_from_GEO_up	67	interleukin-6 human prostate fibroblasts GSE68164 ligand:238	0.01962999889537458	5.613299086757991	22.064174102481672	IL6;PLOD2;ITGA5	0.054987239135314774
SRRS_repair_ligand_receiver_core	39	Ligand_Perturbations_from_GEO_up	68	estradiol human MCF-7 cells GDS4052 ligand:265	0.020156566049764374	5.555367231638418	21.689404658357034	CCL20;PTGS2;MMP10	0.054987239135314774
SRRS_repair_ligand_receiver_core	39	Ligand_Perturbations_from_GEO_up	69	interleukin-10 human PBMC GDS4551 ligand:141	0.020156566049764374	5.555367231638418	21.689404658357034	ITGAV;CD47;HIF1A	0.054987239135314774
SRRS_repair_ligand_receiver_core	39	Ligand_Perturbations_from_GEO_up	70	interleukin-10 human PBMC GSE59184 ligand:143	0.020156566049764374	5.555367231638418	21.689404658357034	ITGAV;CD47;HIF1A	0.054987239135314774
SRRS_repair_ligand_receiver_core	39	Ligand_Perturbations_from_GEO_up	71	progesterone mouse uterine horn GDS187 ligand:47	0.02033382280524661	5.5363175675675675	21.56655695412117	TGFBR3;IL6;HIF1A	0.054987239135314774
SRRS_repair_ligand_receiver_core	39	Ligand_Perturbations_from_GEO_up	72	interleukin-4 human keratinocyte GDS4601 ligand:178	0.02105152755273896	5.461388888888889	21.085232756422435	PDPN;TNC;THBS1	0.05613740680730389
SRRS_repair_ligand_receiver_core	39	Ligand_Perturbations_from_GEO_up	73	estradiol human endometrium GDS3313 ligand:270	0.021783125622210693	5.38843201754386	20.61947991079528	ADAM12;TNC;HIF1A	0.05729260437622538
SRRS_repair_ligand_receiver_core	39	Ligand_Perturbations_from_GEO_up	74	Interleukin-6 mouse macrophage GSE411 ligand:230	0.022340947566049783	5.334961997828447	20.279972807548983	ITGB1;SDC4;HIF1A	0.05796570179299403
SRRS_repair_ligand_receiver_core	39	Ligand_Perturbations_from_GEO_up	75	triiodothyronine (T3) human HepG2 cells GDS3945 ligand:66	0.02425686765163029	5.16403785488959	19.20534338418233	SDC4;SERPINE1;HIF1A	0.06146615114478327
SRRS_repair_ligand_receiver_core	39	Ligand_Perturbations_from_GEO_up	76	17beta-estradiol human U2OS osteosarcoma cell line GDS1094 ligand:44	0.02445324282572206	5.147536687631027	19.102469737296513	TNFRSF12A;SDC4;PLOD2	0.06146615114478327
SRRS_repair_ligand_receiver_core	39	Ligand_Perturbations_from_GEO_up	77	progesterone mouse uterine horn GDS187 ligand:48	0.024650487698689126	5.131138975966562	19.000395166793673	IL6;HIF1A;WISP1	0.06146615114478327
SRRS_repair_ligand_receiver_core	39	Ligand_Perturbations_from_GEO_up	78	17beta-estradiol mouse uterus GSE6931 ligand:86	0.025047586449248812	5.09865005192108	18.798609579059715	ITGB1;HIF1A;ENG	0.06165559741353554
SRRS_repair_ligand_receiver_core	39	Ligand_Perturbations_from_GEO_up	79	Interleukin 1&Icirc;&sup2; rat insulinoma cell line (Pdx1 overexpression) GDS4332 ligand:194	0.02544816358875217	5.06656346749226	18.59992040506046	SDC4;CCL20;PTGS2	0.06184870138025844
SRRS_repair_ligand_receiver_core	39	Ligand_Perturbations_from_GEO_up	80	triiodothyronine (T3) human HepG2 cells GDS3945 ligand:68	0.02667075979468076	4.972644376899696	18.021795356278673	SDC4;SERPINE1;HIF1A	0.06244860829974031
SRRS_repair_ligand_receiver_core	39	Ligand_Perturbations_from_GEO_up	81	17beta-estradiol human U2OS osteosarcoma cell line GDS1094 ligand:45	0.02667075979468076	4.972644376899696	18.021795356278673	TNFRSF12A;SDC4;PLOD2	0.06244860829974031
SRRS_repair_ligand_receiver_core	39	Ligand_Perturbations_from_GEO_up	82	estradiol human MCF-7 cells GSE26834 ligand:137	0.02667075979468076	4.972644376899696	18.021795356278673	TGFBR3;SERPINE1;MMP10	0.06244860829974031
SRRS_repair_ligand_receiver_core	39	Ligand_Perturbations_from_GEO_up	83	17beta-estradiol mouse uterus GDS1058 ligand:33	0.027085244151482783	4.942094662638469	17.834864154200606	THBS1;HIF1A;ENG	0.06265502261547824
SRRS_repair_ligand_receiver_core	39	Ligand_Perturbations_from_GEO_up	84	TGF-beta human A549 epithelial cells GDS3710 ligand:246	0.0294269763714072	4.780458089668616	16.855146899333484	TNFRSF12A;BAMBI;SERPINE1	0.06726166027750217
SRRS_repair_ligand_receiver_core	39	Ligand_Perturbations_from_GEO_up	85	estradiol human endothelial cells GDS3600 ligand:30	0.03142092486591428	4.655745489078822	16.110188639095526	SERPINE1;ITGA5;ENG	0.07097432440300637
SRRS_repair_ligand_receiver_core	39	Ligand_Perturbations_from_GEO_up	86	Anti-Mullerian hormone rat ovary GDS3199 ligand:249	0.03210113396495441	4.615583804143126	15.872364629769795	ITGB1;PLOD2;HIF1A	0.07166764792175868
SRRS_repair_ligand_receiver_core	39	Ligand_Perturbations_from_GEO_up	87	17beta-estradiol mouse uterus GDS1058 ligand:37	0.03348483712508785	4.537268518518519	15.411570127596885	LRP1;ITGAV;CD47	0.07389757158640078
SRRS_repair_ligand_receiver_core	39	Ligand_Perturbations_from_GEO_up	88	nitric oxide human CD3+ T cells GDS4188 ligand:280	0.037974710555780555	6.862439362439362	22.44590583981357	IL6;CCL20	0.08285391393988484
SRRS_repair_ligand_receiver_core	39	Ligand_Perturbations_from_GEO_up	89	estradiol human estrogen receptor (ER)-positive MCF7 breast cancer cells GDS3217 ligand:39	0.04009340697100578	4.214900947459087	13.557411709875456	PLOD2;CD47;HIF1A	0.0864936420048664
SRRS_repair_ligand_receiver_core	39	Ligand_Perturbations_from_GEO_up	90	nterferon-&Icirc;&plusmn; human keratinocyte GDS4601 ligand:176	0.04190793692250645	4.138536379018612	13.128596369155135	INHBA;PTGS2;MMP10	0.08940359876801376
SRRS_repair_ligand_receiver_core	39	Ligand_Perturbations_from_GEO_up	91	progesterone rat ovary GDS2783 ligand:275	0.05159463587535265	3.794094794094794	11.246977733938815	ITGB1;SDC4;HIF1A	0.10885901195678802
SRRS_repair_ligand_receiver_core	39	Ligand_Perturbations_from_GEO_up	92	estrogen mouse lungs from ovariectomized animals GDS960 ligand:49	0.059455371549269484	5.313970687105016	14.998837994836283	PDPN;ENG	0.12408077540717109
SRRS_repair_ligand_receiver_core	39	Ligand_Perturbations_from_GEO_up	93	Interleukin-1 beta human epidermal keratinocytes GDS2611 ligand:56	0.07337458347772549	4.699130848910585	12.274964707052888	CCL20;PTGS2	0.1514830110507881
SRRS_repair_ligand_receiver_core	39	Ligand_Perturbations_from_GEO_up	94	estrogen human MCF-7 cells GSE11324 ligand:89	0.08352245185936087	3.0790557667934095	7.644186389135205	PLOD2;ITGAV;HIF1A	0.1705990506063541
SRRS_repair_ligand_receiver_core	39	Ligand_Perturbations_from_GEO_up	95	estradiol human endothelial cells GSE29881 ligand:129	0.09297383559986841	4.0799420109764934	9.691645875952565	SERPINE1;THBS1	0.18790501510710247
SRRS_repair_ligand_receiver_core	39	Ligand_Perturbations_from_GEO_up	96	Interleukin-21 mouse CD8+ T cells GDS1030 ligand:231	0.09718330500196805	3.9719645018152483	9.259270236647557	CD47;IL6ST	0.1943666100039361
SRRS_repair_ligand_receiver_core	39	Ligand_Perturbations_from_GEO_up	97	Interleukin-6 mouse macrophage GSE411 ligand:232	0.10022349189957304	3.898227898227898	8.967298945049436	SDC4;HIF1A	0.19755387268064203
SRRS_repair_ligand_receiver_core	39	Ligand_Perturbations_from_GEO_up	98	estradiol mouse uterus GSE23241 ligand:148	0.10083478918074437	3.8838035115407377	8.910501075721612	PDGFRB;TNFRSF12A	0.19755387268064203
SRRS_repair_ligand_receiver_core	39	Ligand_Perturbations_from_GEO_up	99	interleukin-17 human Bronchial epithelial cells GDS3393 ligand:199	0.10206059356850002	3.855268311790051	8.798449342861007	SERPINE1;PTGS2	0.197935696617697
SRRS_repair_ligand_receiver_core	39	Ligand_Perturbations_from_GEO_up	100	estrogen mouse left lung from ovariectomized animals GDS960 ligand:51	0.11454367924808426	3.591124908692476	7.781246042679549	PDPN;CD47	0.21774640015477403
SRRS_repair_ligand_receiver_core	39	Ligand_Perturbations_from_GEO_down	1	estradiol human breast epithelial cells GSE23500 ligand:130	1.8766423170301013e-09	22.731923076923078	456.7702989852064	PDGFRB;ITGB1;IL11;IL6;TNFRSF12A;SERPINE1;TNC;PLOD2;THBS1	3.040160553588764e-07
SRRS_repair_ligand_receiver_core	39	Ligand_Perturbations_from_GEO_down	2	interleukin-4 human PBMC GSE59184 ligand:146	1.745401289801426e-05	12.82632779406973	140.5244901769254	ACVR1;TNFAIP6;PTGS2;THBS1;HIF1A;ENG	0.001413775044739155
SRRS_repair_ligand_receiver_core	39	Ligand_Perturbations_from_GEO_down	3	growth hormone mouse 3T3-F442A adipocytes GDS1489 ligand:12	0.00038528769857985135	9.113007979216924	71.64209661852355	ITGB1;LRP1;MMP3;THBS1;HIF1A	0.020805535723311973
SRRS_repair_ligand_receiver_core	39	Ligand_Perturbations_from_GEO_down	4	interleukin-22 human Bronchial epithelial cells GDS3393 ligand:198	0.0005929949084899181	8.263947412775998	61.40381295272477	LRP1;CCL20;TNC;ITGA5;MMP10	0.02300061707996293
SRRS_repair_ligand_receiver_core	39	Ligand_Perturbations_from_GEO_down	5	estradiol mouse mammary cells GSE46116 ligand:117	0.0007284754112260154	10.959778085991678	79.17953804280623	BAMBI;PTGS2;THBS1;WISP1	0.02300061707996293
SRRS_repair_ligand_receiver_core	39	Ligand_Perturbations_from_GEO_down	6	calcitriol human RWPE1 prostate epithelial cell line GDS3761 ligand:192	0.0008518747066652936	10.496212624584718	74.18797710974593	TGFBR3;IL6;INHBA;THBS1	0.02300061707996293
SRRS_repair_ligand_receiver_core	39	Ligand_Perturbations_from_GEO_down	7	TGF-beta1 human IOSE - immortalized ovarian surface epithelial cell line GDS2975 ligand:256	0.001390183241291846	9.15911730545877	60.25160191740665	TGFBR3;CCL20;KDR;WISP1	0.028621509713269863
SRRS_repair_ligand_receiver_core	39	Ligand_Perturbations_from_GEO_down	8	3beta-Adiol(17beta-diol) human MCF7cells GSE33287 ligand:80	0.0016052977039205953	8.796875	56.60301763384685	WNT5A;PLOD2;ITGA5;MMP10	0.028621509713269863
SRRS_repair_ligand_receiver_core	39	Ligand_Perturbations_from_GEO_down	9	triiodothyronine (T3) human HepG2 cells GDS3945 ligand:68	0.0017933320370391392	8.526839826839828	53.92100576264273	TGFBR3;BAMBI;ITGAV;THBS1	0.028621509713269863
SRRS_repair_ligand_receiver_core	39	Ligand_Perturbations_from_GEO_down	10	17beta-estradiol human U2OS osteosarcoma cell line GDS1094 ligand:45	0.0017933320370391392	8.526839826839828	53.92100576264273	WNT5A;SERPINE1;INHBA;HIF1A	0.028621509713269863
SRRS_repair_ligand_receiver_core	39	Ligand_Perturbations_from_GEO_down	11	17beta-estradiol human U2OS osteosarcoma cell line GDS1094 ligand:44	0.0020761946470562965	8.181194805194805	50.53702837275738	WNT5A;SERPINE1;INHBA;HIF1A	0.028621509713269863
SRRS_repair_ligand_receiver_core	39	Ligand_Perturbations_from_GEO_down	12	TGF-beta1 human IOSE - immortalized ovarian surface epithelial cell line GDS2975 ligand:257	0.002603505053011038	7.6715748415407115	45.65274898263277	TGFBR3;CCL20;KDR;WISP1	0.028621509713269863
SRRS_repair_ligand_receiver_core	39	Ligand_Perturbations_from_GEO_down	13	triiodothyronine (T3) human HepG2 cells GDS3945 ligand:70	0.002603505053011038	7.6715748415407115	45.65274898263277	TGFBR3;CCL20;BAMBI;THBS1	0.028621509713269863
SRRS_repair_ligand_receiver_core	39	Ligand_Perturbations_from_GEO_down	14	progesterone mouse uterine horn GDS187 ligand:47	0.0027321021654629625	7.5667147667147665	44.66392574810862	SDC4;PDPN;TNC;THBS1	0.028621509713269863
SRRS_repair_ligand_receiver_core	39	Ligand_Perturbations_from_GEO_down	15	interleukin-6 human prostate fibroblasts GSE68164 ligand:238	0.002865007637498586	7.464641670621737	43.70685243894813	MMP3;PDPN;CD47;MMP10	0.028621509713269863
SRRS_repair_ligand_receiver_core	39	Ligand_Perturbations_from_GEO_down	16	estrogen mouse aorta GDS3064 ligand:25	0.0030726005978676985	7.316519311307585	42.327754153991286	SDC4;SERPINE1;KDR;WISP1	0.028621509713269863
SRRS_repair_ligand_receiver_core	39	Ligand_Perturbations_from_GEO_down	17	Interleukin-17A human smooth muscle GDS4803 ligand:173	0.0031440297701680734	7.2684234858992145	41.88247276336933	TGFBR3;IL11;ITGA8;TNC	0.028621509713269863
SRRS_repair_ligand_receiver_core	39	Ligand_Perturbations_from_GEO_down	18	testosterone mouse brain striatum GSE49986 ligand:284	0.0031801677459188738	7.244608294930876	41.66244793383516	ACVR1;TNC;INHBA;CD47	0.028621509713269863
SRRS_repair_ligand_receiver_core	39	Ligand_Perturbations_from_GEO_down	19	Interleukin-1 beta mouse embryonic fibroblasts from IRAK-4 kinase deficient mutants GDS2641 ligand:59	0.0038388162663043172	6.862035823503714	38.17070024983273	LRP1;TNFAIP6;THBS1;ACVR2A	0.0288209138440456
SRRS_repair_ligand_receiver_core	39	Ligand_Perturbations_from_GEO_down	20	17beta-estradiol mouse uterus GSE1839 ligand:157	0.0038388162663043172	6.862035823503714	38.17070024983273	ITGB1;WNT5A;HIF1A;ENG	0.0288209138440456
SRRS_repair_ligand_receiver_core	39	Ligand_Perturbations_from_GEO_down	21	estradiol human MCF7cells GSE33287 ligand:81	0.003963962985693614	6.7986147186147186	37.59981348723761	WNT5A;PLOD2;ITGA5;MMP10	0.0288209138440456
SRRS_repair_ligand_receiver_core	39	Ligand_Perturbations_from_GEO_down	22	calcitriol human RWPE1 prostate epithelial cell line GDS3761 ligand:195	0.003963962985693614	6.7986147186147186	37.59981348723761	IL6;TNC;KDR;ITGAV	0.0288209138440456
SRRS_repair_ligand_receiver_core	39	Ligand_Perturbations_from_GEO_down	23	estradiol human endothelial cells GSE29881 ligand:129	0.004091858138352153	6.736336336336336	37.04147051798635	PLOD2;ITGA5;INHBA;ENG	0.0288209138440456
SRRS_repair_ligand_receiver_core	39	Ligand_Perturbations_from_GEO_down	24	TGF-beta human prostate fibroblasts GSE68164 ligand:240	0.00477355615851002	6.441050903119868	34.425251118935634	TGFBR3;BAMBI;MMP3;CD47	0.03218950991557957
SRRS_repair_ligand_receiver_core	39	Ligand_Perturbations_from_GEO_down	25	morphogenetic protein 4 (BMP-4) mouse C3H10T1/2 (10T1/2) stem cells committed to the adipocyte lineage GDS3025 ligand:8	0.0049675169622807975	6.366558441558442	33.773543125590166	TGFBR3;LRP1;MMP3;IL6ST	0.03218950991557957
SRRS_repair_ligand_receiver_core	39	Ligand_Perturbations_from_GEO_down	26	estrogen mouse right lung from ovariectomized animals GDS960 ligand:50	0.006475875623223046	5.8890225563909775	29.678738840865606	PDGFRB;ITGA8;KDR;CD47	0.04034968657546667
SRRS_repair_ligand_receiver_core	39	Ligand_Perturbations_from_GEO_down	27	Interleukin-1 beta mouse embryonic fibroblasts GDS2641 ligand:57	0.0069571312364853375	5.765243004418262	28.641658456630957	IL11;TNFAIP6;SERPINE1;WISP1	0.04174278741891203
SRRS_repair_ligand_receiver_core	39	Ligand_Perturbations_from_GEO_down	28	Calcitriol mouse Spinal cord tissue GDS510 ligand:167	0.009761751313773166	7.342633928571429	33.991133774636154	ITGB1;LRP1;SDC4	0.056478704029687604
SRRS_repair_ligand_receiver_core	39	Ligand_Perturbations_from_GEO_down	29	estradiol human MCF-7 cells GSE23610 ligand:131	0.011474314836165359	6.905812324929972	30.852712615145364	BAMBI;ITGAV;CD47	0.06265546250914285
SRRS_repair_ligand_receiver_core	39	Ligand_Perturbations_from_GEO_down	30	estradiol human MCF-7 cells GDS4052 ligand:268	0.011602863427619044	6.876569037656904	30.645453049942322	ACVR1;ITGAV;ACVR2A	0.06265546250914285
SRRS_repair_ligand_receiver_core	39	Ligand_Perturbations_from_GEO_down	31	Interleukin-17A human smooth muscle GDS4803 ligand:175	0.015544383780598978	6.146691635455681	25.59516743032871	LRP1;ITGA8;IL6R	0.07670716382860085
SRRS_repair_ligand_receiver_core	39	Ligand_Perturbations_from_GEO_down	32	interleukin 28B human hepatocyte GDS4390 ligand:183	0.015697482094973132	6.123445273631841	25.43835287336636	ITGAV;THBS1;HIF1A	0.07670716382860085
SRRS_repair_ligand_receiver_core	39	Ligand_Perturbations_from_GEO_down	33	Interleukin-13 (IL-13) human airway epithelial cells (AECs) GDS4981 ligand:72	0.01616192027442993	6.054735547355474	24.976373888820504	ITGB1;PTGS2;MMP10	0.07670716382860085
SRRS_repair_ligand_receiver_core	39	Ligand_Perturbations_from_GEO_down	34	interleukin-10 human PBMC GSE59184 ligand:142	0.01647583709796069	6.00976800976801	24.675268422529438	TNFAIP6;THBS1;ACVR2A	0.07670716382860085
SRRS_repair_ligand_receiver_core	39	Ligand_Perturbations_from_GEO_down	35	CHEBI:60311 human Kidney GDS3945 ligand:170	0.01679319175343146	5.965454545454546	24.37951063248782	TGFBR3;BAMBI;THBS1	0.07670716382860085
SRRS_repair_ligand_receiver_core	39	Ligand_Perturbations_from_GEO_down	36	17beta-estradiol human U2OS osteosarcoma cell line GDS1094 ligand:46	0.017601643611762165	5.857440476190476	23.66267127683237	WNT5A;SERPINE1;HIF1A	0.07670716382860085
SRRS_repair_ligand_receiver_core	39	Ligand_Perturbations_from_GEO_down	37	triiodothyronine (T3) human HepG2 cells GDS3945 ligand:69	0.018600255163415277	5.732808857808858	22.842835403383546	TGFBR3;ITGB1;CCL20	0.07670716382860085
SRRS_repair_ligand_receiver_core	39	Ligand_Perturbations_from_GEO_down	38	estradiol human MCF7cells GSE33287 ligand:82	0.018600255163415277	5.732808857808858	22.842835403383546	WNT5A;PLOD2;MMP10	0.07670716382860085
SRRS_repair_ligand_receiver_core	39	Ligand_Perturbations_from_GEO_down	39	3beta-Adiol(17beta-diol) human MCF7cells GSE33287 ligand:79	0.018600255163415277	5.732808857808858	22.842835403383546	WNT5A;CD47;MMP10	0.07670716382860085
SRRS_repair_ligand_receiver_core	39	Ligand_Perturbations_from_GEO_down	40	estrogen mouse beta null aorta GDS3064 ligand:27	0.018940040451506383	5.692418981481482	22.57884928008449	TNFAIP6;TNC;WISP1	0.07670716382860085
SRRS_repair_ligand_receiver_core	39	Ligand_Perturbations_from_GEO_down	41	interleukin-4 human keratinocyte GDS4601 ligand:178	0.01998017663843383	5.574546485260771	21.813282147763413	SERPINE1;PTGS2;MMP10	0.07894606379088488
SRRS_repair_ligand_receiver_core	39	Ligand_Perturbations_from_GEO_down	42	interleukin-13 human esophageal epithelial cells GDS3223 ligand:205	0.022154137771367006	5.352668845315904	20.392228395819476	SDC4;CCL20;SERPINE1	0.08545167426098703
SRRS_repair_ligand_receiver_core	39	Ligand_Perturbations_from_GEO_down	43	17beta-estradiol human MCF-7 cells GSE5840 ligand:85	0.025047586449248812	5.09865005192108	18.798609579059715	TNFRSF12A;SDC4;BAMBI	0.0908907848851005
SRRS_repair_ligand_receiver_core	39	Ligand_Perturbations_from_GEO_down	44	calcitriol human RWPE1 prostate epithelial cell line GDS3761 ligand:201	0.025047586449248812	5.09865005192108	18.798609579059715	IL6;KDR;ITGAV	0.0908907848851005
SRRS_repair_ligand_receiver_core	39	Ligand_Perturbations_from_GEO_down	45	Interleukin-6 mouse macrophage GSE411 ligand:232	0.025247440245861247	5.082556935817806	18.698882009262814	LRP1;CD47;ENG	0.0908907848851005
SRRS_repair_ligand_receiver_core	39	Ligand_Perturbations_from_GEO_down	46	Interleukin-13 human Breast cancer - MCF10CA1a cell line (pLKO-shIL13RA2) GSE57677 ligand:243	0.027503202939999194	4.911911911911912	17.650723665015974	MMP3;PLOD2;INHBA	0.09685910600608412
SRRS_repair_ligand_receiver_core	39	Ligand_Perturbations_from_GEO_down	47	interleukin-4 human PBMC GSE59184 ligand:147	0.030304523330472857	4.724229287090559	16.51807066781641	TNFAIP6;THBS1;HIF1A	0.10445388892631069
SRRS_repair_ligand_receiver_core	39	Ligand_Perturbations_from_GEO_down	48	Interleukin-1 beta mouse embryonic fibroblasts GDS2641 ligand:58	0.03142092486591428	4.655745489078822	16.110188639095526	PDGFRB;WNT5A;ACVR2A	0.1060456214224607
SRRS_repair_ligand_receiver_core	39	Ligand_Perturbations_from_GEO_down	49	estradiol human MCF-7 breast cancer cells GDS3105 ligand:38	0.03537794531738207	4.436820652173913	14.826375679182132	SDC4;BAMBI;ITGAV	0.1169638192125693
SRRS_repair_ligand_receiver_core	39	Ligand_Perturbations_from_GEO_down	50	estrogen mouse lungs from ovariectomized animals GDS960 ligand:49	0.04190793692250645	4.138536379018612	13.128596369155135	SDC4;ITGA8;KDR	0.1357817156289209
SRRS_repair_ligand_receiver_core	39	Ligand_Perturbations_from_GEO_down	51	TGF-beta human A549 epithelial cells GDS3710 ligand:250	0.06310323390714477	5.133316008316008	14.18326620049302	CCL20;IL6R	0.2004455665285775
SRRS_repair_ligand_receiver_core	39	Ligand_Perturbations_from_GEO_down	52	TGF-beta human A549 epithelial cells GDS3710 ligand:251	0.06898586810813052	4.872763174133037	13.029055381359491	TGFBR3;CCL20	0.21491751218302202
SRRS_repair_ligand_receiver_core	39	Ligand_Perturbations_from_GEO_down	53	triiodothyronine (T3) human HepG2 cells GDS3945 ligand:65	0.07841784401545493	4.517865322950069	11.501146808864483	TGFBR3;BAMBI	0.22781651717696122
SRRS_repair_ligand_receiver_core	39	Ligand_Perturbations_from_GEO_down	54	Interleukin-1B human myometrium GSE68171 ligand:241	0.07841784401545493	4.517865322950069	11.501146808864483	BAMBI;ACVR2A	0.22781651717696122
SRRS_repair_ligand_receiver_core	39	Ligand_Perturbations_from_GEO_down	55	estradiol mouse uterus GSE23072 ligand:76	0.08069400840422149	4.441666666666666	11.180078977415777	PDGFRB;IL6ST	0.22781651717696122
SRRS_repair_ligand_receiver_core	39	Ligand_Perturbations_from_GEO_down	56	Anti-Mullerian hormone rat ovary GDS3199 ligand:249	0.08126630580149911	4.4230122238420995	11.101865910256075	SDC4;BAMBI	0.22781651717696122
SRRS_repair_ligand_receiver_core	39	Ligand_Perturbations_from_GEO_down	57	17beta-estradiol human MCF-7 cells GSE5840 ligand:84	0.08356831330676176	4.349917264202978	10.796889875281087	SDC4;ITGAV	0.22781651717696122
SRRS_repair_ligand_receiver_core	39	Ligand_Perturbations_from_GEO_down	58	TGF-beta human A549 epithelial cells GDS3710 ligand:248	0.08414698536821863	4.332014941771039	10.72256085859631	CCL20;PTGS2	0.22781651717696122
SRRS_repair_ligand_receiver_core	39	Ligand_Perturbations_from_GEO_down	59	Interleukin-1 beta mouse embryonic fibroblasts from IRAK-4 kinase deficient mutants GDS2641 ligand:60	0.08472691187530809	4.314257577415472	10.648976875117041	LRP1;THBS1	0.22781651717696122
SRRS_repair_ligand_receiver_core	39	Ligand_Perturbations_from_GEO_down	60	17beta-estradiol human MCF-7 cells GSE11791 ligand:153	0.08589050105567769	4.279170737002063	10.504003543645165	TNFRSF12A;SDC4	0.22781651717696122
SRRS_repair_ligand_receiver_core	39	Ligand_Perturbations_from_GEO_down	61	neuromedin U mouse type-2 Th cell line D10.G4.1 GDS882 ligand:21	0.08764512410680009	4.227584727584728	10.291882949384803	CD47;HIF1A	0.22781651717696122
SRRS_repair_ligand_receiver_core	39	Ligand_Perturbations_from_GEO_down	62	Insulin mouse Kidney GDS4839 ligand:164	0.08882095412768004	4.193871036390721	10.153918250908413	ITGA8;TNC	0.22781651717696122
SRRS_repair_ligand_receiver_core	39	Ligand_Perturbations_from_GEO_down	63	estradiol human MCF-7 cells GDS4052 ligand:266	0.08941067352901409	4.177212506624271	10.085943146115183	ACVR1;ACVR2A	0.22781651717696122
SRRS_repair_ligand_receiver_core	39	Ligand_Perturbations_from_GEO_down	64	estradiol mouse uterus GSE23241 ligand:149	0.09000158703287357	4.160684121621622	10.018627692043475	PDGFRB;IL6ST	0.22781651717696122
SRRS_repair_ligand_receiver_core	39	Ligand_Perturbations_from_GEO_down	65	17beta-estradiol mouse stomach GSE29715 ligand:128	0.09297383559986841	4.0799420109764934	9.691645875952565	TNFRSF12A;CCL20	0.23133980825983316
SRRS_repair_ligand_receiver_core	39	Ligand_Perturbations_from_GEO_down	66	TGF-beta human A549 epithelial cells GDS3710 ligand:247	0.09657857169942724	3.9870432229982793	9.319308400042594	CCL20;PTGS2	0.23133980825983316
SRRS_repair_ligand_receiver_core	39	Ligand_Perturbations_from_GEO_down	67	TGF-beta human A549 epithelial cells GDS3710 ligand:252	0.09718330500196805	3.9719645018152483	9.259270236647557	CCL20;PTGS2	0.23133980825983316
SRRS_repair_ligand_receiver_core	39	Ligand_Perturbations_from_GEO_down	68	progesterone mouse uterine horn GDS187 ligand:48	0.10206059356850002	3.855268311790051	8.798449342861007	SDC4;TNC	0.23133980825983316
SRRS_repair_ligand_receiver_core	39	Ligand_Perturbations_from_GEO_down	69	interleukin-15 human PBMC GSE59184 ligand:144	0.10267508821972908	3.8411552346570397	8.743182846793678	ITGAV;ENG	0.23133980825983316
SRRS_repair_ligand_receiver_core	39	Ligand_Perturbations_from_GEO_down	70	triiodothyronine (T3) human HepG2 cells GDS3945 ligand:66	0.10329063622924364	3.827143690453043	8.688414340936491	TGFBR3;THBS1	0.23133980825983316
SRRS_repair_ligand_receiver_core	39	Ligand_Perturbations_from_GEO_down	71	progesterone mouse uterus GSE31406 ligand:162	0.10452486769783254	3.7994208494208492	8.580347103168076	SDC4;PDPN	0.23133980825983316
SRRS_repair_ligand_receiver_core	39	Ligand_Perturbations_from_GEO_down	72	estriol mouse uterus GSE23241 ligand:151	0.10638396144341845	3.758571292140197	8.421832392234965	PDGFRB;IL6ST	0.23133980825983316
SRRS_repair_ligand_receiver_core	39	Ligand_Perturbations_from_GEO_down	73	17beta-estradiol human MCF-7 cells GSE5840 ligand:83	0.10825220477466443	3.7185787185787187	8.267484623962828	SDC4;ITGAV	0.23133980825983316
SRRS_repair_ligand_receiver_core	39	Ligand_Perturbations_from_GEO_down	74	estradiol human MCF-7 cells GDS4052 ligand:269	0.10950270279951461	3.69237987987988	8.166828145879562	BAMBI;CD47	0.23133980825983316
SRRS_repair_ligand_receiver_core	39	Ligand_Perturbations_from_GEO_down	75	estradiol human MCF-7 cells GDS4052 ligand:264	0.10950270279951461	3.69237987987988	8.166828145879562	ACVR1;ACVR2A	0.23133980825983316
SRRS_repair_ligand_receiver_core	39	Ligand_Perturbations_from_GEO_down	76	estradiol human estrogen receptor (ER)-positive MCF7 breast cancer cells GDS3217 ligand:40	0.11075714677724162	3.666542404473439	8.067916156766278	BAMBI;ITGAV	0.23133980825983316
SRRS_repair_ligand_receiver_core	39	Ligand_Perturbations_from_GEO_down	77	17beta-estradiol mouse uterus GDS1058 ligand:36	0.11138583360658633	3.6537568496331385	8.019101576651476	ITGB1;ENG	0.23133980825983316
SRRS_repair_ligand_receiver_core	39	Ligand_Perturbations_from_GEO_down	78	TGF-beta human A549 epithelial cells GDS3710 ligand:254	0.11138583360658633	3.6537568496331385	8.019101576651476	CCL20;PTGS2	0.23133980825983316
SRRS_repair_ligand_receiver_core	39	Ligand_Perturbations_from_GEO_down	79	norepinephrine rat pineal organ GDS3702 ligand:132	0.11327768224894177	3.615922044493473	7.875164024062983	PDPN;IL6ST	0.23229094334593123
SRRS_repair_ligand_receiver_core	39	Ligand_Perturbations_from_GEO_down	80	triiodothyronine (T3) human HepG2 cells GDS3945 ligand:67	0.11581343326472375	3.5666606203518953	7.688916787897791	TGFBR3;THBS1	0.23452220236106558
SRRS_repair_ligand_receiver_core	39	Ligand_Perturbations_from_GEO_down	81	TGF-beta human A549 epithelial cells GDS3710 ligand:253	0.1177250070520954	3.5305737631319025	7.553323006049226	CCL20;PTGS2	0.2354500141041908
SRRS_repair_ligand_receiver_core	39	Ligand_Perturbations_from_GEO_down	82	insulin-like growth factor-I (IGF-I) human MCF-7 cells GDS3484 ligand:14	0.12350827039789637	3.426503923278117	7.1663518934894785	SDC4;BAMBI	0.2406915720362719
SRRS_repair_ligand_receiver_core	39	Ligand_Perturbations_from_GEO_down	83	testosterone mouse stria terminalis/preoptic area GSE49986 ligand:283	0.12415522696969673	3.4153124185278525	7.125102178535175	FLT1;TNFRSF12A	0.2406915720362719
SRRS_repair_ligand_receiver_core	39	Ligand_Perturbations_from_GEO_down	84	Progesterone mouse Uterus tissue after 14 days after ovariectomy (6hrs after injection) GDS186 ligand:55	0.12480303735214097	3.4041926541926544	7.084187841869037	SDC4;PDPN	0.2406915720362719
SRRS_repair_ligand_receiver_core	39	Ligand_Perturbations_from_GEO_down	85	insulin-like growth factor-I (IGF-I) human MCF-7 cells GDS3484 ligand:13	0.12870751911356668	3.3389427163012066	6.845542903491085	SDC4;BAMBI	0.2453013893693859
SRRS_repair_ligand_receiver_core	39	Ligand_Perturbations_from_GEO_down	86	estradiol human estrogen receptor (ER)-positive MCF7 breast cancer cells GDS3217 ligand:41	0.13132688543410193	3.296793688098036	6.692707968289222	BAMBI;ITGAV	0.24738320279447107
SRRS_repair_ligand_receiver_core	39	Ligand_Perturbations_from_GEO_down	87	Interleukin-6 mouse macrophage (SOCS3 KO) GSE411 ligand:234	0.1385945917999122	3.186105023942862	6.296387799772604	LRP1;ITGAV	0.25807268817914686
SRRS_repair_ligand_receiver_core	39	Ligand_Perturbations_from_GEO_down	88	neuromedin U mouse type-2 Th cell line D10.G4.1 GDS882 ligand:22	0.15339025732534445	2.9853064331937573	5.5967626540788205	CD47;HIF1A	0.28044270280475986
SRRS_repair_ligand_receiver_core	39	Ligand_Perturbations_from_GEO_down	89	17beta-estradiol mouse prostate gland GSE36630 ligand:127	0.1540703737631088	2.976768903735196	5.567587241857924	TNFAIP6;KDR	0.28044270280475986
SRRS_repair_ligand_receiver_core	39	Ligand_Perturbations_from_GEO_down	90	17beta-estradiol mouse mammary gland GSE6931 ligand:87	0.1629666020041518	2.869991943162675	5.2067680684230115	ITGB1;ENG	0.29333988360747326
SRRS_repair_ligand_receiver_core	39	Ligand_Perturbations_from_GEO_down	91	Thyroid hormone human Endometrial cells GDS4987 ligand:168	0.16779666352233877	2.8155549166187464	5.025772195661684	FLT1;SERPINE1	0.29871493945735034
SRRS_repair_ligand_receiver_core	39	Ligand_Perturbations_from_GEO_down	92	estradiol mouse uterus GSE23072 ligand:77	0.19655682978464636	2.5334111089506774	4.121362513438377	PDGFRB;SDC4	0.34611093940339904
SRRS_repair_ligand_receiver_core	39	Ligand_Perturbations_from_GEO_down	93	estradiol mouse uterus GSE23072 ligand:78	0.21296929821514185	2.398157248157248	3.709007419007668	PDGFRB;IL6ST	0.37097877753605357
SRRS_repair_ligand_receiver_core	39	Ligand_Perturbations_from_GEO_down	94	estrogen human MCF-7 cells GSE11324 ligand:91	0.2383402267073118	3.7801296720061024	5.420918022971859	BAMBI	0.41075656092111185
SRRS_repair_ligand_receiver_core	39	Ligand_Perturbations_from_GEO_down	95	estrogen mouse alpha null aorta GDS3064 ligand:26	0.2410989846140477	2.198499125430232	3.12746988593229	ADAM12;KDR	0.41113721586816554
SRRS_repair_ligand_receiver_core	39	Ligand_Perturbations_from_GEO_down	96	Interleukin 1, beta human amnion mesenchymal cells (AMC) GDS4595 ligand:24	0.26482802645541786	3.340924426450742	4.439001494204816	THBS1	0.44689729464351763
SRRS_repair_ligand_receiver_core	39	Ligand_Perturbations_from_GEO_down	97	TGF-beta1 human IOSE - immortalized ovarian surface epithelial cell line GDS2975 ligand:255	0.28057086257346253	3.1191301607311694	3.9641928401456363	TGFBR3	0.4685822653288756
SRRS_repair_ligand_receiver_core	39	Ligand_Perturbations_from_GEO_down	98	17beta-estradiol mouse uterus GSE38800 ligand:122	0.3245235847719431	2.6133298069293835	2.941033694945818	PDGFRB	0.4848726701312577
SRRS_repair_ligand_receiver_core	39	Ligand_Perturbations_from_GEO_down	99	interleukin 28B human hepatocyte GDS4390 ligand:189	0.3258540664777487	2.6001315789473685	2.9155422215881655	THBS1	0.4848726701312577
SRRS_repair_ligand_receiver_core	39	Ligand_Perturbations_from_GEO_down	100	17beta-estradiol human MCF-7 cells GSE8597 ligand:259	0.3285073739713579	2.574127149557061	2.8655080306967835	CD47	0.4848726701312577
SRRS_repair_ligand_receiver_core	39	LINCS_L1000_Ligand_Perturbations_up	1	IL1-MDAMB231	4.725273966184736e-15	55.22289766970618	1821.574266224646	IL6;TNFAIP6;SDC4;CCL20;WNT5A;SERPINE1;PLOD2;INHBA;CD47;PTGS2;MMP10	3.969230131595178e-13
SRRS_repair_ligand_receiver_core	39	LINCS_L1000_Ligand_Perturbations_up	2	IL1-HS578T	1.914908213904227e-13	49.53273363318341	1450.5134272531127	IL6;TNFAIP6;SDC4;CCL20;BAMBI;MMP3;WNT5A;INHBA;PTGS2;THBS1	7.50297496643505e-12
SRRS_repair_ligand_receiver_core	39	LINCS_L1000_Ligand_Perturbations_up	3	TNFA-MDAMB231	2.6796339165839465e-13	47.78876296117675	1383.3855748839842	IL6;TNFAIP6;SDC4;CCL20;SERPINE1;INHBA;CD47;IL6ST;PTGS2;MMP10	7.50297496643505e-12
SRRS_repair_ligand_receiver_core	39	LINCS_L1000_Ligand_Perturbations_up	4	BTC-HS578T	5.170987048199694e-10	35.02430402121078	748.9172446600967	IL11;TNFRSF12A;CCL20;SERPINE1;TNC;PLOD2;INHBA;PTGS2	1.0859072801219358e-08
SRRS_repair_ligand_receiver_core	39	LINCS_L1000_Ligand_Perturbations_up	5	TNFA-HS578T	8.533355141566623e-10	32.76261373035567	684.1445854569762	IL6;TNFAIP6;SDC4;CCL20;BAMBI;INHBA;CD47;THBS1	1.4336036637831928e-08
SRRS_repair_ligand_receiver_core	39	LINCS_L1000_Ligand_Perturbations_up	6	TNFA-MCF10A	1.3924604592617622e-08	30.531029929577464	552.2943769108987	IL6;TNFAIP6;SDC4;CCL20;CD47;IL6ST;THBS1	1.949444642966467e-07
SRRS_repair_ligand_receiver_core	39	LINCS_L1000_Ligand_Perturbations_up	7	IL1-MCF10A	3.6511843512455356e-07	25.741558441558443	381.56825485454004	IL6;TNFAIP6;SDC4;CCL20;TNC;IL6ST	3.2852990928975714e-06
SRRS_repair_ligand_receiver_core	39	LINCS_L1000_Ligand_Perturbations_up	8	TNFA-BT20	4.629023247456014e-07	24.676214196762142	359.9210854656413	IL6;TNFAIP6;CCL20;INHBA;CD47;THBS1	3.2852990928975714e-06
SRRS_repair_ligand_receiver_core	39	LINCS_L1000_Ligand_Perturbations_up	9	TNFA-SKBR3	4.811136123251903e-07	24.507111935683366	356.50893714787105	IL6;SDC4;CCL20;ITGAV;CD47;THBS1	3.2852990928975714e-06
SRRS_repair_ligand_receiver_core	39	LINCS_L1000_Ligand_Perturbations_up	10	HBEGF-HS578T	4.999088520831835e-07	24.340294840294842	353.14944463142837	TNFRSF12A;TNFAIP6;SDC4;SERPINE1;PTGS2;THBS1	3.2852990928975714e-06
SRRS_repair_ligand_receiver_core	39	LINCS_L1000_Ligand_Perturbations_up	11	BFGF-HS578T	5.193025125120216e-07	24.175716900549116	349.84146242614275	IL11;TNFRSF12A;SERPINE1;TNC;INHBA;PTGS2	3.2852990928975714e-06
SRRS_repair_ligand_receiver_core	39	LINCS_L1000_Ligand_Perturbations_up	12	EPR-SKBR3	5.393093134525815e-07	24.013333333333332	346.5838772530929	ITGB1;IL6;TNFRSF12A;SERPINE1;INHBA;THBS1	3.2852990928975714e-06
SRRS_repair_ligand_receiver_core	39	LINCS_L1000_Ligand_Perturbations_up	13	EGF-HS578T	6.031595804889388e-07	23.53891859774213	337.1028312364529	IL11;TNFRSF12A;SDC4;SERPINE1;TNC;PTGS2	3.2852990928975714e-06
SRRS_repair_ligand_receiver_core	39	LINCS_L1000_Ligand_Perturbations_up	14	PDGFBB-HS578T	6.031595804889388e-07	23.53891859774213	337.1028312364529	TGFBR3;IL6;SDC4;CCL20;SERPINE1;PTGS2	3.2852990928975714e-06
SRRS_repair_ligand_receiver_core	39	LINCS_L1000_Ligand_Perturbations_up	15	INS-SKBR3	6.257712557900136e-07	23.384887839433294	334.0363076186795	CCL20;WNT5A;SERPINE1;PLOD2;ITGA5;THBS1	3.2852990928975714e-06
SRRS_repair_ligand_receiver_core	39	LINCS_L1000_Ligand_Perturbations_up	16	HGF-HS578T	6.257712557900136e-07	23.384887839433294	334.0363076186795	TNFRSF12A;SDC4;SERPINE1;TNC;PTGS2;THBS1	3.2852990928975714e-06
SRRS_repair_ligand_receiver_core	39	LINCS_L1000_Ligand_Perturbations_up	17	IL1-SKBR3	7.232880557604739e-07	22.788262370540853	322.2136849881692	IL6;TNFAIP6;SDC4;CCL20;CD47;THBS1	3.5738939225811654e-06
SRRS_repair_ligand_receiver_core	39	LINCS_L1000_Ligand_Perturbations_up	18	IFNA-HS578T	1.0071024185038218e-05	20.23794934640523	232.85477204404702	IL6;TNFAIP6;PLOD2;PTGS2;THBS1	4.699811286351169e-05
SRRS_repair_ligand_receiver_core	39	LINCS_L1000_Ligand_Perturbations_up	19	HBEGF-SKBR3	1.1094299434709643e-05	19.821928771508603	226.149954180634	TNFRSF12A;SDC4;SERPINE1;INHBA;THBS1	4.81019963225308e-05
SRRS_repair_ligand_receiver_core	39	LINCS_L1000_Ligand_Perturbations_up	20	IL1-MCF7	1.1452856267269237e-05	19.687003179650237	223.9843782947987	IL6;TNFAIP6;SDC4;CCL20;ITGAV	4.81019963225308e-05
SRRS_repair_ligand_receiver_core	39	LINCS_L1000_Ligand_Perturbations_up	21	IL6-MCF7	1.2978641955747475e-05	19.165054179566564	215.64912762677807	TNFAIP6;MMP3;WNT5A;ADAM12;IL6R	4.9554814740126724e-05
SRRS_repair_ligand_receiver_core	39	LINCS_L1000_Ligand_Perturbations_up	22	HRG-SKBR3	1.2978641955747475e-05	19.165054179566564	215.64912762677807	TNFRSF12A;SDC4;CCL20;SERPINE1;INHBA	4.9554814740126724e-05
SRRS_repair_ligand_receiver_core	39	LINCS_L1000_Ligand_Perturbations_up	23	TNFA-MCF7	1.3798749207177494e-05	18.914247517188695	211.66806927829904	TNFAIP6;SDC4;CCL20;ITGAV;CD47	5.0395431887083016e-05
SRRS_repair_ligand_receiver_core	39	LINCS_L1000_Ligand_Perturbations_up	24	EPG-SKBR3	1.510418348759094e-05	18.55001873360809	205.9152026997643	WNT5A;SERPINE1;INHBA;PTGS2;THBS1	5.286464220656829e-05
SRRS_repair_ligand_receiver_core	39	LINCS_L1000_Ligand_Perturbations_up	25	BTC-BT20	0.00017428074091613023	16.180408163265305	140.03889403482432	TNFRSF12A;CCL20;INHBA;MMP10	0.0005716952408213735
SRRS_repair_ligand_receiver_core	39	LINCS_L1000_Ligand_Perturbations_up	26	FGF1-HS578T	0.00018375918454972717	15.950905432595574	137.2078451995162	TNFRSF12A;SERPINE1;PLOD2;PTGS2	0.0005716952408213735
SRRS_repair_ligand_receiver_core	39	LINCS_L1000_Ligand_Perturbations_up	27	IL1-BT20	0.00018375918454972717	15.950905432595574	137.2078451995162	IL6;TNFAIP6;CCL20;IL6ST	0.0005716952408213735
SRRS_repair_ligand_receiver_core	39	LINCS_L1000_Ligand_Perturbations_up	28	TGFA-SKBR3	0.00019866772269329692	15.618522167487685	133.13035975348924	TNFRSF12A;SERPINE1;INHBA;THBS1	0.0005960031680798907
SRRS_repair_ligand_receiver_core	39	LINCS_L1000_Ligand_Perturbations_up	29	PDGFBB-BT20	0.0002090796201103945	15.4044703595724	130.51892592673732	TNFAIP6;TNC;COL10A1;INHBA	0.0006004057051419493
SRRS_repair_ligand_receiver_core	39	LINCS_L1000_Ligand_Perturbations_up	30	TGFA-HS578T	0.0002144306089792676	15.299613899613899	129.24386131747946	TNFRSF12A;SERPINE1;INHBA;PTGS2	0.0006004057051419493
SRRS_repair_ligand_receiver_core	39	LINCS_L1000_Ligand_Perturbations_up	31	BTC-MCF7	0.00023107653002057865	14.993377483443709	125.53597530045016	TNFRSF12A;TNC;INHBA;THBS1	0.0006261428555396324
SRRS_repair_ligand_receiver_core	39	LINCS_L1000_Ligand_Perturbations_up	32	TGFA-BT20	0.00024267865774399937	14.795891690009338	123.15763467371637	TNFRSF12A;TNC;INHBA;THBS1	0.0006370314765779983
SRRS_repair_ligand_receiver_core	39	LINCS_L1000_Ligand_Perturbations_up	33	HRG-MCF7	0.0002608606804283536	14.50915750915751	119.72266263437587	TNFRSF12A;TNC;PLOD2;THBS1	0.0006640090047267183
SRRS_repair_ligand_receiver_core	39	LINCS_L1000_Ligand_Perturbations_up	34	IFNG-MDAMB231	0.002112561422785742	12.912109375	79.53671017384555	TNFAIP6;SDC4;CCL20	0.005181100895657693
SRRS_repair_ligand_receiver_core	39	LINCS_L1000_Ligand_Perturbations_up	35	IL17-BT20	0.0021587920398573723	12.811369509043928	78.63883101173488	MMP3;WNT5A;MMP10	0.005181100895657693
SRRS_repair_ligand_receiver_core	39	LINCS_L1000_Ligand_Perturbations_up	36	IFNG-SKBR3	0.0023012529351580584	12.518308080808081	76.03997817807058	TNFAIP6;CCL20;CD47	0.00536959018203547
SRRS_repair_ligand_receiver_core	39	LINCS_L1000_Ligand_Perturbations_up	37	FGF1-MCF7	0.0028178367956210007	11.630868544600938	68.29396855424919	TNFRSF12A;TNC;CD47	0.006351057393048224
SRRS_repair_ligand_receiver_core	39	LINCS_L1000_Ligand_Perturbations_up	38	EGF-MCF7	0.002873097392093244	11.548951048951048	67.5886722914059	TNFRSF12A;SDC4;PLOD2	0.006351057393048224
SRRS_repair_ligand_receiver_core	39	LINCS_L1000_Ligand_Perturbations_up	39	IL4-HS578T	0.0030428853742277056	11.309931506849315	65.54047715163803	WNT5A;SERPINE1;IL6ST	0.0064673251571655144
SRRS_repair_ligand_receiver_core	39	LINCS_L1000_Ligand_Perturbations_up	40	AR-SKBR3	0.0031008256012906733	11.232426303854876	64.87947020372073	TNFRSF12A;SERPINE1;THBS1	0.0064673251571655144
SRRS_repair_ligand_receiver_core	39	LINCS_L1000_Ligand_Perturbations_up	41	BTC-SKBR3	0.0031594423087652093	11.155968468468469	64.22892384965934	IL6;TNFRSF12A;SERPINE1	0.0064673251571655144
SRRS_repair_ligand_receiver_core	39	LINCS_L1000_Ligand_Perturbations_up	42	EGF-SKBR3	0.0032787154876876678	11.00611111111111	62.958296492462395	SDC4;SERPINE1;INHBA	0.0064673251571655144
SRRS_repair_ligand_receiver_core	39	LINCS_L1000_Ligand_Perturbations_up	43	HBEGF-BT20	0.0035254919782653797	10.718073593073592	60.53284240976546	CCL20;MMP3;INHBA	0.0064673251571655144
SRRS_repair_ligand_receiver_core	39	LINCS_L1000_Ligand_Perturbations_up	44	EPG-BT20	0.0035254919782653797	10.718073593073592	60.53284240976546	TNFRSF12A;CCL20;IL6ST	0.0064673251571655144
SRRS_repair_ligand_receiver_core	39	LINCS_L1000_Ligand_Perturbations_up	45	EGF-BT20	0.0035254919782653797	10.718073593073592	60.53284240976546	SDC4;INHBA;THBS1	0.0064673251571655144
SRRS_repair_ligand_receiver_core	39	LINCS_L1000_Ligand_Perturbations_up	46	TGFA-MCF7	0.0035889152731361893	10.648387096774194	59.94941068071576	TNFRSF12A;SDC4;INHBA	0.0064673251571655144
SRRS_repair_ligand_receiver_core	39	LINCS_L1000_Ligand_Perturbations_up	47	SCF-SKBR3	0.0036530351460691028	10.579594017094017	59.374764852456494	LRP1;PDPN;THBS1	0.0064673251571655144
SRRS_repair_ligand_receiver_core	39	LINCS_L1000_Ligand_Perturbations_up	48	PDGFBB-MDAMB231	0.0037178540147264822	10.511677282377919	58.80872070168357	CCL20;WNT5A;TNC	0.0064673251571655144
SRRS_repair_ligand_receiver_core	39	LINCS_L1000_Ligand_Perturbations_up	49	MSP-HS578T	0.003783374276172331	10.444620253164556	58.25109897380852	WNT5A;ADAM12;TNC	0.0064673251571655144
SRRS_repair_ligand_receiver_core	39	LINCS_L1000_Ligand_Perturbations_up	50	AR-BT20	0.003849598307836616	10.378406708595389	57.70172521679546	TNFRSF12A;SDC4;INHBA	0.0064673251571655144
SRRS_repair_ligand_receiver_core	39	LINCS_L1000_Ligand_Perturbations_up	51	IGF2-BT20	0.026559564308497242	8.375422297297296	30.38909212679098	TNFRSF12A;THBS1	0.04374516474340722
SRRS_repair_ligand_receiver_core	39	LINCS_L1000_Ligand_Perturbations_up	52	BFGF-MCF7	0.02965294532888357	7.879570747217806	27.72185712221183	TNFRSF12A;TNC	0.04699712089860793
SRRS_repair_ligand_receiver_core	39	LINCS_L1000_Ligand_Perturbations_up	53	IFNG-HS578T	0.02965294532888357	7.879570747217806	27.72185712221183	IL6;PTGS2	0.04699712089860793
SRRS_repair_ligand_receiver_core	39	LINCS_L1000_Ligand_Perturbations_up	54	IL4-MDAMB231	0.030447859255328058	7.764590677634156	27.1119286762232	CCL20;WNT5A	0.047363336619399204
SRRS_repair_ligand_receiver_core	39	LINCS_L1000_Ligand_Perturbations_up	55	IFNA-MCF7	0.03165610141897486	7.598236534406747	26.23537628353784	TNFAIP6;CD47	0.04834750034897979
SRRS_repair_ligand_receiver_core	39	LINCS_L1000_Ligand_Perturbations_up	56	EPG-MCF7	0.0328831663015254	7.438813813813814	25.40201986357115	IL6ST;THBS1	0.0493247494522881
SRRS_repair_ligand_receiver_core	39	LINCS_L1000_Ligand_Perturbations_up	57	KGF-MCF7	0.034128805181687635	7.285898143041	24.60894810634007	TNFRSF12A;IL6ST	0.049427924745892436
SRRS_repair_ligand_receiver_core	39	LINCS_L1000_Ligand_Perturbations_up	58	IL17-MCF7	0.034128805181687635	7.285898143041	24.60894810634007	TGFBR3;CCL20	0.049427924745892436
SRRS_repair_ligand_receiver_core	39	LINCS_L1000_Ligand_Perturbations_up	59	BNGF-HS578T	0.036245476763227646	7.044452347083926	23.369552815620903	MMP3;CD47	0.05109698925156748
SRRS_repair_ligand_receiver_core	39	LINCS_L1000_Ligand_Perturbations_up	60	BNGF-BT20	0.036674820726311896	6.9980568804098215	23.133230599840193	CCL20;TNC	0.05109698925156748
SRRS_repair_ligand_receiver_core	39	LINCS_L1000_Ligand_Perturbations_up	61	IL4-MCF7	0.03710614695649543	6.952263952263952	22.90056722350201	PLOD2;PTGS2	0.05109698925156748
SRRS_repair_ligand_receiver_core	39	LINCS_L1000_Ligand_Perturbations_up	62	BTC-MDAMB231	0.03885109647225397	6.774888812863496	22.004967447117224	TNFAIP6;PTGS2	0.05180146196300529
SRRS_repair_ligand_receiver_core	39	LINCS_L1000_Ligand_Perturbations_up	63	HGF-BT20	0.03885109647225397	6.774888812863496	22.004967447117224	COL10A1;INHBA	0.05180146196300529
SRRS_repair_ligand_receiver_core	39	LINCS_L1000_Ligand_Perturbations_up	64	MCSF-SKBR3	0.04152648330379965	6.525049439683586	20.75894825813934	CCL20;TNC	0.05366499380798724
SRRS_repair_ligand_receiver_core	39	LINCS_L1000_Ligand_Perturbations_up	65	EPR-BT20	0.04152648330379965	6.525049439683586	20.75894825813934	INHBA;THBS1	0.05366499380798724
SRRS_repair_ligand_receiver_core	39	LINCS_L1000_Ligand_Perturbations_up	66	EPR-MCF10A	0.043347901054254186	6.3684041184041185	19.987217191835335	TNFRSF12A;TNC	0.0551700558872326
SRRS_repair_ligand_receiver_core	39	LINCS_L1000_Ligand_Perturbations_up	67	IGF2-SKBR3	0.0489876873738186	5.94024024024024	17.916871175081933	TNFAIP6;MMP3	0.06141739909553377
SRRS_repair_ligand_receiver_core	39	LINCS_L1000_Ligand_Perturbations_up	68	IFNG-BT20	0.23383611580612199	3.864717348927875	5.615955151287811	TNFAIP6	0.2757192517167727
SRRS_repair_ligand_receiver_core	39	LINCS_L1000_Ligand_Perturbations_up	69	IFNG-MCF10A	0.23684173060684982	3.8079139454475603	5.484778979746444	TNFAIP6	0.2757192517167727
SRRS_repair_ligand_receiver_core	39	LINCS_L1000_Ligand_Perturbations_up	70	GDNF-MCF7	0.2428185339461156	3.6991414706980215	5.2359160899734825	TNFRSF12A	0.2757192517167727
SRRS_repair_ligand_receiver_core	39	LINCS_L1000_Ligand_Perturbations_up	71	GAS6-MDAMB231	0.24727118147813174	3.6215277777777777	5.06025082837594	WNT5A	0.2757192517167727
SRRS_repair_ligand_receiver_core	39	LINCS_L1000_Ligand_Perturbations_up	72	HRG-MDAMB231	0.24727118147813174	3.6215277777777777	5.06025082837594	THBS1	0.2757192517167727
SRRS_repair_ligand_receiver_core	39	LINCS_L1000_Ligand_Perturbations_up	73	IFNA-MDAMB231	0.25169831247753316	3.547081990691013	4.893285024725894	IL6	0.2757192517167727
SRRS_repair_ligand_receiver_core	39	LINCS_L1000_Ligand_Perturbations_up	74	MCSF-MCF7	0.25169831247753316	3.547081990691013	4.893285024725894	THBS1	0.2757192517167727
SRRS_repair_ligand_receiver_core	39	LINCS_L1000_Ligand_Perturbations_up	75	HGF-MDAMB231	0.2561000693587896	3.475614035087719	4.734436307573471	ACVR1	0.2757192517167727
SRRS_repair_ligand_receiver_core	39	LINCS_L1000_Ligand_Perturbations_up	76	HRG-BT20	0.25756170744476303	3.4524224468455906	4.683197056565464	THBS1	0.2757192517167727
SRRS_repair_ligand_receiver_core	39	LINCS_L1000_Ligand_Perturbations_up	77	EGF-MDAMB231	0.2633803282011895	3.362648556876061	4.486298341851051	TNC	0.2757192517167727
SRRS_repair_ligand_receiver_core	39	LINCS_L1000_Ligand_Perturbations_up	78	BFGF-BT20	0.26482802645541786	3.340924426450742	4.439001494204816	TNC	0.2757192517167727
SRRS_repair_ligand_receiver_core	39	LINCS_L1000_Ligand_Perturbations_up	79	MSP-SKBR3	0.26627295235037346	3.3194770365403956	4.392442751386305	WNT5A	0.2757192517167727
SRRS_repair_ligand_receiver_core	39	LINCS_L1000_Ligand_Perturbations_up	80	GAS6-HS578T	0.26771511103037093	3.298301132578281	4.346606390332369	WNT5A	0.2757192517167727
SRRS_repair_ligand_receiver_core	39	LINCS_L1000_Ligand_Perturbations_up	81	EGF-MCF10A	0.2691545076282781	3.277391592188017	4.301477115444317	THBS1	0.2757192517167727
SRRS_repair_ligand_receiver_core	39	LINCS_L1000_Ligand_Perturbations_up	82	TGFA-MCF10A	0.2691545076282781	3.277391592188017	4.301477115444317	TNC	0.2757192517167727
SRRS_repair_ligand_receiver_core	39	LINCS_L1000_Ligand_Perturbations_up	83	GAS6-MCF7	0.2791533777769089	3.1380786303107167	4.004169212205634	PDPN	0.28251667148506443
SRRS_repair_ligand_receiver_core	39	LINCS_L1000_Ligand_Perturbations_up	84	IGF1-MCF7	0.286213691986492	3.0455524776854417	3.8100366216388313	TGFBR3	0.286213691986492
SRRS_repair_ligand_receiver_core	39	LINCS_L1000_Ligand_Perturbations_down	1	EPG-MCF10A	0.00024267865774399937	14.795891690009338	123.15763467371637	TNFRSF12A;TNC;PLOD2;IL6ST	0.006974604556849838
SRRS_repair_ligand_receiver_core	39	LINCS_L1000_Ligand_Perturbations_down	2	HGF-MCF7	0.0002735139041901897	14.324050632911392	117.51677601628332	WNT5A;COL10A1;IL6ST;PTGS2	0.006974604556849838
SRRS_repair_ligand_receiver_core	39	LINCS_L1000_Ligand_Perturbations_down	3	IL4-MDAMB231	0.0033393770679611815	10.932671081677704	62.33777341638657	TGFBR3;BAMBI;COL10A1	0.023701319343881325
SRRS_repair_ligand_receiver_core	39	LINCS_L1000_Ligand_Perturbations_down	4	EPG-MCF7	0.003400725345768821	10.860197368421053	61.72682634573436	IL11RA;TNC;INHBA	0.023701319343881325
SRRS_repair_ligand_receiver_core	39	LINCS_L1000_Ligand_Perturbations_down	5	PDGFBB-MDAMB231	0.0035889152731361893	10.648387096774194	59.94941068071576	SDC4;ITGA8;CD47	0.023701319343881325
SRRS_repair_ligand_receiver_core	39	LINCS_L1000_Ligand_Perturbations_down	6	BFGF-MCF7	0.0035889152731361893	10.648387096774194	59.94941068071576	IL11RA;BAMBI;WNT5A	0.023701319343881325
SRRS_repair_ligand_receiver_core	39	LINCS_L1000_Ligand_Perturbations_down	7	MCSF-MCF7	0.0036530351460691028	10.579594017094017	59.374764852456494	TGFBR3;IL11RA;WNT5A	0.023701319343881325
SRRS_repair_ligand_receiver_core	39	LINCS_L1000_Ligand_Perturbations_down	8	IL17-MCF7	0.0037178540147264822	10.511677282377919	58.80872070168357	WNT5A;CD47;IL6ST	0.023701319343881325
SRRS_repair_ligand_receiver_core	39	LINCS_L1000_Ligand_Perturbations_down	9	HGF-BT20	0.004333067461529559	9.937248995983936	54.07333736485788	CCL20;PLOD2;ITGAV	0.0245540489486675
SRRS_repair_ligand_receiver_core	39	LINCS_L1000_Ligand_Perturbations_down	10	IFNG-MDAMB231	0.0050067565763410975	9.421904761904761	49.90751825690778	TGFBR3;ITGA8;TNC	0.025534458539339597
SRRS_repair_ligand_receiver_core	39	LINCS_L1000_Ligand_Perturbations_down	11	MCSF-MDAMB231	0.03454810301256986	7.236303871439007	24.35307612271938	PLOD2;INHBA	0.09409157569175852
SRRS_repair_ligand_receiver_core	39	LINCS_L1000_Ligand_Perturbations_down	12	BNGF-HS578T	0.036245476763227646	7.044452347083926	23.369552815620903	SDC4;PLOD2	0.09409157569175852
SRRS_repair_ligand_receiver_core	39	LINCS_L1000_Ligand_Perturbations_down	13	PDGFBB-SKBR3	0.03710614695649543	6.952263952263952	22.90056722350201	TNC;THBS1	0.09409157569175852
SRRS_repair_ligand_receiver_core	39	LINCS_L1000_Ligand_Perturbations_down	14	HBEGF-HS578T	0.03710614695649543	6.952263952263952	22.90056722350201	BAMBI;COL10A1	0.09409157569175852
SRRS_repair_ligand_receiver_core	39	LINCS_L1000_Ligand_Perturbations_down	15	IFNG-HS578T	0.03710614695649543	6.952263952263952	22.90056722350201	TNC;MMP10	0.09409157569175852
SRRS_repair_ligand_receiver_core	39	LINCS_L1000_Ligand_Perturbations_down	16	GAS6-MDAMB231	0.03841193015275343	6.818385264245137	22.223757563436504	TGFBR3;SERPINE1	0.09409157569175852
SRRS_repair_ligand_receiver_core	39	LINCS_L1000_Ligand_Perturbations_down	17	HBEGF-BT20	0.03841193015275343	6.818385264245137	22.223757563436504	BAMBI;PLOD2	0.09409157569175852
SRRS_repair_ligand_receiver_core	39	LINCS_L1000_Ligand_Perturbations_down	18	MSP-HS578T	0.03885109647225397	6.774888812863496	22.004967447117224	SERPINE1;IL6ST	0.09409157569175852
SRRS_repair_ligand_receiver_core	39	LINCS_L1000_Ligand_Perturbations_down	19	MCSF-HS578T	0.039292200693298376	6.731939486656468	21.789465347694875	TNC;INHBA	0.09409157569175852
SRRS_repair_ligand_receiver_core	39	LINCS_L1000_Ligand_Perturbations_down	20	IFNG-MCF10A	0.03973523401790007	6.689527027027027	21.577183001416312	WNT5A;IL6R	0.09409157569175852
SRRS_repair_ligand_receiver_core	39	LINCS_L1000_Ligand_Perturbations_down	21	IGF1-MCF7	0.04062705291394789	6.606272939606273	21.16201354170067	IL11RA;COL10A1	0.09409157569175852
SRRS_repair_ligand_receiver_core	39	LINCS_L1000_Ligand_Perturbations_down	22	IFNA-BT20	0.0419790310755629	6.485176085176085	20.561802312939427	TGFBR3;WNT5A	0.09409157569175852
SRRS_repair_ligand_receiver_core	39	LINCS_L1000_Ligand_Perturbations_down	23	HGF-MDAMB231	0.04243345570412639	6.445783132530121	20.367502715255565	PLOD2;PTGS2	0.09409157569175852
SRRS_repair_ligand_receiver_core	39	LINCS_L1000_Ligand_Perturbations_down	24	GAS6-MCF7	0.23684173060684982	3.8079139454475603	5.484778979746444	IL6ST	0.2833976890843033
SRRS_repair_ligand_receiver_core	39	LINCS_L1000_Ligand_Perturbations_down	25	MCSF-SKBR3	0.2457898078403988	3.6470371733529627	5.117809028995641	IL6ST	0.2833976890843033
SRRS_repair_ligand_receiver_core	39	LINCS_L1000_Ligand_Perturbations_down	26	GAS6-BT20	0.25022542849519364	3.5715573179524154	4.948010698250294	TGFBR3	0.2833976890843033
SRRS_repair_ligand_receiver_core	39	LINCS_L1000_Ligand_Perturbations_down	27	BTC-MCF10A	0.25169831247753316	3.547081990691013	4.893285024725894	IL6R	0.2833976890843033
SRRS_repair_ligand_receiver_core	39	LINCS_L1000_Ligand_Perturbations_down	28	EPG-BT20	0.254635627656387	3.4991169198163194	4.786517849430982	BAMBI	0.2833976890843033
SRRS_repair_ligand_receiver_core	39	LINCS_L1000_Ligand_Perturbations_down	29	IL4-MCF7	0.25902054715989925	3.4295360110803323	4.6327814765838085	COL10A1	0.2833976890843033
SRRS_repair_ligand_receiver_core	39	LINCS_L1000_Ligand_Perturbations_down	30	EPG-MDAMB231	0.260476593715873	3.4069487444100446	4.58317147362036	TGFBR3	0.2833976890843033
SRRS_repair_ligand_receiver_core	39	LINCS_L1000_Ligand_Perturbations_down	31	BNGF-BT20	0.2633803282011895	3.362648556876061	4.486298341851051	ENG	0.2833976890843033
SRRS_repair_ligand_receiver_core	39	LINCS_L1000_Ligand_Perturbations_down	32	IL6-SKBR3	0.2633803282011895	3.362648556876061	4.486298341851051	ITGA8	0.2833976890843033
SRRS_repair_ligand_receiver_core	39	LINCS_L1000_Ligand_Perturbations_down	33	HRG-BT20	0.26627295235037346	3.3194770365403956	4.392442751386305	WNT5A	0.2833976890843033
SRRS_repair_ligand_receiver_core	39	LINCS_L1000_Ligand_Perturbations_down	34	IFNA-HS578T	0.26627295235037346	3.3194770365403956	4.392442751386305	IL6R	0.2833976890843033
SRRS_repair_ligand_receiver_core	39	LINCS_L1000_Ligand_Perturbations_down	35	TGFA-HS578T	0.2691545076282781	3.277391592188017	4.301477115444317	BAMBI	0.2833976890843033
SRRS_repair_ligand_receiver_core	39	LINCS_L1000_Ligand_Perturbations_down	36	EGF-MCF10A	0.2705911473587066	3.2567434210526316	4.257040043318313	IL6R	0.2833976890843033
SRRS_repair_ligand_receiver_core	39	LINCS_L1000_Ligand_Perturbations_down	37	FGF1-HS578T	0.27202503527380917	3.2363517489375613	4.213280692118755	BAMBI	0.2833976890843033
SRRS_repair_ligand_receiver_core	39	LINCS_L1000_Ligand_Perturbations_down	38	TNFA-MCF7	0.27202503527380917	3.2363517489375613	4.213280692118755	MMP3	0.2833976890843033
SRRS_repair_ligand_receiver_core	39	LINCS_L1000_Ligand_Perturbations_down	39	GAS6-HS578T	0.27202503527380917	3.2363517489375613	4.213280692118755	CCL20	0.2833976890843033
SRRS_repair_ligand_receiver_core	39	LINCS_L1000_Ligand_Perturbations_down	40	MSP-SKBR3	0.27345617655910126	3.2162118258609484	4.170184964924455	BAMBI	0.2833976890843033
SRRS_repair_ligand_receiver_core	39	LINCS_L1000_Ligand_Perturbations_down	41	IL4-HS578T	0.27345617655910126	3.2162118258609484	4.170184964924455	CCL20	0.2833976890843033
SRRS_repair_ligand_receiver_core	39	LINCS_L1000_Ligand_Perturbations_down	42	BFGF-HS578T	0.27345617655910126	3.2162118258609484	4.170184964924455	BAMBI	0.2833976890843033
SRRS_repair_ligand_receiver_core	39	LINCS_L1000_Ligand_Perturbations_down	43	EGF-BT20	0.27488457633866964	3.196319018404908	4.127739139525473	TGFBR3	0.2833976890843033
SRRS_repair_ligand_receiver_core	39	LINCS_L1000_Ligand_Perturbations_down	44	PDGFBB-BT20	0.27488457633866964	3.196319018404908	4.127739139525473	IL6ST	0.2833976890843033
SRRS_repair_ligand_receiver_core	39	LINCS_L1000_Ligand_Perturbations_down	45	AR-BT20	0.2763102397642402	3.1766688061617456	4.085929855279106	BAMBI	0.2833976890843033
SRRS_repair_ligand_receiver_core	39	LINCS_L1000_Ligand_Perturbations_down	46	GDNF-MCF7	0.2763102397642402	3.1766688061617456	4.085929855279106	WNT5A	0.2833976890843033
SRRS_repair_ligand_receiver_core	39	LINCS_L1000_Ligand_Perturbations_down	47	BTC-HS578T	0.2763102397642402	3.1766688061617456	4.085929855279106	BAMBI	0.2833976890843033
SRRS_repair_ligand_receiver_core	39	LINCS_L1000_Ligand_Perturbations_down	48	EGF-HS578T	0.2763102397642402	3.1766688061617456	4.085929855279106	BAMBI	0.2833976890843033
SRRS_repair_ligand_receiver_core	39	LINCS_L1000_Ligand_Perturbations_down	49	IFNA-MDAMB231	0.2777331718645593	3.15725677830941	4.0447441032211655	ITGAV	0.2833976890843033
SRRS_repair_ligand_receiver_core	39	LINCS_L1000_Ligand_Perturbations_down	50	KGF-MCF7	0.2791533777769089	3.1380786303107167	4.004169212205634	MMP10	0.2833976890843033
SRRS_repair_ligand_receiver_core	39	LINCS_L1000_Ligand_Perturbations_down	51	IFNG-SKBR3	0.2833976890843033	3.0819059483027096	3.885987864561398	TGFBR3	0.2833976890843033
SRRS_repair_ligand_receiver_core	39	Gene_Perturbations_from_GEO_up	1	Gnas KO mouse GSE58894 sample 2983	1.251044131376408e-13	32.65837479270315	970.2681564168256	IL11;IL6;TNFAIP6;MMP3;SERPINE1;PDPN;TNC;COL10A1;INHBA;PTGS2;MMP10;WISP1	1.9753986834433484e-10
SRRS_repair_ligand_receiver_core	39	Gene_Perturbations_from_GEO_up	2	Tnf siTNF-OMe mouse GSE31906 sample 1113	3.7627476340844323e-13	25.09102564102564	717.8155222318924	IL11;TNFAIP6;MMP3;TNC;PLOD2;PTGS2;THBS1;MMP10;TGFBR3;PDPN;ITGA5;IL6ST;ENG	2.54185377780944e-10
SRRS_repair_ligand_receiver_core	39	Gene_Perturbations_from_GEO_up	3	Wt1 KO mouse GSE15325 sample 2156	4.829361199131298e-13	24.576633165829147	696.9660858432766	FLT1;TNFRSF12A;MMP3;SERPINE1;TNC;PLOD2;INHBA;PTGS2;THBS1;IL6;ADAM12;ITGA8;COL10A1	2.54185377780944e-10
SRRS_repair_ligand_receiver_core	39	Gene_Perturbations_from_GEO_up	4	EWSR1 KD human GSE27524 sample 495	2.434933363030108e-12	25.0485312899106	669.8253233124104	PDGFRB;TGFBR3;LRP1;CCL20;SERPINE1;ITGA8;KDR;ITGAV;IL6ST;PTGS2;THBS1;MMP10	7.943869051458111e-10
SRRS_repair_ligand_receiver_core	39	Gene_Perturbations_from_GEO_up	5	FLI1 KD human GSE27524 sample 1597	2.515474683805608e-12	24.975485514167463	667.0592431221056	PDGFRB;TGFBR3;LRP1;CCL20;SERPINE1;ITGA8;KDR;ITGAV;IL6ST;PTGS2;THBS1;MMP10	7.943869051458111e-10
SRRS_repair_ligand_receiver_core	39	Gene_Perturbations_from_GEO_up	6	PTGS2 INHIBITION human GSE11237 sample 1037	8.61508114999416e-12	26.647906403940887	678.9222173150526	IL11;IL6;TNFAIP6;SDC4;BAMBI;MMP3;WNT5A;SERPINE1;PDPN;ITGA5;PTGS2	2.267202189306797e-09
SRRS_repair_ligand_receiver_core	39	Gene_Perturbations_from_GEO_up	7	COMMD3-BMI1 KD human GSE7578 sample 129	4.4952104300347823e-11	22.671323529411765	540.1538853427919	ACVR1;TNFRSF12A;SDC4;SERPINE1;TNC;PLOD2;ITGAV;ITGA5;INHBA;CD47;THBS1	1.0139910384321317e-08
SRRS_repair_ligand_receiver_core	39	Gene_Perturbations_from_GEO_up	8	ADRB1 Beta-1 receptor blocker (METOPROLOL) human GSE3356 sample 2278	5.294537675143648e-11	18.968149769025043	448.81981432944036	IL6;TNFAIP6;SDC4;SERPINE1;PLOD2;ITGAV;ITGA5;INHBA;IL6ST;PTGS2;THBS1;HIF1A	1.0450093736314775e-08
SRRS_repair_ligand_receiver_core	39	Gene_Perturbations_from_GEO_up	9	TNF Stimulation of gene product human GSE2638 sample 3111	7.03127931555396e-11	21.696780684104628	507.2288002026349	SDC4;CCL20;BAMBI;SERPINE1;PDPN;TNC;PLOD2;ITGAV;ITGA5;CD47;HIF1A	1.233598893251078e-08
SRRS_repair_ligand_receiver_core	39	Gene_Perturbations_from_GEO_up	10	Kmt2a KO mouse GSE24964 sample 3008	7.948760707229675e-11	26.027216276919013	605.273845750251	FLT1;SDC4;SERPINE1;PDPN;TNC;PLOD2;ITGAV;ITGA5;INHBA;PTGS2	1.2551093156715656e-08
SRRS_repair_ligand_receiver_core	39	Gene_Perturbations_from_GEO_up	11	Tnf siTNF-OMeP mouse GSE31906 sample 1115	1.04929820600642e-10	20.858691444057296	479.2853668984366	TGFBR3;TNFRSF12A;TNFAIP6;MMP3;PDPN;PLOD2;ITGA5;IL6ST;PTGS2;THBS1;MMP10	1.3910461485007082e-08
SRRS_repair_ligand_receiver_core	39	Gene_Perturbations_from_GEO_up	12	NFKB1 Activation human GSE20736 sample 2522	1.0571598341993982e-10	25.242917574669914	579.8365065564907	IL11;IL6;TNFRSF12A;BAMBI;MMP3;WNT5A;SERPINE1;ITGA5;INHBA;THBS1	1.3910461485007082e-08
SRRS_repair_ligand_receiver_core	39	Gene_Perturbations_from_GEO_up	13	PCGF2 KD human GSE7578 sample 130	1.215242966947314e-10	24.86800555766073	567.7591196841818	TGFBR3;ITGB1;TNFRSF12A;SDC4;SERPINE1;TNC;PLOD2;ITGAV;ITGA5;INHBA	1.476052803699853e-08
SRRS_repair_ligand_receiver_core	39	Gene_Perturbations_from_GEO_up	14	Rps6ka3 KO mouse GSE52992 sample 2894	2.292549716543482e-10	23.227444496929618	515.560685754643	ITGB1;MMP3;ADAM12;SERPINE1;TNC;INHBA;PTGS2;THBS1;MMP10;WISP1	2.5856685731586843e-08
SRRS_repair_ligand_receiver_core	39	Gene_Perturbations_from_GEO_up	15	Ddit3 knock-out (treated with 2 ug/ml tunicamycin for 8 hours) mouse GSE2082 sample 1388	4.027595691793724e-10	21.858731924360402	472.8629820970992	ITGB1;SERPINE1;TNC;ITGA5;INHBA;PTGS2;THBS1;HIF1A;WISP1;ENG	4.2227543293039806e-08
SRRS_repair_ligand_receiver_core	39	Gene_Perturbations_from_GEO_up	16	Pparg Deficiency mouse GSE23421 sample 1231	4.278915089858372e-10	21.716401414677275	468.4694999657949	IL11;IL6;CCL20;MMP3;SERPINE1;PDPN;PTGS2;THBS1;HIF1A;MMP10	4.2227543293039806e-08
SRRS_repair_ligand_receiver_core	39	Gene_Perturbations_from_GEO_up	17	PIK3CA activemutant human GSE17785 sample 2042	4.969393195751248e-10	21.368432502991407	457.76638189713367	ITGB1;TNFRSF12A;SDC4;WNT5A;SERPINE1;PLOD2;ITGAV;ITGA5;THBS1;HIF1A	4.615689327112482e-08
SRRS_repair_ligand_receiver_core	39	Gene_Perturbations_from_GEO_up	18	Prmt6 OE mouse GSE27685 sample 1424	5.594784632654034e-10	17.67585582620145	376.5667167799251	FLT1;TNFRSF12A;SERPINE1;TNC;ITGAV;ITGA5;INHBA;CD47;PTGS2;THBS1;WISP1	4.9078694083115115e-08
SRRS_repair_ligand_receiver_core	39	Gene_Perturbations_from_GEO_up	19	Src overexpression mouse GSE15161 sample 2015	7.894763585798083e-10	20.325152738945842	426.00811255360446	TGFBR3;IL6;TNFRSF12A;MMP3;PDPN;TNC;PLOD2;PTGS2;HIF1A;MMP10	6.282932522810138e-08
SRRS_repair_ligand_receiver_core	39	Gene_Perturbations_from_GEO_up	20	TNF Stimulation of gene product human GSE2639 sample 3112	7.958115925028674e-10	25.18212765957447	527.6073428276964	SDC4;CCL20;SERPINE1;ITGAV;INHBA;CD47;IL6ST;PTGS2;MMP10	6.282932522810138e-08
SRRS_repair_ligand_receiver_core	39	Gene_Perturbations_from_GEO_up	21	Zfx KO mouse GSE7069 sample 177	1.0141260479888792e-09	19.781205888283928	409.65371316566717	ITGB1;TNFRSF12A;TNFAIP6;SERPINE1;TNC;PLOD2;ITGAV;PTGS2;THBS1;WISP1	7.480872482558174e-08
SRRS_repair_ligand_receiver_core	39	Gene_Perturbations_from_GEO_up	22	Aurka druginhibition mouse GSE57810 sample 1964	1.042300155897909e-09	19.72252940585101	407.89811626319164	IL6;TNFRSF12A;SDC4;ADAM12;SERPINE1;ITGA8;TNC;COL10A1;INHBA;PTGS2	7.480872482558174e-08
SRRS_repair_ligand_receiver_core	39	Gene_Perturbations_from_GEO_up	23	Kmt2a KO mouse GSE24964 sample 3009	1.2569899621726464e-09	23.846370967741937	488.72054417781595	FLT1;SERPINE1;PDPN;TNC;PLOD2;ITGAV;INHBA;PTGS2;MMP10	8.629509349002647e-08
SRRS_repair_ligand_receiver_core	39	Gene_Perturbations_from_GEO_up	24	PIAS1 KD human GSE44024 sample 160	2.1358881262602014e-09	22.382954545454545	446.8618837655469	IL11;IL6;CCL20;SERPINE1;PLOD2;ITGA5;INHBA;PTGS2;THBS1	1.405236396402024e-07
SRRS_repair_ligand_receiver_core	39	Gene_Perturbations_from_GEO_up	25	BRAF overexpression human GSE46801 sample 1951	2.590246360414648e-09	17.86444079547528	353.2070206726909	IL11;TNFAIP6;SDC4;CCL20;SERPINE1;TNC;KDR;ITGA5;INHBA;MMP10	1.6359996012378915e-07
SRRS_repair_ligand_receiver_core	39	Gene_Perturbations_from_GEO_up	26	POU5F1 KD human GSE21135 sample 1328	3.726237183756229e-09	17.169430551899623	333.222023078458	PDGFRB;TGFBR3;IL11;IL6;SDC4;SERPINE1;TNC;ITGAV;ITGA5;THBS1	2.26297250505811e-07
SRRS_repair_ligand_receiver_core	39	Gene_Perturbations_from_GEO_up	27	FLI1 KD human GSE27524 sample 1598	8.617571812113179e-09	15.662389735364876	290.8421586050898	TGFBR3;LRP1;MMP3;SERPINE1;PLOD2;ITGAV;ITGA5;IL6ST;PTGS2;MMP10	5.039683663454337e-07
SRRS_repair_ligand_receiver_core	39	Gene_Perturbations_from_GEO_up	28	EWSR1 KD human GSE27524 sample 496	8.997496203332349e-09	15.588282247765006	288.7934973462329	ACVR1;TGFBR3;LRP1;MMP3;SERPINE1;PLOD2;ITGAV;ITGA5;PTGS2;MMP10	5.073945180379207e-07
SRRS_repair_ligand_receiver_core	39	Gene_Perturbations_from_GEO_up	29	ERG KD human GSE14801 sample 827	1.1061161141592253e-08	23.263514508764178	426.1835347080883	IL6;TNFRSF12A;TNFAIP6;CCL20;ITGAV;ITGA5;IL6ST;PTGS2	6.022611531922127e-07
SRRS_repair_ligand_receiver_core	39	Gene_Perturbations_from_GEO_up	30	KDM5A KD human GSE43552 sample 1828	1.1743422564718714e-08	18.239628482972137	333.05511514436614	IL11;IL6;TNFRSF12A;CCL20;SERPINE1;PLOD2;ITGA5;INHBA;PTGS2	6.180954743230284e-07
SRRS_repair_ligand_receiver_core	39	Gene_Perturbations_from_GEO_up	31	EWSR1 KD human GSE27524 sample 494	1.3025809303281137e-08	18.01284403669725	327.04719670814757	PDGFRB;TGFBR3;LRP1;IL11RA;SERPINE1;KDR;ITGAV;PTGS2;MMP10	6.63475899673578e-07
SRRS_repair_ligand_receiver_core	39	Gene_Perturbations_from_GEO_up	32	FLI1 KD human GSE27524 sample 1599	1.556732649465825e-08	17.629041916167665	316.93652994133885	PDGFRB;TGFBR3;LRP1;IL11RA;SERPINE1;KDR;ITGAV;PTGS2;MMP10	7.68150266720793e-07
SRRS_repair_ligand_receiver_core	39	Gene_Perturbations_from_GEO_up	33	Fosl1 KO mouse GSE43695 sample 2301	2.198340832359163e-08	16.907758620689656	298.13413300194907	IL6;TNFRSF12A;MMP3;SERPINE1;TNC;ITGA5;INHBA;THBS1;WISP1	1.05187278008943e-06
SRRS_repair_ligand_receiver_core	39	Gene_Perturbations_from_GEO_up	34	TNF OE human GSE2639 sample 1801	2.4196624911911946e-08	20.94039559272534	367.2328206488274	SDC4;CCL20;SERPINE1;ITGAV;INHBA;CD47;PTGS2;MMP10	1.123719727526734e-06
SRRS_repair_ligand_receiver_core	39	Gene_Perturbations_from_GEO_up	35	FLI1 KD human GSE27524 sample 1605	3.355963018159333e-08	16.061475409836067	276.41705983660034	ACVR1;PDGFRB;TGFBR3;LRP1;SERPINE1;KDR;ITGAV;PTGS2;MMP10	1.5140187444781675e-06
SRRS_repair_ligand_receiver_core	39	Gene_Perturbations_from_GEO_up	36	HNRNPU-AS1 OE human GSE9951 sample 1587	4.595089231740767e-08	15.458684210526316	261.18517594262875	IL11;TNFRSF12A;SDC4;CCL20;MMP3;SERPINE1;TNC;PLOD2;ITGA5	2.01545719358852e-06
SRRS_repair_ligand_receiver_core	39	Gene_Perturbations_from_GEO_up	37	IL1B Challenge human GSE26315 sample 3057	5.352640065119736e-08	15.173643410852714	254.0536899204188	IL6;LRP1;TNFAIP6;SDC4;CCL20;PDPN;TNC;INHBA;PTGS2	2.284275314276774e-06
SRRS_repair_ligand_receiver_core	39	Gene_Perturbations_from_GEO_up	38	JAG1 OE human GSE16906 sample 67	6.122699102640697e-08	18.47366568914956	306.8231596422276	ACVR1;PDGFRB;WNT5A;ADAM12;ITGAV;ITGA5;INHBA;HIF1A	2.5441426008078054e-06
SRRS_repair_ligand_receiver_core	39	Gene_Perturbations_from_GEO_up	39	Klf15 KO mouse GSE53231 sample 446	6.640924220914607e-08	18.2715247157113	301.981338428206	IL6;TNFAIP6;SDC4;MMP3;SERPINE1;PDPN;TNC;THBS1	2.688722908929273e-06
SRRS_repair_ligand_receiver_core	39	Gene_Perturbations_from_GEO_up	40	HDAC9 INHIBITION - trichostatin A human GSE5856 sample 736	7.791691325868929e-08	17.88005452067242	292.6539879060845	IL6;TNFRSF12A;SERPINE1;PLOD2;INHBA;PTGS2;MMP10;ENG	3.00075136671879e-06
SRRS_repair_ligand_receiver_core	39	Gene_Perturbations_from_GEO_up	41	KDM4C natural variation human GSE41040 sample 617	7.791691325868929e-08	17.88005452067242	292.6539879060845	TGFBR3;SDC4;WNT5A;SERPINE1;PLOD2;ITGAV;THBS1;HIF1A	3.00075136671879e-06
SRRS_repair_ligand_receiver_core	39	Gene_Perturbations_from_GEO_up	42	Ezh2 Deficiency mouse GSE30076 sample 391	9.02347212596497e-08	14.234708737864077	230.89909726003376	TNFRSF12A;LRP1;TNFAIP6;SDC4;SERPINE1;TNC;PTGS2;THBS1;ENG	3.392395830213973e-06
SRRS_repair_ligand_receiver_core	39	Gene_Perturbations_from_GEO_up	43	MALAT1 OE human GSE9951 sample 1574	9.394794272974701e-08	14.164492753623188	229.1889292373637	ACVR1;IL11;IL6;SDC4;CCL20;TNC;PLOD2;INHBA;PTGS2	3.4498558504714076e-06
SRRS_repair_ligand_receiver_core	39	Gene_Perturbations_from_GEO_up	44	Akt1 KO mouse GSE2746 sample 221	1.1735927029279303e-07	16.912688172043012	269.8931162400969	PDGFRB;ITGB1;TNFRSF12A;SERPINE1;TNC;INHBA;THBS1;WISP1	4.211597449825459e-06
SRRS_repair_ligand_receiver_core	39	Gene_Perturbations_from_GEO_up	45	Foxd3 KO mouse GSE58960 sample 1417	1.233265722447168e-07	16.798974578081605	267.2453101580055	IL6;SDC4;MMP3;SERPINE1;TNC;INHBA;PTGS2;THBS1	4.327392390542396e-06
SRRS_repair_ligand_receiver_core	39	Gene_Perturbations_from_GEO_up	46	PTEN KD human GSE7562 sample 1367	1.3276652661885182e-07	16.631200423056583	263.3496317765675	ITGB1;TNFRSF12A;SDC4;CCL20;PLOD2;CD47;PTGS2;HIF1A	4.557355337634066e-06
SRRS_repair_ligand_receiver_core	39	Gene_Perturbations_from_GEO_up	47	SOX2 KO human GSE59234 sample 2956	2.387183364412166e-07	15.351710654936461	234.0825998850666	PDGFRB;TGFBR3;BAMBI;WNT5A;TNC;ITGAV;ITGA5;IL6ST	8.019920281716618e-06
SRRS_repair_ligand_receiver_core	39	Gene_Perturbations_from_GEO_up	48	Tnf siTNF mouse GSE31906 sample 1111	3.466195736432388e-07	14.58696662638282	216.98168269664828	TGFBR3;TNFAIP6;MMP3;PDPN;TNC;PLOD2;ITGA5;THBS1	1.1402339724639044e-05
SRRS_repair_ligand_receiver_core	39	Gene_Perturbations_from_GEO_up	49	Prdm16 DEPLETION mouse GSE35011 sample 487	6.24046128485062e-07	17.04001976284585	243.45147032123214	IL6;MMP3;SERPINE1;PDPN;TNC;INHBA;PTGS2	2.0109568099549242e-05
SRRS_repair_ligand_receiver_core	39	Gene_Perturbations_from_GEO_up	50	FLI1 KD human GSE27524 sample 1600	7.192251685801781e-07	13.191611218731575	186.59654586343004	PDGFRB;TGFBR3;LRP1;SERPINE1;KDR;ITGAV;PTGS2;MMP10	2.2713130823762025e-05
SRRS_repair_ligand_receiver_core	39	Gene_Perturbations_from_GEO_up	51	HNRNPU-AS1 OE human GSE9951 sample 1573	8.048773231531892e-07	10.851396648044693	152.27304778720622	ACVR1;IL11;IL6;SDC4;CCL20;MMP3;PLOD2;INHBA;PTGS2	2.4919633201154622e-05
SRRS_repair_ligand_receiver_core	39	Gene_Perturbations_from_GEO_up	52	FLI1 KD human GSE27524 sample 1601	9.369299841959382e-07	12.71731534898838	176.52469589214084	PDGFRB;TGFBR3;LRP1;SERPINE1;KDR;ITGAV;PTGS2;MMP10	2.8434857156627773e-05
SRRS_repair_ligand_receiver_core	39	Gene_Perturbations_from_GEO_up	53	Cdkn1b KO mouse GSE9161 sample 2179	9.544315575055554e-07	12.684713892040849	175.83740542818265	IL11;IL6;SERPINE1;ITGA8;TNC;ITGA5;PTGS2;THBS1	2.8434857156627773e-05
SRRS_repair_ligand_receiver_core	39	Gene_Perturbations_from_GEO_up	54	Pdk1 knockout mouse GSE42187 sample 2009	1.100857742222614e-06	15.601788949275363	214.0475096433589	TGFBR3;IL11;IL6;MMP3;ITGAV;THBS1;MMP10	3.1717691692302605e-05
SRRS_repair_ligand_receiver_core	39	Gene_Perturbations_from_GEO_up	55	C20orf197 OE human GSE9951 sample 1575	1.1047961007451826e-06	12.429683775623708	170.4836752833885	ACVR1;IL11;IL6;SDC4;CCL20;TNC;INHBA;PTGS2	3.1717691692302605e-05
SRRS_repair_ligand_receiver_core	39	Gene_Perturbations_from_GEO_up	56	LAMP3 KD human GSE29009 sample 1538	1.29573778759155e-06	15.210468197879859	206.1996520293614	TNFRSF12A;BAMBI;SERPINE1;TNC;ITGAV;ITGA5;THBS1	3.6535177975126026e-05
SRRS_repair_ligand_receiver_core	39	Gene_Perturbations_from_GEO_up	57	TFAP2C KD human GSE15481 sample 2970	2.0187187051778776e-06	14.19203795379538	186.10086855038654	IL6;TNFAIP6;CCL20;PLOD2;ITGA5;INHBA;PTGS2	5.592204974519068e-05
SRRS_repair_ligand_receiver_core	39	Gene_Perturbations_from_GEO_up	58	Mnat1 Deficiency - Ablation mouse GSE6662 sample 717	2.062292106084951e-06	14.144634046052632	185.1771997511173	ITGB1;LRP1;SERPINE1;ITGAV;THBS1;HIF1A;ENG	5.614412475014031e-05
SRRS_repair_ligand_receiver_core	39	Gene_Perturbations_from_GEO_up	59	TFAP2C Silencing - siRNA3 human GSE15481 sample 2895	2.4911571064155027e-06	13.731629392971247	177.17596314994765	IL6;TNFAIP6;CCL20;PLOD2;ITGA5;INHBA;PTGS2	6.555895118383464e-05
SRRS_repair_ligand_receiver_core	39	Gene_Perturbations_from_GEO_up	60	BMI1 DEPLETION human GSE6015 sample 142	2.4911571064155027e-06	13.731629392971247	177.17596314994765	IL11;TNFRSF12A;WNT5A;SERPINE1;ITGA5;INHBA;THBS1	6.555895118383464e-05
SRRS_repair_ligand_receiver_core	39	Gene_Perturbations_from_GEO_up	61	Trnp1 KD mouse GSE40582 sample 1375	2.667950197267704e-06	10.98915340188759	141.03699365399626	PDGFRB;FLT1;BAMBI;SERPINE1;KDR;ITGA5;THBS1;ENG	6.887524108808088e-05
SRRS_repair_ligand_receiver_core	39	Gene_Perturbations_from_GEO_up	62	HNF4A KD human GSE25417 sample 1357	2.704410986359097e-06	13.555599369085174	173.79127540123406	TGFBR3;WNT5A;PDPN;PLOD2;ITGAV;IL6ST;HIF1A	6.887524108808088e-05
SRRS_repair_ligand_receiver_core	39	Gene_Perturbations_from_GEO_up	63	JAG1 OE human GSE16906 sample 2860	2.8166352870938475e-06	13.469239811912226	172.13644766555768	ACVR1;PDGFRB;WNT5A;ITGAV;ITGA5;INHBA;HIF1A	7.059471616382834e-05
SRRS_repair_ligand_receiver_core	39	Gene_Perturbations_from_GEO_up	64	FLI1 KD human GSE27524 sample 1596	3.505922560319594e-06	13.012973484848485	163.45669985392365	PDGFRB;TGFBR3;LRP1;IL11RA;SERPINE1;KDR;PTGS2	8.649768316788498e-05
SRRS_repair_ligand_receiver_core	39	Gene_Perturbations_from_GEO_up	65	HSF1 KD human GSE3697 sample 782	3.883279467774403e-06	16.85702091335894	210.0187669296037	IL11;IL6;TNFRSF12A;TNFAIP6;BAMBI;THBS1	9.433381968639665e-05
SRRS_repair_ligand_receiver_core	39	Gene_Perturbations_from_GEO_up	66	Tgfbr1 activemutant mouse GSE14523 sample 2023	4.0139341286861474e-06	12.738130563798219	158.2806821430154	IL11;TNFRSF12A;TNFAIP6;CCL20;INHBA;PTGS2;THBS1	9.603033316962768e-05
SRRS_repair_ligand_receiver_core	39	Gene_Perturbations_from_GEO_up	67	EGFR drugactivation rat GSE5282 sample 1866	4.33084799273862e-06	12.586143695014663	155.43569277883913	ITGB1;TNFRSF12A;SDC4;CCL20;PDPN;IL6ST;PTGS2	0.00010206580567961613
SRRS_repair_ligand_receiver_core	39	Gene_Perturbations_from_GEO_up	68	Eed KO mouse GSE49305 sample 1477	5.711707922540025e-06	12.046611657303371	145.43865180647768	TNFAIP6;SERPINE1;TNC;ITGA5;INHBA;PTGS2;THBS1	0.0001326292177895691
SRRS_repair_ligand_receiver_core	39	Gene_Perturbations_from_GEO_up	69	Nfyc KD mouse GSE56838 sample 1343	5.92083273652796e-06	11.978090083798882	144.18067105379308	TNFRSF12A;SDC4;PDPN;ITGA8;KDR;PTGS2;THBS1	0.00013549267957938622
SRRS_repair_ligand_receiver_core	39	Gene_Perturbations_from_GEO_up	70	HNRNPU-AS1 OE human GSE9951 sample 1586	6.703737584523646e-06	11.74417808219178	139.9065771229556	TNFRSF12A;SDC4;CCL20;MMP3;PLOD2;ITGA5;PTGS2	0.00015121716637089768
SRRS_repair_ligand_receiver_core	39	Gene_Perturbations_from_GEO_up	71	Adrb1 mutation, beta1-Arg389 mouse GSE11887 sample 1268	7.835340044220541e-06	11.45630013368984	134.69018876319657	TNFRSF12A;TNFAIP6;BAMBI;SERPINE1;PDPN;TNC;THBS1	0.00017183336013644772
SRRS_repair_ligand_receiver_core	39	Gene_Perturbations_from_GEO_up	72	WTAP KD human GSE2327 sample 96	7.835340044220541e-06	11.45630013368984	134.69018876319657	SERPINE1;KDR;PLOD2;ITGAV;ITGA5;THBS1;HIF1A	0.00017183336013644772
SRRS_repair_ligand_receiver_core	39	Gene_Perturbations_from_GEO_up	73	Cdh1 KO mouse GSE31771 sample 2483	9.925982349273511e-06	14.22005772005772	163.82010962897908	TNFRSF12A;PDPN;TNC;ITGA5;PTGS2;MMP10	0.00021370643411898528
SRRS_repair_ligand_receiver_core	39	Gene_Perturbations_from_GEO_up	74	PAX5 OE human GSE44244 sample 574	1.0015374366564224e-05	9.107800586510264	104.84343738891003	IL6;TNFAIP6;SDC4;CCL20;PLOD2;IL6ST;PTGS2;THBS1	0.00021370643411898528
SRRS_repair_ligand_receiver_core	39	Gene_Perturbations_from_GEO_up	75	Pou5f1 KD mouse GSE56853 sample 1336	1.0578980041852183e-05	10.920200892857142	125.10882718018317	TNFRSF12A;SDC4;WNT5A;SERPINE1;PDPN;PTGS2;THBS1	0.00022272279314779463
SRRS_repair_ligand_receiver_core	39	Gene_Perturbations_from_GEO_up	76	ERBB2 OE human GSE43730 sample 358	1.1071156023814348e-05	13.939865581888927	159.07013952348476	IL6;TNFAIP6;CCL20;WNT5A;ADAM12;PTGS2	0.00023001783370530074
SRRS_repair_ligand_receiver_core	39	Gene_Perturbations_from_GEO_up	77	Itgb1 KO mouse GSE14411 sample 2347	1.18418394996885e-05	10.724780701754385	121.66053497676543	PDGFRB;TNFAIP6;SERPINE1;TNC;PLOD2;PTGS2;THBS1	0.00024283460480530055
SRRS_repair_ligand_receiver_core	39	Gene_Perturbations_from_GEO_up	78	Rap1a KO mouse GSE46209 sample 1444	1.2032059512706176e-05	10.697421875	121.17970870226456	PDGFRB;ADAM12;ITGA8;TNC;IL6ST;THBS1;WISP1	0.00024357207654568015
SRRS_repair_ligand_receiver_core	39	Gene_Perturbations_from_GEO_up	79	WNT1 OE human GSE26656 sample 2356	1.2224810414489362e-05	10.670199501246882	120.70175590469395	PDGFRB;FLT1;BAMBI;WNT5A;INHBA;MMP10;WISP1	0.0002443414638541608
SRRS_repair_ligand_receiver_core	39	Gene_Perturbations_from_GEO_up	80	Lrp5 KO mouse GSE55900 sample 3042	1.2584376833863837e-05	13.61769789146215	153.6492267546313	PDGFRB;IL6;SDC4;MMP3;TNC;THBS1	0.0002483841377583875
SRRS_repair_ligand_receiver_core	39	Gene_Perturbations_from_GEO_up	81	Akt1 KO mouse GSE63848 sample 506	1.3227462572681384e-05	10.536099137931034	118.35427100447585	IL6;LRP1;SERPINE1;PDPN;TNC;PLOD2;THBS1	0.0002578538691637519
SRRS_repair_ligand_receiver_core	39	Gene_Perturbations_from_GEO_up	82	LAMP3 KD human GSE29009 sample 1541	1.3401450394109706e-05	13.462064251537935	151.0463481519653	TNFRSF12A;SERPINE1;TNC;ITGAV;ITGA5;THBS1	0.00025805963624755154
SRRS_repair_ligand_receiver_core	39	Gene_Perturbations_from_GEO_up	83	THRB HCC mutant bN human GSE29159 sample 1696	1.3683158664683733e-05	13.41096356826694	150.19400477780297	ITGB1;LRP1;SERPINE1;PLOD2;ITGAV;IL6ST	0.0002603097292956098
SRRS_repair_ligand_receiver_core	39	Gene_Perturbations_from_GEO_up	84	RNF40 KD human GSE38173 sample 1381	1.4260963605164608e-05	13.309901993916863	148.51168109319266	IL6;TNFAIP6;SDC4;CCL20;BAMBI;PTGS2	0.00026807216110184427
SRRS_repair_ligand_receiver_core	39	Gene_Perturbations_from_GEO_up	85	MIR122 KO mouse GSE31453 sample 2408	1.4519829342360274e-05	10.379475121359222	115.62730408831304	TNFRSF12A;TNFAIP6;CCL20;SERPINE1;ITGA8;PLOD2;THBS1	0.00026972718272455146
SRRS_repair_ligand_receiver_core	39	Gene_Perturbations_from_GEO_up	86	POU5F1 KD human GSE21135 sample 1329	1.5438273731775243e-05	10.277569110576923	113.86170227700636	PDGFRB;IL11;IL6;TNC;ITGAV;ITGA5;THBS1	0.00028345388630782685
SRRS_repair_ligand_receiver_core	39	Gene_Perturbations_from_GEO_up	87	Prkcz KO mouse GSE29145 sample 1242	1.6404386709958436e-05	10.177604166666667	112.13645368556185	IL6;TNFRSF12A;TNFAIP6;SDC4;BAMBI;SERPINE1;THBS1	0.0002977301909772916
SRRS_repair_ligand_receiver_core	39	Gene_Perturbations_from_GEO_up	88	MYC KD human GSE22139 sample 712	1.6773160877101988e-05	12.920249425664588	142.06758088236575	ITGB1;SERPINE1;TNC;ITGAV;INHBA;HIF1A	0.00030096387528345494
SRRS_repair_ligand_receiver_core	39	Gene_Perturbations_from_GEO_up	89	Kdm1a KD mouse GSE25423 sample 301	2.0015187461414742e-05	12.507946598855689	135.323714399558	IL6;TNFRSF12A;SERPINE1;PTGS2;THBS1;WISP1	0.0003551009101300436
SRRS_repair_ligand_receiver_core	39	Gene_Perturbations_from_GEO_up	90	HSF1 KD human GSE3697 sample 781	2.0735504729651466e-05	17.32580532212885	186.83564792236857	IL6;TNFRSF12A;TNFAIP6;BAMBI;ITGA5	0.00036379291075688515
SRRS_repair_ligand_receiver_core	39	Gene_Perturbations_from_GEO_up	91	SDC1 OE human GSE21401 sample 2595	2.202402261797292e-05	12.289909403311466	131.7893289167521	ITGB1;IL6;SERPINE1;KDR;IL6ST;HIF1A	0.00037799925775847
SRRS_repair_ligand_receiver_core	39	Gene_Perturbations_from_GEO_up	92	NASP Control = siRNA inhibition vs. Treatment = overexpression human GSE14972 sample 1547	2.202402261797292e-05	12.289909403311466	131.7893289167521	IL11;IL6;TNFRSF12A;SERPINE1;ITGA5;PTGS2	0.00037799925775847
SRRS_repair_ligand_receiver_core	39	Gene_Perturbations_from_GEO_up	93	Cstb KO mouse GSE47516 sample 50	2.609203280075812e-05	9.441579092920353	99.64529792090187	PDGFRB;SERPINE1;ITGA8;TNC;PTGS2;THBS1;WISP1	0.00044300343862792546
SRRS_repair_ligand_receiver_core	39	Gene_Perturbations_from_GEO_up	94	TNKS INHIBITION human GSE55624 sample 307	2.6530233230974574e-05	11.875566294170945	125.13552115324569	TNFRSF12A;SDC4;WNT5A;SERPINE1;THBS1;HIF1A	0.0004456514709756261
SRRS_repair_ligand_receiver_core	39	Gene_Perturbations_from_GEO_up	95	Ifnb1 Induction mouse GSE3400 sample 1752	2.7514810687169794e-05	11.795979597959796	123.86705892637734	ITGB1;SERPINE1;TNC;CD47;PTGS2;THBS1	0.00045732511657938006
SRRS_repair_ligand_receiver_core	39	Gene_Perturbations_from_GEO_up	96	FOXM1 KD human GSE2222 sample 1733	2.8528635331655638e-05	11.717436661698956	122.61831378043934	SDC4;BAMBI;WNT5A;INHBA;THBS1;HIF1A	0.00046439912565653866
SRRS_repair_ligand_receiver_core	39	Gene_Perturbations_from_GEO_up	97	Zmpste24 KD mouse GSE41799 sample 2919	2.8528635331655638e-05	11.717436661698956	122.61831378043934	IL6;CCL20;WNT5A;PLOD2;ITGAV;PTGS2	0.00046439912565653866
SRRS_repair_ligand_receiver_core	39	Gene_Perturbations_from_GEO_up	98	YY1AP1 OE human GSE10196 sample 59	3.010562998985596e-05	11.601534828807557	120.78123977906395	ITGB1;SDC4;CCL20;SERPINE1;PLOD2;THBS1	0.00048506928320390366
SRRS_repair_ligand_receiver_core	39	Gene_Perturbations_from_GEO_up	99	EZH2 DEPLETION human GSE6015 sample 144	3.288949639487237e-05	11.413302352599477	117.81218382562791	TNFRSF12A;ADAM12;SERPINE1;TNC;PLOD2;ITGA5	0.0005193251480750346
SRRS_repair_ligand_receiver_core	39	Gene_Perturbations_from_GEO_up	100	FLI1 KD human GSE27524 sample 1594	3.288949639487237e-05	11.413302352599477	117.81218382562791	PDGFRB;TGFBR3;LRP1;IL11RA;KDR;PTGS2	0.0005193251480750346
SRRS_repair_ligand_receiver_core	39	Gene_Perturbations_from_GEO_down	1	Gtf2i KO mouse GSE48790 sample 1452	6.498214617147331e-16	35.61527508090615	1245.4602582634193	IL11;FLT1;TNFRSF12A;SDC4;CCL20;SERPINE1;TNC;INHBA;PTGS2;THBS1;WISP1;IL6;ITGA8;ITGA5	8.649123655423097e-13
SRRS_repair_ligand_receiver_core	39	Gene_Perturbations_from_GEO_down	2	Pdpn KO mouse GSE62081 sample 2592	7.103821345525109e-14	34.34596949891068	1039.8434069136663	ITGB1;LRP1;WNT5A;SERPINE1;PDPN;PLOD2;ITGAV;ITGA5;INHBA;PTGS2;THBS1;WISP1	4.72759310544696e-11
SRRS_repair_ligand_receiver_core	39	Gene_Perturbations_from_GEO_down	3	Hprt KO mouse GSE48790 sample 1450	8.097821242142114e-13	20.570737240075616	572.7306959285289	PDGFRB;IL11;TNFRSF12A;CCL20;MMP3;SERPINE1;TNC;INHBA;PTGS2;THBS1;WISP1;IL6;ADAM12;CD47	3.1269741842996555e-10
SRRS_repair_ligand_receiver_core	39	Gene_Perturbations_from_GEO_down	4	Cyp27b1 KO mouse GSE40375 sample 2404	9.397367946805876e-13	27.279166666666665	755.4467790328181	PDGFRB;IL11;MMP3;WNT5A;PDPN;TNC;ITGA5;INHBA;THBS1;MMP10;WISP1;ENG	3.1269741842996555e-10
SRRS_repair_ligand_receiver_core	39	Gene_Perturbations_from_GEO_down	5	Irak4 Deficiency mouse GSE6789 sample 680	8.61508114999416e-12	26.647906403940887	678.9222173150526	IL11;TNFAIP6;SDC4;MMP3;ADAM12;SERPINE1;PDPN;TNC;IL6ST;PTGS2;HIF1A	2.2933346021284455e-09
SRRS_repair_ligand_receiver_core	39	Gene_Perturbations_from_GEO_down	6	Gtf2i KO mouse GSE48790 sample 1451	2.7263396637962014e-11	23.810295414462082	579.1967719404091	IL11;IL6;TNFRSF12A;ADAM12;SERPINE1;TNC;ITGA5;INHBA;PTGS2;THBS1;WISP1	6.047930154187907e-09
SRRS_repair_ligand_receiver_core	39	Gene_Perturbations_from_GEO_down	7	Pten KD mouse GSE29010 sample 2875	2.67548491007664e-10	19.017591937765204	419.1804421048909	PDGFRB;IL6;BAMBI;ADAM12;SERPINE1;TNC;COL10A1;INHBA;IL6ST;PTGS2;THBS1	5.0872434504457255e-08
SRRS_repair_ligand_receiver_core	39	Gene_Perturbations_from_GEO_down	8	STAT3 KD human GSE42979 sample 2148	3.2482422375657473e-10	22.37168544440651	488.77069826765813	TNFRSF12A;TNFAIP6;SDC4;BAMBI;SERPINE1;TNC;PLOD2;ITGAV;ITGA5;THBS1	5.110847353211741e-08
SRRS_repair_ligand_receiver_core	39	Gene_Perturbations_from_GEO_down	9	IL6 anti-IL6 monoclonal antibody, neutralization human GSE62941 sample 1557	3.4558697354549715e-10	22.22272470322216	484.13931964992685	PDGFRB;IL6;TNFRSF12A;CCL20;MMP3;SERPINE1;PLOD2;ITGA5;PTGS2;MMP10	5.110847353211741e-08
SRRS_repair_ligand_receiver_core	39	Gene_Perturbations_from_GEO_down	10	NEUROG1 OE human GSE18296 sample 1426	5.591461102443305e-10	21.097862283811367	449.4817340992014	IL6;LRP1;WNT5A;ADAM12;SERPINE1;COL10A1;PLOD2;ITGA5;INHBA;THBS1	6.966483441236379e-08
SRRS_repair_ligand_receiver_core	39	Gene_Perturbations_from_GEO_down	11	LMO3 KD human GSE41712 sample 1785	5.757424331600313e-10	21.03127007924609	447.4478573334597	TGFBR3;IL6;TNFAIP6;MMP3;ITGA8;TNC;KDR;PTGS2;MMP10;WISP1	6.966483441236379e-08
SRRS_repair_ligand_receiver_core	39	Gene_Perturbations_from_GEO_down	12	ZNF207 OE human GSE9951 sample 1581	1.7731958488971823e-09	18.61688990215636	375.1393114613237	ACVR1;IL11;IL6;SDC4;CCL20;MMP3;SERPINE1;PLOD2;INHBA;PTGS2	1.9667697290684582e-07
SRRS_repair_ligand_receiver_core	39	Gene_Perturbations_from_GEO_down	13	PIAS1 Depletion human GSE44024 sample 37	2.0682895842689607e-09	22.46920152091255	449.3063736902177	IL11;IL6;CCL20;SERPINE1;PLOD2;ITGA5;INHBA;PTGS2;THBS1	2.117610335893836e-07
SRRS_repair_ligand_receiver_core	39	Gene_Perturbations_from_GEO_down	14	LMNA OE human GSE40404 sample 2715	2.583807779142626e-09	21.878888888888888	432.63318482867754	IL6;SDC4;WNT5A;ADAM12;TNC;PLOD2;ITGA5;PTGS2;HIF1A	2.4564629671705965e-07
SRRS_repair_ligand_receiver_core	39	Gene_Perturbations_from_GEO_down	15	TP53BP1 KD human GSE54268 sample 696	6.333036818995361e-09	16.201094164456233	305.83592771684516	ACVR1;IL11;IL6;CCL20;WNT5A;SERPINE1;TNC;PLOD2;PTGS2;HIF1A	5.619514670721884e-07
SRRS_repair_ligand_receiver_core	39	Gene_Perturbations_from_GEO_down	16	RB1 KD human GSE50532 sample 686	7.232173817867637e-09	24.62708430730871	461.6279519423047	SDC4;CCL20;MMP3;ADAM12;SERPINE1;TNC;INHBA;THBS1	6.01626459473864e-07
SRRS_repair_ligand_receiver_core	39	Gene_Perturbations_from_GEO_down	17	MYC OE human GSE43730 sample 359	1.0573113758663399e-08	18.472100313479626	339.239226284427	ITGB1;IL6;CCL20;WNT5A;ADAM12;SERPINE1;PDPN;PTGS2;THBS1	8.278126125165285e-07
SRRS_repair_ligand_receiver_core	39	Gene_Perturbations_from_GEO_down	18	RB1 KD human GSE50532 sample 618	1.4429354980043012e-08	17.79154078549849	321.2084980700901	IL6;LRP1;TNFAIP6;MMP3;ADAM12;SERPINE1;PLOD2;ITGA5;PTGS2	1.0669706376909582e-06
SRRS_repair_ligand_receiver_core	39	Gene_Perturbations_from_GEO_down	19	Fosl1 KO mouse GSE43695 sample 2302	2.198340832359163e-08	16.907758620689656	298.13413300194907	IL6;TNFRSF12A;MMP3;SERPINE1;TNC;ITGA5;INHBA;THBS1;WISP1	1.5399956041421294e-06
SRRS_repair_ligand_receiver_core	39	Gene_Perturbations_from_GEO_down	20	ERG KD human GSE14801 sample 2614	3.2760761038381106e-08	20.102511793956396	346.4473787283007	IL6;TNFRSF12A;TNFAIP6;CCL20;PLOD2;ITGAV;ITGA5;IL6ST	2.1802286471042623e-06
SRRS_repair_ligand_receiver_core	39	Gene_Perturbations_from_GEO_down	21	PDE1C KD human GSE46538 sample 2224	3.6758781038721726e-08	15.884594594594594	271.9266069094861	IL11;IL6;CCL20;WNT5A;SERPINE1;TNC;ITGAV;INHBA;PTGS2	2.329806550597077e-06
SRRS_repair_ligand_receiver_core	39	Gene_Perturbations_from_GEO_down	22	TP53BP1 KD human GSE54268 sample 697	5.352640065119736e-08	15.173643410852714	254.0536899204188	ACVR1;IL11;IL6;CCL20;WNT5A;TNC;PLOD2;PTGS2;HIF1A	3.2383472393974405e-06
SRRS_repair_ligand_receiver_core	39	Gene_Perturbations_from_GEO_down	23	Mok knockout mouse GSE15729 sample 2010	6.291422707890863e-08	18.405797101449274	305.1956052418874	TNFRSF12A;BAMBI;SERPINE1;ITGA8;PLOD2;PTGS2;THBS1;WISP1	3.640818967044669e-06
SRRS_repair_ligand_receiver_core	39	Gene_Perturbations_from_GEO_down	24	EPAS1 KD human GSE54360 sample 2882	7.196512215803194e-08	18.073699919641832	297.2596652833875	PDGFRB;TGFBR3;ITGB1;LRP1;CCL20;SERPINE1;PLOD2;IL6R	3.9910657330141885e-06
SRRS_repair_ligand_receiver_core	39	Gene_Perturbations_from_GEO_down	25	Htt OE mouse GSE3583 sample 1234	7.999282575960636e-08	17.816411997736274	291.1438479931748	FLT1;TNFAIP6;SERPINE1;PDPN;TNC;PTGS2;THBS1;WISP1	4.258818043441442e-06
SRRS_repair_ligand_receiver_core	39	Gene_Perturbations_from_GEO_down	26	LMO3 KD human GSE41712 sample 1788	9.590482481268167e-08	17.383119752540875	280.90964281878524	IL6;TNFAIP6;ADAM12;SERPINE1;ITGA8;INHBA;ACVR2A;WISP1	4.909589300987665e-06
SRRS_repair_ligand_receiver_core	39	Gene_Perturbations_from_GEO_down	27	PTEN KD human GSE7562 sample 1366	1.1735927029279303e-07	16.912688172043012	269.8931162400969	ITGB1;TNFRSF12A;CCL20;TNC;PLOD2;CD47;PTGS2;HIF1A	5.719073521112528e-06
SRRS_repair_ligand_receiver_core	39	Gene_Perturbations_from_GEO_down	28	Pten KO mouse GSE34839 sample 1281	1.2031108834797204e-07	16.855642482049085	268.5640707314053	PDGFRB;IL6;ADAM12;SERPINE1;TNC;COL10A1;MMP10;WISP1	5.719073521112528e-06
SRRS_repair_ligand_receiver_core	39	Gene_Perturbations_from_GEO_down	29	PTEN KD human GSE7562 sample 1368	1.2955312427733245e-07	16.686757215619693	264.6381997587313	ITGB1;TNFRSF12A;SDC4;CCL20;PLOD2;CD47;PTGS2;HIF1A	5.946041669418258e-06
SRRS_repair_ligand_receiver_core	39	Gene_Perturbations_from_GEO_down	30	Cd47 KO mouse GSE43133 sample 1832	1.743928589359502e-07	13.126681614349776	204.276832162509	PDGFRB;IL6;FLT1;TNFAIP6;MMP3;ADAM12;ITGA8;PTGS2;ENG	7.737229841458324e-06
SRRS_repair_ligand_receiver_core	39	Gene_Perturbations_from_GEO_down	31	Trpv4 DEPLETION mouse GSE40280 sample 116	1.988893144111579e-07	15.739531156080945	242.86910899325554	TNFAIP6;SDC4;SERPINE1;ITGAV;INHBA;IL6ST;THBS1;HIF1A	8.539408951008102e-06
SRRS_repair_ligand_receiver_core	39	Gene_Perturbations_from_GEO_down	32	E2f4 KO mouse GSE11039 sample 1167	3.39280337793025e-07	14.629871340667536	217.93298770355645	TNFRSF12A;SDC4;SERPINE1;PDPN;TNC;INHBA;PTGS2;THBS1	1.4111941550078634e-05
SRRS_repair_ligand_receiver_core	39	Gene_Perturbations_from_GEO_down	33	Il17rc KO mouse GSE48329 sample 2411	3.5409462548736313e-07	14.544308490915832	216.03681911536813	IL11;IL6;TNFAIP6;MMP3;SERPINE1;TNC;PTGS2;MMP10	1.4281816561323647e-05
SRRS_repair_ligand_receiver_core	39	Gene_Perturbations_from_GEO_down	34	Pten KO mouse GSE29010 sample 2745	4.1903966266480637e-07	14.211670895251903	208.7026543102223	PDGFRB;IL6;BAMBI;ADAM12;SERPINE1;TNC;IL6ST;THBS1	1.6404170323731096e-05
SRRS_repair_ligand_receiver_core	39	Gene_Perturbations_from_GEO_down	35	Rb1 KO mouse GSE6206 sample 1164	7.647452450668144e-07	16.5110153256705	232.5365674771183	SERPINE1;TNC;ITGA5;INHBA;PTGS2;THBS1;WISP1	2.8988880216066387e-05
SRRS_repair_ligand_receiver_core	39	Gene_Perturbations_from_GEO_down	36	Erbb2 druginhibition mouse GSE4066 sample 1855	7.840718916441698e-07	16.447161259541986	231.2267770760704	TGFBR3;SERPINE1;TNC;PTGS2;THBS1;HIF1A;MMP10	2.8988880216066387e-05
SRRS_repair_ligand_receiver_core	39	Gene_Perturbations_from_GEO_down	37	LAMC2 KD human GSE50767 sample 2210	8.445328526416986e-07	16.258490566037736	227.36657191263853	ITGB1;IL6;TNFRSF12A;CCL20;MMP3;PDPN;PTGS2	3.038035748286759e-05
SRRS_repair_ligand_receiver_core	39	Gene_Perturbations_from_GEO_down	38	Pparg OE mouse GSE10192 sample 2731	1.0499329497861824e-06	15.717267335766424	216.37622846105435	IL11;IL6;ADAM12;TNC;INHBA;PTGS2;WISP1	3.677528305698444e-05
SRRS_repair_ligand_receiver_core	39	Gene_Perturbations_from_GEO_down	39	RAP1A KO human GSE61900 sample 2905	1.237317460188614e-06	15.320284697508896	208.39516627615808	TGFBR3;IL6;CCL20;BAMBI;MMP3;PTGS2;ENG	4.213430062065454e-05
SRRS_repair_ligand_receiver_core	39	Gene_Perturbations_from_GEO_down	40	Irf1 OE mouse GSE6505 sample 2076	1.2662449472773717e-06	15.265181737588652	207.2928449872992	ITGB1;LRP1;PDPN;TNC;IL6ST;THBS1;HIF1A	4.213430062065454e-05
SRRS_repair_ligand_receiver_core	39	Gene_Perturbations_from_GEO_down	41	NET1 knock-down (63 shRNA, with lysophosphatidic acid agent treatment human GSE26309 sample 1247	1.7711485660017352e-06	11.638530879833123	154.13933328597753	TGFBR3;CCL20;SERPINE1;ITGAV;INHBA;IL6ST;IL6R;MMP10	5.749753027678803e-05
SRRS_repair_ligand_receiver_core	39	Gene_Perturbations_from_GEO_down	42	KIT activemutant human GSE17743 sample 1892	2.1977674757510995e-06	14.004275244299674	182.4486571278517	FLT1;LRP1;WNT5A;KDR;PLOD2;ITGA5;PTGS2	6.964829786249317e-05
SRRS_repair_ligand_receiver_core	39	Gene_Perturbations_from_GEO_down	43	Bmpr1a KO mouse GSE48092 sample 1622	2.543102950836193e-06	13.68720143312102	176.32024781429328	FLT1;TNFRSF12A;SERPINE1;PDPN;ITGA8;ITGA5;THBS1	7.871790761774356e-05
SRRS_repair_ligand_receiver_core	39	Gene_Perturbations_from_GEO_down	44	SDC1 KD human GSE23362 sample 1830	4.413258344840225e-06	12.548702485380117	154.7367614401024	TGFBR3;IL11;IL6;CCL20;MMP3;PTGS2;IL6R	0.0001335010649314168
SRRS_repair_ligand_receiver_core	39	Gene_Perturbations_from_GEO_down	45	Cldn18 KO mouse GSE48443 sample 55	4.845216331486509e-06	12.364733429394812	151.313656107177	PDGFRB;TGFBR3;FLT1;PLOD2;CD47;IL6ST;ENG	0.00014331073193796765
SRRS_repair_ligand_receiver_core	39	Gene_Perturbations_from_GEO_down	46	IL6 anti-IL6 monoclonal antibody, neutralization human GSE62941 sample 1556	5.120920485645257e-06	12.256875	149.31541278323488	ACVR1;TNFAIP6;MMP3;SERPINE1;ITGA5;PTGS2;MMP10	0.00014817272100856168
SRRS_repair_ligand_receiver_core	39	Gene_Perturbations_from_GEO_down	47	Retnlb KO mouse GSE25640 sample 436	6.136302202449927e-06	11.91032986111111	142.9393017489228	IL6;TNFRSF12A;ADAM12;SERPINE1;TNC;THBS1;WISP1	0.00017377485598852878
SRRS_repair_ligand_receiver_core	39	Gene_Perturbations_from_GEO_down	48	Epha4 knockout mouse GSE34430 sample 1988	8.97059528024588e-06	11.211796465968586	130.2985487506964	IL11;TNFRSF12A;SERPINE1;TNC;INHBA;PTGS2;THBS1	0.0002487471316251514
SRRS_repair_ligand_receiver_core	39	Gene_Perturbations_from_GEO_down	49	LMO3 KD human GSE41712 sample 1789	1.0578980041852183e-05	10.920200892857142	125.10882718018317	TGFBR3;TNFAIP6;ADAM12;ITGA8;ITGAV;ACVR2A;WISP1	0.00028337901284032494
SRRS_repair_ligand_receiver_core	39	Gene_Perturbations_from_GEO_down	50	RNF40 KD human GSE38173 sample 1378	1.0752209200219728e-05	10.891857506361323	124.60719918216053	IL11;IL6;CCL20;MMP3;WNT5A;PTGS2;THBS1	0.00028337901284032494
SRRS_repair_ligand_receiver_core	39	Gene_Perturbations_from_GEO_down	51	HSF1 KD human GSE3697 sample 778	1.1071156023814348e-05	13.939865581888927	159.07013952348476	TGFBR3;IL6;SERPINE1;ITGA5;IL6ST;ENG	0.00028337901284032494
SRRS_repair_ligand_receiver_core	39	Gene_Perturbations_from_GEO_down	52	SCARA5 Down Expression human GSE32323 sample 638	1.1071156023814348e-05	13.939865581888927	159.07013952348476	CCL20;MMP3;WNT5A;COL10A1;INHBA;MMP10	0.00028337901284032494
SRRS_repair_ligand_receiver_core	39	Gene_Perturbations_from_GEO_down	53	PARK2 KD human GSE50864 sample 1799	1.1808134525434689e-05	13.776923076923078	156.32291475619206	IL6;TNFAIP6;CCL20;BAMBI;SERPINE1;PTGS2	0.00029654013308214283
SRRS_repair_ligand_receiver_core	39	Gene_Perturbations_from_GEO_down	54	NRAS DEPLETION - siRNA siMut10 human GSE12445 sample 1021	1.2618011075280404e-05	10.616160049627792	119.75437591786147	ITGB1;TNFRSF12A;SDC4;BAMBI;ITGAV;THBS1;HIF1A	0.0003110106063184855
SRRS_repair_ligand_receiver_core	39	Gene_Perturbations_from_GEO_down	55	AKAP12 OE human GSE9951 sample 1580	1.2852119301081118e-05	13.56542699724518	152.77386372288666	IL11;IL6;SDC4;CCL20;MMP3;SERPINE1	0.00031102128708616303
SRRS_repair_ligand_receiver_core	39	Gene_Perturbations_from_GEO_down	56	JAG1 OE human GSE16906 sample 2860	1.3969642701904029e-05	13.360244233378562	149.3491463136739	TNFRSF12A;SDC4;MMP3;SERPINE1;TNC;MMP10	0.00033202847207561184
SRRS_repair_ligand_receiver_core	39	Gene_Perturbations_from_GEO_down	57	Tert OE mouse GSE2684 sample 283	1.4260963605164608e-05	13.309901993916863	148.51168109319266	PDGFRB;TNFRSF12A;SDC4;SERPINE1;PTGS2;WISP1	0.0003330060097977911
SRRS_repair_ligand_receiver_core	39	Gene_Perturbations_from_GEO_down	58	Nfkbiz KO mouse GSE43075 sample 2529	1.4858362992462706e-05	13.210332103321033	146.85857091731395	LRP1;SDC4;PDPN;IL6ST;PTGS2;THBS1	0.0003409738128097907
SRRS_repair_ligand_receiver_core	39	Gene_Perturbations_from_GEO_down	59	Prkcz KO mouse GSE29145 sample 320	1.6404386709958436e-05	10.177604166666667	112.13645368556185	IL6;TNFRSF12A;TNFAIP6;SDC4;BAMBI;SERPINE1;THBS1	0.0003700718425585538
SRRS_repair_ligand_receiver_core	39	Gene_Perturbations_from_GEO_down	60	Gadd45a KO mouse GSE43318 sample 3108	1.745401289801426e-05	12.82632779406973	140.5244901769254	PDGFRB;FLT1;PDPN;TNC;THBS1;WISP1	0.00038718818612094966
SRRS_repair_ligand_receiver_core	39	Gene_Perturbations_from_GEO_down	61	IRS3P KO mouse GSE2556 sample 2539	1.8882779824344462e-05	12.64246707356248	137.51540357035708	LRP1;PDPN;CD47;IL6ST;THBS1;HIF1A	0.0004120160646918439
SRRS_repair_ligand_receiver_core	39	Gene_Perturbations_from_GEO_down	62	LRRK2 mutant human GSE33298 sample 2039	1.9631785867737634e-05	12.552472089314195	136.04821864126959	TGFBR3;IL6;MMP3;WNT5A;ITGA8;TNC	0.0004214501127412708
SRRS_repair_ligand_receiver_core	39	Gene_Perturbations_from_GEO_down	63	Kdm1a KD mouse GSE25423 sample 394	2.040461542610629e-05	12.463731390560659	134.6051760597286	IL6;TNFRSF12A;SERPINE1;PTGS2;THBS1;WISP1	0.00043108798622456304
SRRS_repair_ligand_receiver_core	39	Gene_Perturbations_from_GEO_down	64	LOXL2 DEPLETION human GSE35600 sample 115	2.287176092514997e-05	12.204778156996587	130.41546969040274	IL11;SERPINE1;TNC;KDR;INHBA;THBS1	0.00047566115299022823
SRRS_repair_ligand_receiver_core	39	Gene_Perturbations_from_GEO_down	65	Cstb KO mouse GSE47516 sample 2228	2.5730480415457662e-05	9.46299889135255	100.00340389046441	PDGFRB;SERPINE1;ITGA8;TNC;PTGS2;THBS1;WISP1	0.0005268810681996022
SRRS_repair_ligand_receiver_core	39	Gene_Perturbations_from_GEO_down	66	Ezh2 KO mouse GSE20054 sample 542	2.957235480104294e-05	11.639917086171158	121.38886101534615	PDGFRB;ITGB1;SERPINE1;TNC;THBS1;WISP1	0.0005963758218210327
SRRS_repair_ligand_receiver_core	39	Gene_Perturbations_from_GEO_down	67	JAG1 OE human GSE16906 sample 67	3.1752114678387815e-05	11.48786904413914	118.98619215739043	TNFRSF12A;SDC4;MMP3;SERPINE1;TNC;MMP10	0.000630777084133346
SRRS_repair_ligand_receiver_core	39	Gene_Perturbations_from_GEO_down	68	TFPI OE human GSE30037 sample 2339	3.347036068123088e-05	11.376375217139548	117.23184318865434	IL6;TNFAIP6;CCL20;BAMBI;ADAM12;ITGA5	0.0006551330892164456
SRRS_repair_ligand_receiver_core	39	Gene_Perturbations_from_GEO_down	69	Rap1a KO mouse GSE46209 sample 1444	3.504284570136178e-05	15.466989987484355	158.6749080674542	TNFRSF12A;MMP3;PDPN;PTGS2;MMP10	0.0006704947940070189
SRRS_repair_ligand_receiver_core	39	Gene_Perturbations_from_GEO_down	70	RPS24 OE human GSE9951 sample 1577	3.526268638654494e-05	11.266991683395469	115.51691883538615	TNFRSF12A;SDC4;CCL20;MMP3;SERPINE1;PLOD2	0.0006704947940070189
SRRS_repair_ligand_receiver_core	39	Gene_Perturbations_from_GEO_down	71	Ddit3 NULL MUTATION mouse GSE2082 sample 899	3.681193684154947e-05	15.302631578947368	156.23510003982489	SDC4;MMP3;SERPINE1;MMP10;WISP1	0.0006805095546680881
SRRS_repair_ligand_receiver_core	39	Gene_Perturbations_from_GEO_down	72	Fosl1 KO mouse GSE43695 sample 430	3.681193684154947e-05	15.302631578947368	156.23510003982489	ADAM12;SERPINE1;TNC;ITGA5;INHBA	0.0006805095546680881
SRRS_repair_ligand_receiver_core	39	Gene_Perturbations_from_GEO_down	73	RB1 KD human GSE50532 sample 681	3.959467643369315e-05	15.062480950929595	152.68559612922158	SDC4;CCL20;SERPINE1;TNC;THBS1	0.0007219248538800765
SRRS_repair_ligand_receiver_core	39	Gene_Perturbations_from_GEO_down	74	PDCD10 KD human GSE54095 sample 3041	4.180285896022479e-05	10.916875173755908	110.0698942007758	ACVR1;LRP1;PLOD2;ITGAV;INHBA;PTGS2	0.0007518865577845838
SRRS_repair_ligand_receiver_core	39	Gene_Perturbations_from_GEO_down	75	TWIST2 Q119X Homozygous Mutation human GSE16524 sample 2262	4.8931467387499e-05	14.384828188701222	142.7707124451203	IL6;TNFAIP6;MMP3;SERPINE1;PTGS2	0.0008683704412368156
SRRS_repair_ligand_receiver_core	39	Gene_Perturbations_from_GEO_down	76	EPHA4 drugactivation human GSE26523 sample 1991	5.2562150908279636e-05	10.461210343908292	103.07968531847744	CCL20;IL11RA;MMP3;WNT5A;THBS1;MMP10	0.0009205292481436868
SRRS_repair_ligand_receiver_core	39	Gene_Perturbations_from_GEO_down	77	PARK2 KD human GSE50864 sample 1800	5.730478315259842e-05	13.898114269631298	135.74463965641309	IL11;CCL20;BAMBI;MMP3;SERPINE1	0.0009905541087806297
SRRS_repair_ligand_receiver_core	39	Gene_Perturbations_from_GEO_down	78	Il10 KO mouse GSE25846 sample 3062	6.0488856951642264e-05	8.227030947775628	79.90957440350392	LRP1;TNFAIP6;PDPN;ITGAV;INHBA;PTGS2;THBS1	0.0010321880590081522
SRRS_repair_ligand_receiver_core	39	Gene_Perturbations_from_GEO_down	79	Kras Knock-down, shRNA mouse GSE15326 sample 2247	7.575721275709834e-05	13.075649178590355	124.06145736148298	BAMBI;SERPINE1;TNC;PLOD2;PTGS2	0.001255458503459438
SRRS_repair_ligand_receiver_core	39	Gene_Perturbations_from_GEO_down	80	HSF1 KD human GSE3697 sample 777	7.723122429728956e-05	9.734227521112768	92.1705455713589	TGFBR3;IL6;IL11RA;SERPINE1;ITGA5;IL6ST	0.001255458503459438
SRRS_repair_ligand_receiver_core	39	Gene_Perturbations_from_GEO_down	81	MIR122 OE human GSE13460 sample 600	7.723122429728956e-05	9.734227521112768	92.1705455713589	PDGFRB;BAMBI;WNT5A;TNC;ITGAV;PTGS2	0.001255458503459438
SRRS_repair_ligand_receiver_core	39	Gene_Perturbations_from_GEO_down	82	IRX5 KO mouse GSE38826 sample 2744	7.734605355647928e-05	13.016354523872328	123.22870492892261	TGFBR3;FLT1;ITGA8;KDR;ENG	0.001255458503459438
SRRS_repair_ligand_receiver_core	39	Gene_Perturbations_from_GEO_down	83	AATF KD human GSE45009 sample 2867	8.07257000002801e-05	9.653609263365361	90.97999228491759	TNFRSF12A;SDC4;CCL20;SERPINE1;IL6ST;THBS1	0.0012945289963900337
SRRS_repair_ligand_receiver_core	39	Gene_Perturbations_from_GEO_down	84	Pfkl OE mouse GSE4695 sample 230	9.598936742140979e-05	9.343832020997375	86.44234209454085	PDGFRB;ADAM12;TNC;ITGA5;THBS1;WISP1	0.001520974381403529
SRRS_repair_ligand_receiver_core	39	Gene_Perturbations_from_GEO_down	85	ADRB1 Beta-1 receptor blocker (NEBIVOLOL) human GSE3356 sample 2279	0.00011751346873229646	17.990929705215418	162.79916014897054	IL6;TNFAIP6;SERPINE1;PTGS2	0.0018401226692080774
SRRS_repair_ligand_receiver_core	39	Gene_Perturbations_from_GEO_down	86	DUX4 OE human GSE33799 sample 1429	0.00012465368493595397	17.708035714285714	159.19473083509249	PDGFRB;TNFRSF12A;SERPINE1;ENG	0.0019292331936017991
SRRS_repair_ligand_receiver_core	39	Gene_Perturbations_from_GEO_down	87	CHEK1 KD human GSE54268 sample 692	0.00012818045783170333	8.84622342831298	79.28048651661557	IL6;CCL20;BAMBI;WNT5A;TNC;PTGS2	0.0019610136709654843
SRRS_repair_ligand_receiver_core	39	Gene_Perturbations_from_GEO_down	88	ATM KD human GSE54268 sample 688	0.0001351853363799241	8.757277205553068	78.01739039949723	IL6;CCL20;BAMBI;WNT5A;TNC;PTGS2	0.002044678212746352
SRRS_repair_ligand_receiver_core	39	Gene_Perturbations_from_GEO_down	89	HSF1 KD human GSE3697 sample 779	0.00014590947295918793	11.319508272058824	99.97983048233483	TGFBR3;IL11RA;SERPINE1;ITGA5;IL6ST	0.002182084365266058
SRRS_repair_ligand_receiver_core	39	Gene_Perturbations_from_GEO_down	90	LRRK2 dominant negative mutation - G2019S homozygous human GSE33298 sample 1741	0.00015120150935343018	11.23062015503876	98.79461000527377	IL6;MMP3;WNT5A;ITGA8;TNC	0.00222411135742908
SRRS_repair_ligand_receiver_core	39	Gene_Perturbations_from_GEO_down	91	CHEK2 KD human GSE54268 sample 695	0.0001520617081337688	8.56341730558598	75.28292098005686	IL6;BAMBI;WNT5A;TNC;PTGS2;HIF1A	0.00222411135742908
SRRS_repair_ligand_receiver_core	39	Gene_Perturbations_from_GEO_down	92	PRLH OE human GSE36314 sample 2691	0.00019318700113512855	8.180561374109761	69.95894949679241	TGFBR3;IL6;SDC4;TNC;PLOD2;HIF1A	0.002794911940335392
SRRS_repair_ligand_receiver_core	39	Gene_Perturbations_from_GEO_down	93	Ahnak KO mouse GSE37218 sample 2511	0.00022074342628802183	7.973850868232891	67.12793926916294	TNFRSF12A;SDC4;MMP3;ADAM12;SERPINE1;TNC	0.0031256329828655005
SRRS_repair_ligand_receiver_core	39	Gene_Perturbations_from_GEO_down	94	Cstb KO mouse GSE47516 sample 3045	0.00022074342628802183	7.973850868232891	67.12793926916294	PDGFRB;SERPINE1;ITGA8;PTGS2;THBS1;WISP1	0.0031256329828655005
SRRS_repair_ligand_receiver_core	39	Gene_Perturbations_from_GEO_down	95	DOCK4 OE human GSE9951 sample 1578	0.0002268843390192577	10.262307050479766	86.1117387726374	TNFRSF12A;SDC4;MMP3;SERPINE1;ITGA5	0.0031456568253607504
SRRS_repair_ligand_receiver_core	39	Gene_Perturbations_from_GEO_down	96	CDK9 knockdown human GSE21751 sample 1900	0.0002268843390192577	10.262307050479766	86.1117387726374	LRP1;BAMBI;MMP3;SERPINE1;PTGS2	0.0031456568253607504
SRRS_repair_ligand_receiver_core	39	Gene_Perturbations_from_GEO_down	97	Appl2 KO mouse GSE25926 sample 852	0.0002342925962889301	10.189001657000828	85.16925159756936	TNFRSF12A;TNFAIP6;INHBA;PTGS2;WISP1	0.003214880883098618
SRRS_repair_ligand_receiver_core	39	Gene_Perturbations_from_GEO_down	98	Ovol1 KO mouse GSE55072 sample 2617	0.0002418840075013992	10.116721513780337	84.24246869005765	PDPN;ITGAV;INHBA;PTGS2;THBS1	0.0032851797345343093
SRRS_repair_ligand_receiver_core	39	Gene_Perturbations_from_GEO_down	99	Emd KO mouse GSE5304 sample 1202	0.0002496615975007099	10.045445261437909	83.33102848167263	TNFRSF12A;TNC;PLOD2;THBS1;WISP1	0.0033565614775095446
SRRS_repair_ligand_receiver_core	39	Gene_Perturbations_from_GEO_down	100	Gata4 ablation S105 phosphorylation site mouse GSE30314 sample 838	0.00025762841358097804	9.975152129817443	82.43458007940306	SDC4;MMP3;SERPINE1;PDPN;THBS1	0.003429034184762818
SRRS_repair_ligand_receiver_core	39	LINCS_L1000_Chem_Pert_up	1	LJP008 PC3 24H-entinostat-0.37	8.457408666219457e-13	56.73142857142857	1577.0522131469768	IL6;CCL20;MMP3;WNT5A;SERPINE1;TNC;ITGA5;INHBA;THBS1	7.071239385826088e-09
SRRS_repair_ligand_receiver_core	39	LINCS_L1000_Chem_Pert_up	2	LJP006 A549 24H-QL-XII-47-10	9.71602626128171e-12	32.58868173568718	826.3591675076204	IL11;IL6;TNFRSF12A;TNFAIP6;SDC4;MMP3;SERPINE1;TNC;ITGAV;INHBA	4.0617847785288184e-08
SRRS_repair_ligand_receiver_core	39	LINCS_L1000_Chem_Pert_up	3	LJP005 MCF10A 3H-LDN-193189-10	2.064989861137007e-11	38.83921568627451	955.5732911220856	IL6;TNFAIP6;CCL20;BAMBI;TNC;PLOD2;INHBA;CD47;PTGS2	4.820773006383142e-08
SRRS_repair_ligand_receiver_core	39	LINCS_L1000_Chem_Pert_up	4	LJP005 A549 24H-nilotinib-10	2.306314080317255e-11	38.3341935483871	938.9111764081159	IL11;IL6;TNFRSF12A;SDC4;CCL20;MMP3;SERPINE1;PTGS2;MMP10	4.820773006383142e-08
SRRS_repair_ligand_receiver_core	39	LINCS_L1000_Chem_Pert_up	5	LJP009 PC3 24H-chelerythrine chloride-10	3.973395068070031e-10	36.275451841683825	785.226774638213	IL11;IL6;CCL20;BAMBI;MMP3;SERPINE1;INHBA;IL6R	6.644311232826706e-07
SRRS_repair_ligand_receiver_core	39	LINCS_L1000_Chem_Pert_up	6	LJP006 MCF10A 24H-CGP-60474-0.12	8.955770307620373e-10	32.55229093897678	678.1798745867347	IL6;CCL20;WNT5A;PLOD2;ITGAV;INHBA;CD47;PTGS2	1.170154428030016e-06
SRRS_repair_ligand_receiver_core	39	LINCS_L1000_Chem_Pert_up	7	LJP009 HT29 24H-BX-795-10	9.796771912701964e-10	45.74407894736842	948.9059331602339	IL6;TNFAIP6;SDC4;CCL20;INHBA;CD47;PTGS2	1.170154428030016e-06
SRRS_repair_ligand_receiver_core	39	LINCS_L1000_Chem_Pert_up	8	LJP008 PC3 24H-mocetinostat-0.04	2.7902828649117885e-09	61.33127889060093	1208.0497355291486	TNFAIP6;SDC4;MMP3;SERPINE1;TNC;MMP10	2.858634688451425e-06
SRRS_repair_ligand_receiver_core	39	LINCS_L1000_Chem_Pert_up	9	LJP007 HEPG2 24H-amuvatinib-10	3.0771094601199408e-09	38.42256637168141	753.0544509635585	ACVR1;SERPINE1;COL10A1;ITGA5;INHBA;IL6ST;ENG	2.858634688451425e-06
SRRS_repair_ligand_receiver_core	39	LINCS_L1000_Chem_Pert_up	10	LJP009 HEPG2 24H-GDC-0879-0.04	7.271101465127134e-09	51.664935064935065	968.1677167398292	IL11;IL6;TNFRSF12A;SERPINE1;PTGS2;THBS1	6.079367934992797e-06
SRRS_repair_ligand_receiver_core	39	LINCS_L1000_Chem_Pert_up	11	LJP005 HEPG2 24H-PF-477736-10	1.071782466495736e-08	48.20848484848485	884.6911460110683	TNFRSF12A;SERPINE1;ITGAV;INHBA;IL6ST;THBS1	8.146521093064408e-06
SRRS_repair_ligand_receiver_core	39	LINCS_L1000_Chem_Pert_up	12	LJP008 PC3 24H-belinostat-3.33	1.6731153057810464e-08	29.68857020547945	531.603342236573	CCL20;BAMBI;MMP3;SERPINE1;TNC;INHBA;CD47	1.165743089302944e-05
SRRS_repair_ligand_receiver_core	39	LINCS_L1000_Chem_Pert_up	13	LJP006 HT29 24H-KIN001-043-1.11	3.4795622767594625e-08	68.11901504787961	1169.8605859255213	CCL20;MMP3;WNT5A;ITGAV;IL6ST	2.237893861229682e-05
SRRS_repair_ligand_receiver_core	39	LINCS_L1000_Chem_Pert_up	14	LJP008 PC3 24H-mocetinostat-10	3.7545157104009826e-08	26.24469696969697	448.7245180384357	IL6;CCL20;BAMBI;MMP3;WNT5A;SERPINE1;INHBA	2.2422504181901865e-05
SRRS_repair_ligand_receiver_core	39	LINCS_L1000_Chem_Pert_up	15	LJP009 HEPG2 24H-dabrafenib-0.04	1.9227841863208328e-07	28.852363636363638	446.1822249490115	SDC4;SERPINE1;COL10A1;ITGAV;THBS1;ENG	0.00010717599054552321
SRRS_repair_ligand_receiver_core	39	LINCS_L1000_Chem_Pert_up	16	LJP006 BT20 24H-mitoxantrone-3.33	2.5071010436224566e-07	27.522553782095766	418.314428744213	CCL20;BAMBI;PLOD2;INHBA;THBS1;MMP10	0.0001259529873582257
SRRS_repair_ligand_receiver_core	39	LINCS_L1000_Chem_Pert_up	17	LJP006 A549 24H-BMS-387032-0.12	2.560938625869916e-07	44.32932263814617	672.8181269803677	IL6;SDC4;CCL20;SERPINE1;THBS1	0.0001259529873582257
SRRS_repair_ligand_receiver_core	39	LINCS_L1000_Chem_Pert_up	18	LJP005 MCF7 3H-mitoxantrone-3.33	4.1114344700018637e-07	40.06446414182111	589.1208481611769	TNC;COL10A1;IL6ST;PTGS2;THBS1	0.00019097613113158658
SRRS_repair_ligand_receiver_core	39	LINCS_L1000_Chem_Pert_up	19	LJP008 PC3 24H-mocetinostat-0.12	4.383017564083455e-07	39.52106518282989	578.602551599929	CCL20;WNT5A;SERPINE1;IL6ST;MMP10	0.00019287584133316718
SRRS_repair_ligand_receiver_core	39	LINCS_L1000_Chem_Pert_up	20	LJP008 HEPG2 24H-sirolimus-10	4.968694245993854e-07	38.47716718266254	558.4937181014226	TGFBR3;SERPINE1;ITGA5;INHBA;THBS1	0.00020771626295377308
SRRS_repair_ligand_receiver_core	39	LINCS_L1000_Chem_Pert_up	21	LJP008 PC3 24H-mocetinostat-3.33	5.812224880411378e-07	23.694976076555022	340.2155993044936	IL6;CCL20;BAMBI;MMP3;SERPINE1;TNC	0.00021671291169830264
SRRS_repair_ligand_receiver_core	39	LINCS_L1000_Chem_Pert_up	22	LJP008 PC3 24H-entinostat-3.33	5.812224880411378e-07	23.694976076555022	340.2155993044936	IL6;CCL20;BAMBI;MMP3;SERPINE1;TNC	0.00021671291169830264
SRRS_repair_ligand_receiver_core	39	LINCS_L1000_Chem_Pert_up	23	LJP005 PC3 24H-nilotinib-10	5.961484235212248e-07	37.01042442293373	530.4621291414321	IL6;CCL20;MMP3;INHBA;PTGS2	0.00021671291169830264
SRRS_repair_ligand_receiver_core	39	LINCS_L1000_Chem_Pert_up	24	LJP005 SKBR3 3H-mitoxantrone-1.11	6.325105357735066e-07	36.54595588235294	521.6412214642354	TGFBR3;SDC4;BAMBI;TNC;IL6ST	0.00022035085790009538
SRRS_repair_ligand_receiver_core	39	LINCS_L1000_Chem_Pert_up	25	LJP005 MCF10A 24H-NVP-BEZ235-0.12	6.978152441861462e-07	22.934568616097277	325.104653388149	SDC4;SERPINE1;COL10A1;ITGAV;ITGA5;IL6R	0.0002284758512308567
SRRS_repair_ligand_receiver_core	39	LINCS_L1000_Chem_Pert_up	26	LJP006 HME1 3H-HG-5-88-01-3.33	7.104858428420373e-07	35.651004304160686	504.72256271530034	TGFBR3;IL6;BAMBI;TNC;PTGS2	0.0002284758512308567
SRRS_repair_ligand_receiver_core	39	LINCS_L1000_Chem_Pert_up	27	LJP006 HS578T 3H-torin-1-0.12	8.685231188331359e-07	66.98151260504201	934.8255805643523	IL6;TNFAIP6;CCL20;IL6ST	0.00026895265913199446
SRRS_repair_ligand_receiver_core	39	LINCS_L1000_Chem_Pert_up	28	LJP005 A549 24H-LDN-193189-10	1.206502358362338e-06	20.79663688912244	283.4120961891608	IL6;TNFAIP6;CCL20;PTGS2;THBS1;MMP10	0.0003602702220809824
SRRS_repair_ligand_receiver_core	39	LINCS_L1000_Chem_Pert_up	29	LJP009 HCC515 24H-BX-795-10	1.4931279271388468e-06	30.43045343137255	408.21349743528054	IL6;TNFAIP6;CCL20;BAMBI;PTGS2	0.00043048422754509997
SRRS_repair_ligand_receiver_core	39	LINCS_L1000_Chem_Pert_up	30	LJP005 BT20 24H-CGP-60474-3.33	1.5839231026690173e-06	56.917142857142856	760.1629239478676	IL6;CCL20;PLOD2;ITGAV	0.0004414393687138551
SRRS_repair_ligand_receiver_core	39	LINCS_L1000_Chem_Pert_up	31	LJP005 BT20 3H-nilotinib-10	1.7261866373508347e-06	29.503862150920973	391.5043264107233	IL6;TNFAIP6;SDC4;CCL20;BAMBI	0.00046556924112549445
SRRS_repair_ligand_receiver_core	39	LINCS_L1000_Chem_Pert_up	32	LJP005 HEPG2 24H-PF-477736-3.33	1.8099283179864829e-06	29.20735294117647	386.1861430806307	TNFRSF12A;SERPINE1;ITGAV;INHBA;THBS1	0.00047290033333390573
SRRS_repair_ligand_receiver_core	39	LINCS_L1000_Chem_Pert_up	33	LJP009 HA1E 24H-GSK-1059615-0.04	2.0724199425480913e-06	52.93820598006644	692.7913741104832	CCL20;COL10A1;INHBA;THBS1	0.0005250758527165028
SRRS_repair_ligand_receiver_core	39	LINCS_L1000_Chem_Pert_up	34	LJP005 A375 24H-nilotinib-10	2.3819658850487493e-06	27.54578246392897	356.65134356674594	IL6;CCL20;MMP3;PTGS2;THBS1	0.0005857534342615468
SRRS_repair_ligand_receiver_core	39	LINCS_L1000_Chem_Pert_up	35	LJP006 HME1 3H-OSI-027-3.33	2.454904421579731e-06	50.58031746031746	653.3673424334222	IL6;TNFAIP6;MMP3;PTGS2	0.0005864415962522323
SRRS_repair_ligand_receiver_core	39	LINCS_L1000_Chem_Pert_up	36	LJP005 MCF10A 24H-GSK-690693-10	2.601315733907636e-06	27.032952069716774	347.6300630308397	SDC4;SERPINE1;INHBA;IL6ST;THBS1	0.0006041555792000484
SRRS_repair_ligand_receiver_core	39	LINCS_L1000_Chem_Pert_up	37	LJP007 PC3 24H-PHA-767491-10	2.836254259171637e-06	26.538770053475936	338.98040784046896	WNT5A;SERPINE1;PLOD2;ITGAV;IL6ST	0.0006352993317728366
SRRS_repair_ligand_receiver_core	39	LINCS_L1000_Chem_Pert_up	38	LJP009 A375 24H-BX-795-1.11	2.8873788550852523e-06	48.423100303951365	617.644461702719	IL6;CCL20;WNT5A;TNC	0.0006352993317728366
SRRS_repair_ligand_receiver_core	39	LINCS_L1000_Chem_Pert_up	39	LJP005 MCF10A 24H-NVP-BEZ235-1.11	3.64258885229766e-06	25.15846855983773	315.05487025063644	SERPINE1;COL10A1;ITGAV;ITGA5;INHBA	0.0007809150101041214
SRRS_repair_ligand_receiver_core	39	LINCS_L1000_Chem_Pert_up	40	LJP008 HT29 24H-CGP-60474-0.12	3.918603512477121e-06	44.61624649859944	555.462239820052	TNFRSF12A;TNC;PLOD2;IL6R	0.0008190860991955303
SRRS_repair_ligand_receiver_core	39	LINCS_L1000_Chem_Pert_up	41	LJP006 LNCAP 24H-QL-XII-47-1.11	4.773351939625699e-06	16.240230357877415	198.98280187426354	TNFRSF12A;TNFAIP6;BAMBI;WNT5A;PLOD2;PTGS2	0.0009734145260295237
SRRS_repair_ligand_receiver_core	39	LINCS_L1000_Chem_Pert_up	42	LJP008 PC3 24H-entinostat-1.11	4.986395958359657e-06	23.525853889943075	287.2223782048065	IL6;CCL20;MMP3;SERPINE1;TNC	0.0009926489668534546
SRRS_repair_ligand_receiver_core	39	LINCS_L1000_Chem_Pert_up	43	LJP006 HS578T 24H-QL-XII-47-10	5.544416497719289e-06	15.806167400881057	191.29760525503735	IL6;TNFAIP6;SDC4;CCL20;MMP3;IL6R	0.0010572290602735475
SRRS_repair_ligand_receiver_core	39	LINCS_L1000_Chem_Pert_up	44	LJP005 HEPG2 24H-PF-477736-0.37	5.563697961013765e-06	40.62244897959184	491.5010670989662	SERPINE1;ITGAV;INHBA;THBS1	0.0010572290602735475
SRRS_repair_ligand_receiver_core	39	LINCS_L1000_Chem_Pert_up	45	LJP008 A549 24H-MK-1775-10	5.945808098458062e-06	39.9077694235589	480.20317001494874	TNFRSF12A;SDC4;CCL20;SERPINE1	0.0010807152502436493
SRRS_repair_ligand_receiver_core	39	LINCS_L1000_Chem_Pert_up	46	LJP005 HEPG2 24H-PF-477736-0.12	5.945808098458062e-06	39.9077694235589	480.20317001494874	SERPINE1;ITGAV;INHBA;THBS1	0.0010807152502436493
SRRS_repair_ligand_receiver_core	39	LINCS_L1000_Chem_Pert_up	47	LJP006 BT20 24H-celastrol-1.11	6.261754430291697e-06	15.461598746081505	185.24619000207727	IL6;TNFAIP6;CCL20;MMP3;INHBA;MMP10	0.001113926144503593
SRRS_repair_ligand_receiver_core	39	LINCS_L1000_Chem_Pert_up	48	LJP007 HEPG2 24H-CGP-60474-0.04	6.767805370880875e-06	38.55108958837772	458.886483611974	IL6;TNFAIP6;TNC;COL10A1	0.0011788670980403123
SRRS_repair_ligand_receiver_core	39	LINCS_L1000_Chem_Pert_up	49	LJP006 SKBR3 3H-torin-1-10	7.670874227413535e-06	37.28337236533958	439.12654123201537	IL6;CCL20;COL10A1;IL6ST	0.0012875482255593825
SRRS_repair_ligand_receiver_core	39	LINCS_L1000_Chem_Pert_up	50	LJP008 PC3 24H-entinostat-10	7.699726262165904e-06	21.437067474048444	252.407016209531	IL6;CCL20;BAMBI;MMP3;THBS1	0.0012875482255593825
SRRS_repair_ligand_receiver_core	39	LINCS_L1000_Chem_Pert_up	51	LJP005 BT20 3H-crizotinib-0.12	8.89796935813613e-06	92.32870370370371	1073.7539685165611	SERPINE1;PLOD2;ITGAV	0.001458743564772082
SRRS_repair_ligand_receiver_core	39	LINCS_L1000_Chem_Pert_up	52	LJP005 MCF10A 24H-withaferin-a-10	9.123102173663871e-06	20.671672924488945	239.8885764527586	BAMBI;ADAM12;SERPINE1;INHBA;MMP10	0.0014668895629616084
SRRS_repair_ligand_receiver_core	39	LINCS_L1000_Chem_Pert_up	53	LJP007 HEPG2 24H-sirolimus-10	1.219467619740252e-05	32.947412008281574	372.78385818309863	ACVR1;TNFRSF12A;SERPINE1;INHBA	0.0019237676921977824
SRRS_repair_ligand_receiver_core	39	LINCS_L1000_Chem_Pert_up	54	LJP006 MCF10A 3H-CGP-60474-3.33	1.287349249979027e-05	32.475102040816324	365.6806971932668	ADAM12;COL10A1;INHBA;CD47	0.0019729895525819026
SRRS_repair_ligand_receiver_core	39	LINCS_L1000_Chem_Pert_up	55	LJP007 HT29 24H-NVP-BGT226-3.33	1.2978641955747475e-05	19.165054179566564	215.64912762677807	WNT5A;ITGA5;IL6ST;PTGS2;IL6R	0.0019729895525819026
SRRS_repair_ligand_receiver_core	39	LINCS_L1000_Chem_Pert_up	56	LJP005 BT20 3H-buparlisib-3.33	1.3486307574420629e-05	79.12698412698413	887.3169947656339	TGFBR3;TNFAIP6;ITGAV	0.002013553886245194
SRRS_repair_ligand_receiver_core	39	LINCS_L1000_Chem_Pert_up	57	LJP008 PC3 24H-rocilinostat-10	1.3798749207177494e-05	18.914247517188695	211.66806927829904	CCL20;BAMBI;SERPINE1;TNC;INHBA	0.0020240586337054566
SRRS_repair_ligand_receiver_core	39	LINCS_L1000_Chem_Pert_up	58	LJP005 A549 24H-PD-184352-1.11	1.4314140579825352e-05	31.56984126984127	352.13830158110335	SDC4;SERPINE1;PDPN;THBS1	0.002063457403239996
SRRS_repair_ligand_receiver_core	39	LINCS_L1000_Chem_Pert_up	59	LJP005 MDAMB231 24H-PD-0325901-3.33	1.6992507239017484e-05	18.085495067592255	198.6282550437719	TGFBR3;CCL20;BAMBI;WNT5A;ITGAV	0.0024080398817868673
SRRS_repair_ligand_receiver_core	39	LINCS_L1000_Chem_Pert_up	60	LJP006 HT29 24H-JNK-9L-10	1.800317031814405e-05	17.86178274990978	195.13931006233474	TGFBR3;IL6;SERPINE1;CD47;IL6ST	0.0025087417838333733
SRRS_repair_ligand_receiver_core	39	LINCS_L1000_Chem_Pert_up	61	LJP006 BT20 24H-CGP-60474-1.11	1.93511425975751e-05	29.132600732600732	316.16909745282453	CCL20;TNC;PLOD2;THBS1	0.002652375463251236
SRRS_repair_ligand_receiver_core	39	LINCS_L1000_Chem_Pert_up	62	LJP005 HCC515 24H-LDN-193189-10	2.016478508339292e-05	17.43043325114477	188.45039781412703	SDC4;CCL20;COL10A1;INHBA;PTGS2	0.002719318840036261
SRRS_repair_ligand_receiver_core	39	LINCS_L1000_Chem_Pert_up	63	LJP009 HEPG2 24H-dabrafenib-0.12	2.1287855546892034e-05	28.40142857142857	305.5247838800441	SERPINE1;ITGA5;INHBA;THBS1	0.002781058753555692
SRRS_repair_ligand_receiver_core	39	LINCS_L1000_Chem_Pert_up	64	LJP006 HME1 24H-ZSTK-474-0.12	2.1287855546892034e-05	28.40142857142857	305.5247838800441	SDC4;WNT5A;ITGAV;THBS1	0.002781058753555692
SRRS_repair_ligand_receiver_core	39	LINCS_L1000_Chem_Pert_up	65	LJP006 MDAMB231 24H-PD-0325901-0.12	2.3363368203867088e-05	27.705923344947735	295.4654204651171	BAMBI;WNT5A;SERPINE1;ITGAV	0.003005248023885119
SRRS_repair_ligand_receiver_core	39	LINCS_L1000_Chem_Pert_up	66	LJP009 HEPG2 24H-JNK-IN-5A-3.33	2.4455083085109917e-05	27.370740103270222	290.64092432258286	TNFRSF12A;SERPINE1;ITGA5;THBS1	0.0030980143890091518
SRRS_repair_ligand_receiver_core	39	LINCS_L1000_Chem_Pert_up	67	LJP007 HA1E 24H-PD-0325901-0.37	2.5583800862935053e-05	27.043537414965986	285.9462270957323	TNFAIP6;BAMBI;SERPINE1;CD47	0.003145678809044117
SRRS_repair_ligand_receiver_core	39	LINCS_L1000_Chem_Pert_up	68	LJP007 HA1E 24H-PD-0325901-0.04	2.5583800862935053e-05	27.043537414965986	285.9462270957323	BAMBI;SERPINE1;INHBA;THBS1	0.003145678809044117
SRRS_repair_ligand_receiver_core	39	LINCS_L1000_Chem_Pert_up	69	LJP005 BT20 3H-GSK-1059615-1.11	2.6834600718005935e-05	61.52469135802469	647.5977302945712	TNFAIP6;CCL20;MMP3	0.0032516535739601105
SRRS_repair_ligand_receiver_core	39	LINCS_L1000_Chem_Pert_up	70	LJP006 A549 24H-PD-0325901-10	2.9199808784418743e-05	26.10706075533662	272.5929169730835	TGFBR3;SDC4;SERPINE1;ITGA5	0.0034385859330496498
SRRS_repair_ligand_receiver_core	39	LINCS_L1000_Chem_Pert_up	71	LJP007 HEPG2 24H-NVP-BGT226-3.33	2.9199808784418743e-05	26.10706075533662	272.5929169730835	IL6;TNFAIP6;TNC;IL6R	0.0034385859330496498
SRRS_repair_ligand_receiver_core	39	LINCS_L1000_Chem_Pert_up	72	LJP006 HEPG2 24H-QL-X-138-3.33	3.0484405801387066e-05	25.80909090909091	268.3705484469808	TGFBR3;SERPINE1;INHBA;THBS1	0.0034915084507588664
SRRS_repair_ligand_receiver_core	39	LINCS_L1000_Chem_Pert_up	73	LJP006 SKBR3 3H-QL-XII-47-3.33	3.0484405801387066e-05	25.80909090909091	268.3705484469808	CCL20;BAMBI;TNC;THBS1	0.0034915084507588664
SRRS_repair_ligand_receiver_core	39	LINCS_L1000_Chem_Pert_up	74	LJP005 PC3 24H-foretinib-10	3.090815558975032e-05	15.893603342976535	165.04697251175094	IL6;SDC4;CCL20;BAMBI;INHBA	0.0034922039038635462
SRRS_repair_ligand_receiver_core	39	LINCS_L1000_Chem_Pert_up	75	LJP006 HEPG2 24H-OSI-027-1.11	3.1809969775256606e-05	25.517817014446226	264.255643665704	SDC4;SERPINE1;COL10A1;INHBA	0.0035461754305456065
SRRS_repair_ligand_receiver_core	39	LINCS_L1000_Chem_Pert_up	76	LJP005 BT20 24H-ruxolitinib-10	3.269487592551806e-05	57.275862068965516	591.5618389892425	CCL20;WNT5A;IL6R	0.0035968665475428485
SRRS_repair_ligand_receiver_core	39	LINCS_L1000_Chem_Pert_up	77	LJP009 HEPG2 24H-XMD-1499-10	3.753819761897653e-05	24.415360983102918	248.7962283274671	CCL20;PLOD2;ITGAV;IL6ST	0.004076063250548867
SRRS_repair_ligand_receiver_core	39	LINCS_L1000_Chem_Pert_up	78	LJP006 MDAMB231 3H-QL-XII-47-1.11	4.0669467715403326e-05	23.89894736842105	241.61914479203955	TGFBR3;IL6;SERPINE1;THBS1	0.004359454097031887
SRRS_repair_ligand_receiver_core	39	LINCS_L1000_Chem_Pert_up	79	LJP008 HEPG2 24H-AZ20-3.33	4.230482469134706e-05	23.648809523809526	238.15792395089085	SERPINE1;ITGA5;INHBA;THBS1	0.004477349863852567
SRRS_repair_ligand_receiver_core	39	LINCS_L1000_Chem_Pert_up	80	LJP009 HEPG2 24H-GDC-0879-0.12	4.571923473731022e-05	23.163848396501457	231.47613914227324	TNC;PLOD2;IL6ST;IL6R	0.0046594339362453436
SRRS_repair_ligand_receiver_core	39	LINCS_L1000_Chem_Pert_up	81	LJP005 HS578T 3H-GSK-690693-3.33	4.6811679302070184e-05	50.323232323232325	501.6913165785911	TNC;INHBA;PTGS2	0.0046594339362453436
SRRS_repair_ligand_receiver_core	39	LINCS_L1000_Chem_Pert_up	82	LJP005 SKBR3 24H-CP-724714-0.04	4.6811679302070184e-05	50.323232323232325	501.6913165785911	TGFBR3;IL6;SDC4	0.0046594339362453436
SRRS_repair_ligand_receiver_core	39	LINCS_L1000_Chem_Pert_up	83	LJP006 HEPG2 24H-PF-562271-3.33	4.6811679302070184e-05	50.323232323232325	501.6913165785911	TGFBR3;IL6R;MMP10	0.0046594339362453436
SRRS_repair_ligand_receiver_core	39	LINCS_L1000_Chem_Pert_up	84	LJP006 MDAMB231 3H-KIN001-043-10	4.6811679302070184e-05	50.323232323232325	501.6913165785911	TNFAIP6;PTGS2;THBS1	0.0046594339362453436
SRRS_repair_ligand_receiver_core	39	LINCS_L1000_Chem_Pert_up	85	LJP008 PC3 24H-mocetinostat-1.11	4.933097252653787e-05	22.698285714285714	225.09795582009352	CCL20;MMP3;INHBA;THBS1	0.0048524266034633305
SRRS_repair_ligand_receiver_core	39	LINCS_L1000_Chem_Pert_up	86	LJP006 BT20 24H-alvocidib-0.12	5.314699213534084e-05	22.250980392156862	219.00414075059476	CCL20;PLOD2;ITGAV;THBS1	0.005167000014460288
SRRS_repair_ligand_receiver_core	39	LINCS_L1000_Chem_Pert_up	87	LJP006 BT20 24H-AT-7519-1.11	5.513380367406775e-05	22.03384188626907	216.05829072123197	CCL20;ITGAV;IL6ST;THBS1	0.005240795669017175
SRRS_repair_ligand_receiver_core	39	LINCS_L1000_Chem_Pert_up	88	LJP005 A549 24H-barasertib-3.33	5.5159672153272506e-05	47.44285714285714	465.1904246836283	TGFBR3;CCL20;IL6R	0.005240795669017175
SRRS_repair_ligand_receiver_core	39	LINCS_L1000_Chem_Pert_up	89	LJP005 MDAMB231 3H-LDN-193189-10	5.7174331248007734e-05	21.82087912087912	213.17701681921397	IL6;CCL20;INHBA;PTGS2	0.0053711750962313785
SRRS_repair_ligand_receiver_core	39	LINCS_L1000_Chem_Pert_up	90	LJP009 HEPG2 24H-JNK-IN-5A-10	5.9269467335147365e-05	21.611972789115647	210.3583275571475	TNFRSF12A;SERPINE1;ITGA5;THBS1	0.005442771441596942
SRRS_repair_ligand_receiver_core	39	LINCS_L1000_Chem_Pert_up	91	LJP005 PC3 24H-mitoxantrone-0.12	5.967581491337112e-05	46.12268518518518	448.61615930492894	CCL20;INHBA;PTGS2	0.005442771441596942
SRRS_repair_ligand_receiver_core	39	LINCS_L1000_Chem_Pert_up	92	LJP009 PC3 24H-vorinostat-10	5.9889364026661715e-05	13.764984666852524	133.83710601315212	IL6;CCL20;BAMBI;SERPINE1;INHBA	0.005442771441596942
SRRS_repair_ligand_receiver_core	39	LINCS_L1000_Chem_Pert_up	93	LJP005 HEPG2 24H-mitoxantrone-0.12	6.14201094341762e-05	21.40700808625337	207.60031062154505	SDC4;SERPINE1;ITGAV;INHBA	0.005521865967517713
SRRS_repair_ligand_receiver_core	39	LINCS_L1000_Chem_Pert_up	94	CPC014 PHH 24H-BRD-K88551539-10.0	6.442749129145759e-05	44.873873873873876	433.0315426140274	CD47;ACVR1B;ACVR2A	0.0056112318196653846
SRRS_repair_ligand_receiver_core	39	LINCS_L1000_Chem_Pert_up	95	LJP009 PC3 24H-MLN-8054-10	6.442749129145759e-05	44.873873873873876	433.0315426140274	IL6;SDC4;PTGS2	0.0056112318196653846
SRRS_repair_ligand_receiver_core	39	LINCS_L1000_Chem_Pert_up	96	LJP008 PC3 24H-rocilinostat-1.11	6.442749129145759e-05	44.873873873873876	433.0315426140274	TNFAIP6;BAMBI;WNT5A	0.0056112318196653846
SRRS_repair_ligand_receiver_core	39	LINCS_L1000_Chem_Pert_up	97	LJP006 LNCAP 24H-NVP-TAE684-10	6.589152639135571e-05	21.00846560846561	202.25901751015863	BAMBI;PLOD2;ITGAV;IL6ST	0.0056795778573002585
SRRS_repair_ligand_receiver_core	39	LINCS_L1000_Chem_Pert_up	98	LJP006 HS578T 24H-QL-XII-47-3.33	6.821412080754749e-05	20.81467889908257	199.67227907197466	IL11;TNFRSF12A;MMP3;SERPINE1	0.0057306018204094315
SRRS_repair_ligand_receiver_core	39	LINCS_L1000_Chem_Pert_up	99	LJP006 HS578T 24H-sirolimus-1.11	6.942023772582008e-05	43.69078947368421	418.3538199300625	SERPINE1;ITGAV;INHBA	0.0057306018204094315
SRRS_repair_ligand_receiver_core	39	LINCS_L1000_Chem_Pert_up	100	LJP005 HS578T 24H-CGP-60474-3.33	7.059586024424967e-05	20.624415584415583	197.139281787309	IL6;CCL20;TNC;COL10A1	0.0057306018204094315
SRRS_repair_ligand_receiver_core	39	LINCS_L1000_Chem_Pert_down	1	LJP005 PC3 24H-TWS-119-10	1.6356521052558704e-14	142.831541218638	4534.065831460718	TNFAIP6;MMP3;WNT5A;SERPINE1;TNC;INHBA;PTGS2;THBS1	1.476993851046051e-10
SRRS_repair_ligand_receiver_core	39	LINCS_L1000_Chem_Pert_down	2	LJP005 HA1E 24H-radicicol-1.11	1.7878882989545062e-13	49.896803423105965	1464.5994654862295	TNFAIP6;MMP3;ADAM12;SERPINE1;TNC;COL10A1;ITGAV;INHBA;THBS1;HIF1A	8.072315669779595e-10
SRRS_repair_ligand_receiver_core	39	LINCS_L1000_Chem_Pert_down	3	LJP009 HA1E 24H-tanespimycin-10	3.0144356324768497e-12	48.7844262295082	1294.1341594181595	TNFRSF12A;SERPINE1;TNC;COL10A1;ITGAV;INHBA;THBS1;HIF1A;MMP10	8.362994994164183e-09
SRRS_repair_ligand_receiver_core	39	LINCS_L1000_Chem_Pert_down	4	LJP007 HA1E 24H-tanespimycin-10	3.704538203394987e-12	47.6064	1253.070072665049	TNFRSF12A;SDC4;SERPINE1;TNC;COL10A1;ITGAV;INHBA;THBS1;HIF1A	8.362994994164183e-09
SRRS_repair_ligand_receiver_core	39	LINCS_L1000_Chem_Pert_down	5	LJP005 HA1E 24H-NVP-AUY922-0.37	7.122227132631377e-12	44.05777777777778	1130.8662566365476	TNFRSF12A;WNT5A;ADAM12;SERPINE1;TNC;COL10A1;ITGAV;INHBA;THBS1	1.2862742201532267e-08
SRRS_repair_ligand_receiver_core	39	LINCS_L1000_Chem_Pert_down	6	LJP006 HS578T 24H-saracatinib-10	1.2397993514637874e-11	57.62087712939471	1447.0611181639738	TNFRSF12A;WNT5A;SERPINE1;TNC;PLOD2;INHBA;THBS1;ENG	1.865898023953e-08
SRRS_repair_ligand_receiver_core	39	LINCS_L1000_Chem_Pert_down	7	LJP009 HEPG2 24H-PD-0325901-1.11	2.1884139861092366e-11	53.4005376344086	1310.7300242377955	CCL20;SERPINE1;TNC;COL10A1;PLOD2;INHBA;THBS1;HIF1A	2.8230540420809153e-08
SRRS_repair_ligand_receiver_core	39	LINCS_L1000_Chem_Pert_down	8	LJP006 HA1E 24H-nintedanib-10	2.7578833637558506e-11	51.774519387422615	1258.8442423785007	TNFRSF12A;ADAM12;SERPINE1;TNC;PLOD2;ITGAV;INHBA;THBS1	3.112960846839416e-08
SRRS_repair_ligand_receiver_core	39	LINCS_L1000_Chem_Pert_down	9	LJP006 HME1 3H-saracatinib-1.11	3.4758963534803596e-11	76.3859649122807	1839.571388443307	IL6;TNFAIP6;CCL20;WNT5A;INHBA;PTGS2;MMP10	3.487482674658628e-08
SRRS_repair_ligand_receiver_core	39	LINCS_L1000_Chem_Pert_down	10	LJP005 HA1E 24H-NVP-AUY922-0.04	4.9495993525424735e-11	47.8842327404281	1136.2511543671421	TNFRSF12A;MMP3;ADAM12;SERPINE1;TNC;ITGAV;INHBA;THBS1	4.4694882153458534e-08
SRRS_repair_ligand_receiver_core	39	LINCS_L1000_Chem_Pert_down	11	LJP005 SKBR3 24H-dasatinib-10	9.002478592363562e-11	65.93986742424242	1525.2508588014662	TNFAIP6;SERPINE1;COL10A1;PLOD2;INHBA;IL6ST;THBS1	7.390216517185724e-08
SRRS_repair_ligand_receiver_core	39	LINCS_L1000_Chem_Pert_down	12	LJP006 A549 24H-geldanamycin-1.11	1.2028458206506853e-10	63.06340579710145	1440.441383802027	TNFRSF12A;BAMBI;WNT5A;SERPINE1;CD47;PTGS2;THBS1	9.051414800396407e-08
SRRS_repair_ligand_receiver_core	39	LINCS_L1000_Chem_Pert_down	13	LJP006 HME1 3H-canertinib-10	2.278839034553441e-10	39.06426988426496	867.3121395174447	IL6;TNFRSF12A;SDC4;CCL20;TNC;INHBA;PTGS2;THBS1	1.4698511772869696e-07
SRRS_repair_ligand_receiver_core	39	LINCS_L1000_Chem_Pert_down	14	LJP006 HME1 3H-AZD-7762-10	2.278839034553441e-10	39.06426988426496	867.3121395174447	IL6;TNFRSF12A;SDC4;WNT5A;TNC;ITGA5;INHBA;PTGS2	1.4698511772869696e-07
SRRS_repair_ligand_receiver_core	39	LINCS_L1000_Chem_Pert_down	15	LJP006 HA1E 24H-HG-6-64-01-1.11	2.9151913968398525e-10	55.05300632911393	1208.7391523955114	IL6;TNFRSF12A;TNFAIP6;SERPINE1;TNC;PLOD2;ITGAV	1.754945220897591e-07
SRRS_repair_ligand_receiver_core	39	LINCS_L1000_Chem_Pert_down	16	LJP005 HA1E 24H-geldanamycin-3.33	3.7652640073467347e-10	36.53640552995392	792.8412038626425	TNFRSF12A;ADAM12;SERPINE1;TNC;COL10A1;ITGAV;INHBA;THBS1	2.1250208741463134e-07
SRRS_repair_ligand_receiver_core	39	LINCS_L1000_Chem_Pert_down	17	LJP006 HME1 3H-AZD-7762-0.37	4.246349022104382e-10	86.22943722943722	1860.8132653486455	SDC4;MMP3;ITGAV;INHBA;PTGS2;THBS1	2.25556068644721e-07
SRRS_repair_ligand_receiver_core	39	LINCS_L1000_Chem_Pert_down	18	LJP005 HA1E 24H-WH-4-025-3.33	5.49144050753292e-10	49.9705459770115	1065.5049779381122	IL6;TNFRSF12A;SERPINE1;PLOD2;INHBA;IL6ST;THBS1	2.754872654612348e-07
SRRS_repair_ligand_receiver_core	39	LINCS_L1000_Chem_Pert_down	19	LJP006 HME1 3H-PD-0325901-10	7.930922769400647e-10	47.242866847826086	989.9781268236687	IL6;TNFRSF12A;SDC4;CCL20;INHBA;PTGS2;THBS1	3.769275400404623e-07
SRRS_repair_ligand_receiver_core	39	LINCS_L1000_Chem_Pert_down	20	LJP006 HA1E 24H-QL-XII-47-1.11	1.634253474465208e-09	30.04326375711575	607.8377076054995	CCL20;ADAM12;TNC;PLOD2;INHBA;CD47;THBS1;MMP10	7.378654437210414e-07
SRRS_repair_ligand_receiver_core	39	LINCS_L1000_Chem_Pert_down	21	LJP006 HME1 3H-WZ-4-145-10	1.7791696455865258e-09	41.76652644230769	841.4751814873669	IL6;TNFRSF12A;SDC4;CCL20;INHBA;PTGS2;THBS1	7.65042947602206e-07
SRRS_repair_ligand_receiver_core	39	LINCS_L1000_Chem_Pert_down	22	LJP006 HME1 24H-afatinib-1.11	3.064970748787439e-09	60.306060606060605	1182.1934444584135	CCL20;MMP3;TNC;INHBA;PTGS2;MMP10	1.2580311755250261e-06
SRRS_repair_ligand_receiver_core	39	LINCS_L1000_Chem_Pert_down	23	LJP006 HS578T 24H-geldanamycin-3.33	3.4551433188934925e-09	37.75054347826087	735.5090104925206	TNFRSF12A;WNT5A;SERPINE1;TNC;INHBA;THBS1;ENG	1.3565193117220974e-06
SRRS_repair_ligand_receiver_core	39	LINCS_L1000_Chem_Pert_down	24	LJP006 HME1 3H-dasatinib-3.33	4.576930169549144e-09	36.16848958333333	694.5159209266657	IL6;TNFRSF12A;SDC4;CCL20;WNT5A;INHBA;PTGS2	1.7220699762928656e-06
SRRS_repair_ligand_receiver_core	39	LINCS_L1000_Chem_Pert_down	25	LJP006 HME1 3H-dasatinib-0.37	5.225895252095775e-09	54.807162534435264	1045.1528432596058	IL6;SDC4;MMP3;INHBA;PTGS2;THBS1	1.8875933650569938e-06
SRRS_repair_ligand_receiver_core	39	LINCS_L1000_Chem_Pert_down	26	LJP005 HA1E 24H-CYT387-3.33	6.706554438339968e-09	52.4163372859025	986.4849296227316	TNFAIP6;ADAM12;SERPINE1;PLOD2;INHBA;THBS1	2.329237945315766e-06
SRRS_repair_ligand_receiver_core	39	LINCS_L1000_Chem_Pert_down	27	LJP006 HA1E 24H-QL-X-138-10	8.355317680975385e-09	24.155327931508943	449.29798029915264	CCL20;SERPINE1;TNC;PLOD2;INHBA;CD47;THBS1;MMP10	2.7943895799706564e-06
SRRS_repair_ligand_receiver_core	39	LINCS_L1000_Chem_Pert_down	28	LJP008 HA1E 24H-GSK-1059615-3.33	1.0467546918465437e-08	31.887637867647058	585.9349037197113	TNFRSF12A;SDC4;CCL20;WNT5A;TNC;PLOD2;CD47	3.1598451829034047e-06
SRRS_repair_ligand_receiver_core	39	LINCS_L1000_Chem_Pert_down	29	LJP005 HEPG2 24H-trametinib-0.37	1.0467546918465437e-08	31.887637867647058	585.9349037197113	TNFRSF12A;CCL20;SERPINE1;TNC;PLOD2;INHBA;THBS1	3.1598451829034047e-06
SRRS_repair_ligand_receiver_core	39	LINCS_L1000_Chem_Pert_down	30	LJP008 HEPG2 24H-PD-0325901-0.12	1.071782466495736e-08	48.20848484848485	884.6911460110683	TNFRSF12A;MMP3;COL10A1;PLOD2;INHBA;THBS1	3.1598451829034047e-06
SRRS_repair_ligand_receiver_core	39	LINCS_L1000_Chem_Pert_down	31	LJP006 HME1 3H-linifanib-10	1.0986940042826019e-08	31.653284671532848	580.0957744637147	TGFBR3;IL6;TNFAIP6;SDC4;CCL20;PTGS2;THBS1	3.1598451829034047e-06
SRRS_repair_ligand_receiver_core	39	LINCS_L1000_Chem_Pert_down	32	LJP006 HA1E 24H-saracatinib-10	1.1547606980710117e-08	47.57177033492823	869.459142608087	ADAM12;SERPINE1;PLOD2;ITGAV;THBS1;ENG	3.1598451829034047e-06
SRRS_repair_ligand_receiver_core	39	LINCS_L1000_Chem_Pert_down	33	LJP006 HME1 3H-PD-0325901-1.11	1.1547606980710117e-08	47.57177033492823	869.459142608087	IL6;TNFAIP6;SDC4;CCL20;TNC;PTGS2	3.1598451829034047e-06
SRRS_repair_ligand_receiver_core	39	LINCS_L1000_Chem_Pert_down	34	LJP006 HA1E 24H-afatinib-10	1.3289086135262723e-08	30.749113475177303	557.6758456447998	WNT5A;SERPINE1;TNC;PLOD2;ITGAV;IL6ST;THBS1	3.4891117418019436e-06
SRRS_repair_ligand_receiver_core	39	LINCS_L1000_Chem_Pert_down	35	LJP009 HA1E 24H-KIN236-10	1.352368892171296e-08	83.72268907563026	1516.9565806200092	SERPINE1;PLOD2;ITGAV;INHBA;THBS1	3.4891117418019436e-06
SRRS_repair_ligand_receiver_core	39	LINCS_L1000_Chem_Pert_down	36	LJP006 HEPG2 24H-selumetinib-3.33	1.4361871377917595e-08	45.758342922899885	826.335682307884	TNFRSF12A;MMP3;SERPINE1;COL10A1;CD47;THBS1	3.6024360706276635e-06
SRRS_repair_ligand_receiver_core	39	LINCS_L1000_Chem_Pert_down	37	LJP009 HA1E 24H-KIN001-127-10	1.538018636848216e-08	81.39297385620915	1464.274718854014	WNT5A;SERPINE1;PLOD2;INHBA;THBS1	3.753596835334971e-06
SRRS_repair_ligand_receiver_core	39	LINCS_L1000_Chem_Pert_down	38	LJP006 HME1 24H-geldanamycin-10	1.6731153057810464e-08	29.68857020547945	531.603342236573	TNFRSF12A;TNFAIP6;SERPINE1;TNC;COL10A1;INHBA;PTGS2	3.975850318737592e-06
SRRS_repair_ligand_receiver_core	39	LINCS_L1000_Chem_Pert_down	39	LJP006 HS578T 24H-afatinib-10	1.750326261018736e-08	29.485119047619047	526.6301300035007	WNT5A;SERPINE1;TNC;PLOD2;ITGAV;INHBA;THBS1	4.000417433153934e-06
SRRS_repair_ligand_receiver_core	39	LINCS_L1000_Chem_Pert_down	40	LJP005 HA1E 24H-BX-912-10	1.772056448794655e-08	44.07760532150776	786.7209032850704	MMP3;ADAM12;SERPINE1;TNC;INHBA;THBS1	4.000417433153934e-06
SRRS_repair_ligand_receiver_core	39	LINCS_L1000_Chem_Pert_down	41	LJP005 HA1E 24H-CP466722-10	1.897467885472344e-08	43.54435925520263	774.2256937474519	IL6;CCL20;SERPINE1;TNC;PLOD2;CD47	4.0795559537655396e-06
SRRS_repair_ligand_receiver_core	39	LINCS_L1000_Chem_Pert_down	42	LJP006 HS578T 24H-NVP-TAE684-10	1.897467885472344e-08	43.54435925520263	774.2256937474519	TNFRSF12A;WNT5A;SERPINE1;PLOD2;INHBA;THBS1	4.0795559537655396e-06
SRRS_repair_ligand_receiver_core	39	LINCS_L1000_Chem_Pert_down	43	LJP006 HA1E 24H-radicicol-1.11	2.090136730710651e-08	28.698261589403973	507.48431002630406	ADAM12;SERPINE1;TNC;ITGAV;INHBA;THBS1;HIF1A	4.389287134492367e-06
SRRS_repair_ligand_receiver_core	39	LINCS_L1000_Chem_Pert_down	44	LJP005 HEPG2 24H-AZD-8330-10	2.3184850961972017e-08	42.01902748414376	738.6847021210114	TNFRSF12A;SERPINE1;TNC;PLOD2;INHBA;THBS1	4.758163731513802e-06
SRRS_repair_ligand_receiver_core	39	LINCS_L1000_Chem_Pert_down	45	LJP006 HEPG2 24H-PD-0325901-1.11	2.639872675227851e-08	41.0599173553719	716.4935071973293	TNFRSF12A;SERPINE1;TNC;COL10A1;INHBA;THBS1	5.297344501623888e-06
SRRS_repair_ligand_receiver_core	39	LINCS_L1000_Chem_Pert_down	46	LJP008 HA1E 24H-PFI-1-10	2.703897662971041e-08	27.59315286624204	480.8379074914421	TNFAIP6;SDC4;WNT5A;ADAM12;SERPINE1;TNC;INHBA	5.307868673180109e-06
SRRS_repair_ligand_receiver_core	39	LINCS_L1000_Chem_Pert_down	47	LJP005 BT20 24H-geldanamycin-0.37	2.99719526431693e-08	40.14343434343434	695.4048658562591	TNFRSF12A;MMP3;WNT5A;SERPINE1;INHBA;THBS1	5.75844111420891e-06
SRRS_repair_ligand_receiver_core	39	LINCS_L1000_Chem_Pert_down	48	LJP005 HA1E 24H-NVP-AUY922-10	3.326039391120218e-08	26.734760802469136	460.3431332104533	TNFRSF12A;ADAM12;SERPINE1;TNC;COL10A1;INHBA;THBS1	6.257111604544911e-06
SRRS_repair_ligand_receiver_core	39	LINCS_L1000_Chem_Pert_down	49	LJP006 HA1E 24H-WYE-125132-10	3.606782495952665e-08	26.406059451219512	452.5434726666886	CCL20;BAMBI;WNT5A;TNC;PLOD2;IL6ST;THBS1	6.387162135389267e-06
SRRS_repair_ligand_receiver_core	39	LINCS_L1000_Chem_Pert_down	50	LJP006 HEPG2 24H-AS-605240-10	3.607367318990616e-08	38.84261974584555	665.6732619978523	TNFRSF12A;SERPINE1;TNC;PLOD2;INHBA;THBS1	6.387162135389267e-06
SRRS_repair_ligand_receiver_core	39	LINCS_L1000_Chem_Pert_down	51	LJP006 HME1 24H-NVP-TAE684-10	3.607367318990616e-08	38.84261974584555	665.6732619978523	TNFRSF12A;SDC4;WNT5A;SERPINE1;INHBA;THBS1	6.387162135389267e-06
SRRS_repair_ligand_receiver_core	39	LINCS_L1000_Chem_Pert_down	52	LJP006 HME1 24H-saracatinib-10	3.8321924864731144e-08	38.42746615087041	656.2352024554509	TNFRSF12A;SERPINE1;TNC;COL10A1;INHBA;PTGS2	6.654749644779274e-06
SRRS_repair_ligand_receiver_core	39	LINCS_L1000_Chem_Pert_down	53	LJP006 HA1E 24H-QL-X-138-1.11	4.0684583248688886e-08	38.02105263157895	647.0200924384213	CCL20;ADAM12;TNC;PLOD2;CD47;IL6ST	6.931731825201144e-06
SRRS_repair_ligand_receiver_core	39	LINCS_L1000_Chem_Pert_down	54	LJP005 HS578T 3H-dasatinib-10	4.753268531210391e-08	63.66687979539642	1073.5412657063246	BAMBI;MMP3;SERPINE1;COL10A1;INHBA	7.948521266079599e-06
SRRS_repair_ligand_receiver_core	39	LINCS_L1000_Chem_Pert_down	55	LJP006 HME1 3H-afatinib-1.11	5.251491027043436e-08	62.309136420525654	1044.436256389155	CCL20;PLOD2;INHBA;PTGS2;THBS1	8.62199344985495e-06
SRRS_repair_ligand_receiver_core	39	LINCS_L1000_Chem_Pert_down	56	LJP006 HS578T 24H-saracatinib-3.33	5.4377003137824915e-08	36.11090909090909	604.038894675016	IL11;TNFRSF12A;WNT5A;SERPINE1;PLOD2;INHBA	8.768291755974267e-06
SRRS_repair_ligand_receiver_core	39	LINCS_L1000_Chem_Pert_down	57	LJP006 HME1 3H-GSK-1059615-10	6.082339484124192e-08	35.39928698752228	588.16946646972	TNFRSF12A;SDC4;MMP3;INHBA;PTGS2;THBS1	9.635706235375694e-06
SRRS_repair_ligand_receiver_core	39	LINCS_L1000_Chem_Pert_down	58	LJP005 HS578T 24H-geldanamycin-1.11	6.427537367181015e-08	35.05383936451898	580.4947091386271	TNFRSF12A;SDC4;BAMBI;SERPINE1;INHBA;THBS1	1.0007010763042166e-05
SRRS_repair_ligand_receiver_core	39	LINCS_L1000_Chem_Pert_down	59	LJP006 HME1 3H-dasatinib-10	7.166497570904865e-08	34.382683982683986	565.6386006558101	IL6;SDC4;CCL20;TNC;INHBA;PTGS2	1.0785578844211821e-05
SRRS_repair_ligand_receiver_core	39	LINCS_L1000_Chem_Pert_down	60	LJP006 HME1 3H-dasatinib-0.12	7.166497570904865e-08	34.382683982683986	565.6386006558101	IL6;TNFRSF12A;SDC4;CCL20;INHBA;PTGS2	1.0785578844211821e-05
SRRS_repair_ligand_receiver_core	39	LINCS_L1000_Chem_Pert_down	61	LJP006 HME1 3H-dasatinib-1.11	7.674753995455429e-08	57.410611303344865	940.5433767840562	SDC4;CCL20;INHBA;PTGS2;THBS1	1.1361152226059432e-05
SRRS_repair_ligand_receiver_core	39	LINCS_L1000_Chem_Pert_down	62	LJP006 HME1 24H-QL-XII-47-10	7.974125246552994e-08	33.73661852166525	551.4074458146437	TGFBR3;WNT5A;TNC;IL6ST;PTGS2;THBS1	1.1613927576834443e-05
SRRS_repair_ligand_receiver_core	39	LINCS_L1000_Chem_Pert_down	63	LJP007 HA1E 24H-HG-9-91-01-10	8.405213810841789e-08	33.42255892255892	544.5145992971337	SERPINE1;PLOD2;ITGA5;INHBA;THBS1;ENG	1.2047473128873231e-05
SRRS_repair_ligand_receiver_core	39	LINCS_L1000_Chem_Pert_down	64	LJP006 HME1 3H-AZD-7762-3.33	8.855329230755643e-08	33.11426188490409	537.7643969851378	IL6;TNFRSF12A;SDC4;CCL20;INHBA;PTGS2	1.249431608651929e-05
SRRS_repair_ligand_receiver_core	39	LINCS_L1000_Chem_Pert_down	65	LJP005 HEPG2 24H-PD-184352-3.33	1.0326439957990341e-07	32.2224025974026	518.3287030614051	TNFRSF12A;TNFAIP6;SERPINE1;TNC;COL10A1;THBS1	1.4128447397068602e-05
SRRS_repair_ligand_receiver_core	39	LINCS_L1000_Chem_Pert_down	66	LJP005 HS578T 24H-geldanamycin-3.33	1.0326439957990341e-07	32.2224025974026	518.3287030614051	TNFRSF12A;SDC4;SERPINE1;COL10A1;INHBA;THBS1	1.4128447397068602e-05
SRRS_repair_ligand_receiver_core	39	LINCS_L1000_Chem_Pert_down	67	LJP005 MCF10A 24H-geldanamycin-0.04	1.0859346678533767e-07	31.93563958165728	512.1088854348609	TNFRSF12A;WNT5A;SERPINE1;TNC;INHBA;THBS1	1.4635806045844763e-05
SRRS_repair_ligand_receiver_core	39	LINCS_L1000_Chem_Pert_down	68	LJP006 HME1 3H-CGP-60474-10	1.199324480602874e-07	31.377075098814228	500.03564866950563	TGFBR3;IL6;TNFAIP6;SDC4;CCL20;IL6ST	1.5926323617417575e-05
SRRS_repair_ligand_receiver_core	39	LINCS_L1000_Chem_Pert_down	69	LJP005 SKBR3 24H-geldanamycin-1.11	1.3982948105969033e-07	50.46399594320487	796.4652821856122	TNFRSF12A;SERPINE1;COL10A1;INHBA;THBS1	1.8299423390855126e-05
SRRS_repair_ligand_receiver_core	39	LINCS_L1000_Chem_Pert_down	70	LJP007 HA1E 24H-dasatinib-3.33	1.455454155461052e-07	30.316271963330788	477.2623291413299	ADAM12;SERPINE1;TNC;ITGA5;THBS1;ENG	1.877535860544757e-05
SRRS_repair_ligand_receiver_core	39	LINCS_L1000_Chem_Pert_down	71	LJP005 HS578T 24H-NVP-AUY922-0.12	1.5146466118144192e-07	49.6061814556331	778.9615764003419	TNFRSF12A;SDC4;SERPINE1;INHBA;THBS1	1.8877183329530748e-05
SRRS_repair_ligand_receiver_core	39	LINCS_L1000_Chem_Pert_down	72	LJP006 HME1 3H-celastrol-3.33	1.5146466118144192e-07	49.6061814556331	778.9615764003419	SDC4;CCL20;ITGAV;INHBA;THBS1	1.8877183329530748e-05
SRRS_repair_ligand_receiver_core	39	LINCS_L1000_Chem_Pert_down	73	LJP009 HEPG2 24H-GDC-0879-10	1.5260624397073585e-07	30.062121212121212	471.8371616218259	TNFRSF12A;SDC4;CCL20;SERPINE1;TNC;THBS1	1.8877183329530748e-05
SRRS_repair_ligand_receiver_core	39	LINCS_L1000_Chem_Pert_down	74	LJP005 HA1E 24H-TWS-119-10	1.5994663827469655e-07	29.812171299774604	466.5135442048937	TNFRSF12A;ADAM12;SERPINE1;TNC;INHBA;THBS1	1.9517812751628514e-05
SRRS_repair_ligand_receiver_core	39	LINCS_L1000_Chem_Pert_down	75	LJP006 HS578T 24H-radicicol-10	1.6757518470601376e-07	29.566318926974663	461.2887916842964	TNFRSF12A;SDC4;SERPINE1;TNC;INHBA;THBS1	2.017605223860406e-05
SRRS_repair_ligand_receiver_core	39	LINCS_L1000_Chem_Pert_down	76	LJP008 HA1E 24H-tanespimycin-10	2.011492114212993e-07	28.62193362193362	441.32785868178286	TNFRSF12A;MMP3;SERPINE1;TNC;ITGAV;INHBA	2.328688947608119e-05
SRRS_repair_ligand_receiver_core	39	LINCS_L1000_Chem_Pert_down	77	LJP006 HME1 24H-radicicol-0.37	2.011492114212993e-07	28.62193362193362	441.32785868178286	TNFRSF12A;TNFAIP6;TNC;COL10A1;INHBA;PTGS2	2.328688947608119e-05
SRRS_repair_ligand_receiver_core	39	LINCS_L1000_Chem_Pert_down	78	LJP006 HS578T 24H-geldanamycin-10	2.011492114212993e-07	28.62193362193362	441.32785868178286	TNFRSF12A;WNT5A;SERPINE1;TNC;INHBA;THBS1	2.328688947608119e-05
SRRS_repair_ligand_receiver_core	39	LINCS_L1000_Chem_Pert_down	79	LJP007 HA1E 24H-BIX-02189-10	2.059099458670397e-07	46.447245564892626	715.0937536149404	CCL20;SERPINE1;TNC;PLOD2;ITGA5	2.3450568810244844e-05
SRRS_repair_ligand_receiver_core	39	LINCS_L1000_Chem_Pert_down	80	LJP005 HA1E 24H-torin-2-1.11	2.1035393949389064e-07	28.39513242662849	436.5602337043453	WNT5A;TNC;PLOD2;CD47;THBS1;MMP10	2.3450568810244844e-05
SRRS_repair_ligand_receiver_core	39	LINCS_L1000_Chem_Pert_down	81	LJP005 HA1E 24H-NVP-AUY922-1.11	2.1035393949389064e-07	28.39513242662849	436.5602337043453	TNFRSF12A;ADAM12;SERPINE1;TNC;INHBA;THBS1	2.3450568810244844e-05
SRRS_repair_ligand_receiver_core	39	LINCS_L1000_Chem_Pert_down	82	LJP009 HA1E 24H-dasatinib-1.11	2.3839669094742173e-07	45.01357466063349	686.4268446714345	SERPINE1;ITGA5;INHBA;THBS1;MMP10	2.6118478373838873e-05
SRRS_repair_ligand_receiver_core	39	LINCS_L1000_Chem_Pert_down	83	LJP006 MCF10A 24H-AZD-5438-1.11	2.400701777440339e-07	27.735664335664335	422.7562747451904	TGFBR3;WNT5A;SERPINE1;TNC;INHBA;THBS1	2.6118478373838873e-05
SRRS_repair_ligand_receiver_core	39	LINCS_L1000_Chem_Pert_down	84	LJP007 HEPG2 24H-BMS509744-3.33	2.4430688705380023e-07	94.93809523809524	1445.4173733339262	FLT1;SDC4;SERPINE1;WNT5A	2.6260716735453712e-05
SRRS_repair_ligand_receiver_core	39	LINCS_L1000_Chem_Pert_down	85	LJP005 HA1E 24H-geldanamycin-10	2.5071010436224566e-07	27.522553782095766	418.314428744213	TNFRSF12A;ADAM12;SERPINE1;TNC;INHBA;THBS1	2.6260716735453712e-05
SRRS_repair_ligand_receiver_core	39	LINCS_L1000_Chem_Pert_down	86	LJP005 HA1E 24H-NVP-AUY922-0.12	2.5071010436224566e-07	27.522553782095766	418.314428744213	TNFRSF12A;ADAM12;SERPINE1;TNC;INHBA;THBS1	2.6260716735453712e-05
SRRS_repair_ligand_receiver_core	39	LINCS_L1000_Chem_Pert_down	87	LJP006 MCF10A 3H-radicicol-0.12	2.560938625869916e-07	44.32932263814617	672.8181269803677	TGFBR3;IL6;SERPINE1;TNC;ITGA5	2.6260716735453712e-05
SRRS_repair_ligand_receiver_core	39	LINCS_L1000_Chem_Pert_down	88	LJP007 HA1E 24H-everolimus-10	2.560938625869916e-07	44.32932263814617	672.8181269803677	TNFAIP6;WNT5A;TNC;PLOD2;CD47	2.6260716735453712e-05
SRRS_repair_ligand_receiver_core	39	LINCS_L1000_Chem_Pert_down	89	LJP005 A549 24H-NVP-AUY922-0.37	2.617347182935586e-07	27.31267217630854	413.94906702078305	TNFRSF12A;BAMBI;SERPINE1;TNC;INHBA;PTGS2	2.6260716735453712e-05
SRRS_repair_ligand_receiver_core	39	LINCS_L1000_Chem_Pert_down	90	LJP006 HA1E 24H-geldanamycin-3.33	2.617347182935586e-07	27.31267217630854	413.94906702078305	TNFRSF12A;SDC4;SERPINE1;TNC;INHBA;THBS1	2.6260716735453712e-05
SRRS_repair_ligand_receiver_core	39	LINCS_L1000_Chem_Pert_down	91	LJP006 HA1E 24H-A443654-0.04	2.7315479232462167e-07	27.105946684894054	409.6583306547244	CCL20;WNT5A;PLOD2;CD47;IL6ST;THBS1	2.6810736681427543e-05
SRRS_repair_ligand_receiver_core	39	LINCS_L1000_Chem_Pert_down	92	LJP006 HA1E 24H-dasatinib-10	2.7315479232462167e-07	27.105946684894054	409.6583306547244	SERPINE1;TNC;PLOD2;ITGAV;IL6ST;THBS1	2.6810736681427543e-05
SRRS_repair_ligand_receiver_core	39	LINCS_L1000_Chem_Pert_down	93	LJP006 HME1 3H-CGP-60474-3.33	2.9722547896979976e-07	26.7016835016835	401.29358806709024	TGFBR3;IL6;SDC4;CCL20;PTGS2;THBS1	2.885963521609991e-05
SRRS_repair_ligand_receiver_core	39	LINCS_L1000_Chem_Pert_down	94	LJP005 HA1E 24H-geldanamycin-1.11	3.098987116574856e-07	26.504010695187166	397.21614710062437	TNFRSF12A;ADAM12;SERPINE1;TNC;INHBA;THBS1	2.9770057087947818e-05
SRRS_repair_ligand_receiver_core	39	LINCS_L1000_Chem_Pert_down	95	LJP009 HA1E 24H-BI-2536-10	3.375629012174595e-07	41.78781512605042	622.7017108775219	SERPINE1;ITGA5;INHBA;THBS1;MMP10	3.1752010395767286e-05
SRRS_repair_ligand_receiver_core	39	LINCS_L1000_Chem_Pert_down	96	LJP006 BT20 24H-geldanamycin-1.11	3.375629012174595e-07	41.78781512605042	622.7017108775219	MMP3;SERPINE1;COL10A1;INHBA;THBS1	3.1752010395767286e-05
SRRS_repair_ligand_receiver_core	39	LINCS_L1000_Chem_Pert_down	97	LJP006 MCF10A 24H-radicicol-1.11	3.956159922922512e-07	25.376440460947503	374.1203399539238	WNT5A;SERPINE1;TNC;COL10A1;INHBA;THBS1	3.682899392163947e-05
SRRS_repair_ligand_receiver_core	39	LINCS_L1000_Chem_Pert_down	98	LJP006 HS578T 24H-dasatinib-10	4.6685970791964816e-07	38.9921568627451	568.3979131220943	TNFRSF12A;SERPINE1;PLOD2;INHBA;THBS1	4.301778737259615e-05
SRRS_repair_ligand_receiver_core	39	LINCS_L1000_Chem_Pert_down	99	LJP005 HS578T 24H-NVP-AUY922-0.37	4.968694245993854e-07	38.47716718266254	558.4937181014226	TNFRSF12A;SDC4;SERPINE1;INHBA;THBS1	4.48673090413245e-05
SRRS_repair_ligand_receiver_core	39	LINCS_L1000_Chem_Pert_down	100	LJP006 PC3 24H-dasatinib-10	4.968694245993854e-07	38.47716718266254	558.4937181014226	CCL20;WNT5A;SERPINE1;TNC;THBS1	4.48673090413245e-05
SRRS_repair_ligand_receiver_core	39	Diabetes_Perturbations_GEO_2022	1	GSE108971 Diabetic Hs EpicardialAdipose Dn	4.141386850644134e-12	35.69236324246254	935.4964977993775	IL11;IL6;TNFRSF12A;TNFAIP6;CCL20;SERPINE1;TNC;INHBA;PTGS2;THBS1	1.0104983915571688e-09
SRRS_repair_ligand_receiver_core	39	Diabetes_Perturbations_GEO_2022	2	GSE143482 TGF-B1 Hs EsophagusFibroblasts Dn	2.2140197522854055e-11	29.84422262552934	732.187004128351	IL11;IL6;TNFRSF12A;TNFAIP6;SERPINE1;TNC;COL10A1;INHBA;PTGS2;MMP10	2.701104097788195e-09
SRRS_repair_ligand_receiver_core	39	Diabetes_Perturbations_GEO_2022	3	GSE134431 SkinvsUlcerHealer Hs DiabetFoot Dn	2.198142915431894e-10	29.345049504950495	652.5821966386787	IL11;IL6;TNFRSF12A;CCL20;MMP3;ADAM12;SERPINE1;PTGS2;MMP10	1.7878229045512735e-08
SRRS_repair_ligand_receiver_core	39	Diabetes_Perturbations_GEO_2022	4	GSE131320 EscherichiaColi 24Hr Hs Islet Dn	3.315764172571699e-10	27.946698113207546	609.9971298094126	IL11;IL6;CCL20;MMP3;PDPN;TNC;INHBA;PTGS2;MMP10	2.0226161452687362e-08
SRRS_repair_ligand_receiver_core	39	Diabetes_Perturbations_GEO_2022	5	GSE131320 Ctrl-vs-IL-1OE 24Hr Hs Islet Dn	4.543423157034591e-10	26.919545454545453	579.0978435962916	IL11;IL6;CCL20;MMP3;PDPN;TNC;INHBA;PTGS2;MMP10	2.153497850471911e-08
SRRS_repair_ligand_receiver_core	39	Diabetes_Perturbations_GEO_2022	6	GSE131320 Ctrl-vs-IL-1OE 6Hr Hs Islet Dn	5.29548651755388e-10	26.433482142857144	564.5926412760558	IL11;IL6;CCL20;MMP3;PDPN;TNC;INHBA;PTGS2;MMP10	2.153497850471911e-08
SRRS_repair_ligand_receiver_core	39	Diabetes_Perturbations_GEO_2022	7	GSE154198 Passage8 Hs Chip Hepatocyte Up	9.857419800573512e-08	22.642342931937172	365.2766077227391	IL6;TNFAIP6;CCL20;SERPINE1;PDPN;KDR;PTGS2	3.4360149019141954e-06
SRRS_repair_ligand_receiver_core	39	Diabetes_Perturbations_GEO_2022	8	GSE144274 Healthy-vs-IPAH Hs Muscle Up	2.424271655447711e-07	19.719463470319635	300.3779996104692	IL11;IL6;TNFAIP6;CCL20;BAMBI;KDR;PTGS2	7.394028549115519e-06
SRRS_repair_ligand_receiver_core	39	Diabetes_Perturbations_GEO_2022	9	GSE131320 EscherichiaColi 6Hr Hs Islet Dn	2.730153962627219e-07	19.36182735426009	292.629578994631	IL6;CCL20;PDPN;TNC;INHBA;PTGS2;MMP10	7.401750743122682e-06
SRRS_repair_ligand_receiver_core	39	Diabetes_Perturbations_GEO_2022	10	GSE108654 Islets-vs-hESC-OE Hs Islets Up	3.44031068073829e-07	18.68371212121212	278.0609784516092	PDGFRB;IL11;TNFRSF12A;TNFAIP6;SERPINE1;KDR;PTGS2	8.394358061001426e-06
SRRS_repair_ligand_receiver_core	39	Diabetes_Perturbations_GEO_2022	11	GSE59143 PregnantIsletGraft Mm Chip Islets Dn	5.812224880411378e-07	23.694976076555022	340.2155993044936	FLT1;WNT5A;TNC;KDR;THBS1;ENG	1.2892571552912513e-05
SRRS_repair_ligand_receiver_core	39	Diabetes_Perturbations_GEO_2022	12	GSE144061 VFGF6 8Hrs Mm BrownPreadipocytes Dn	3.1333742161047416e-06	17.521951219512196	222.0626985083745	IL11;MMP3;COL10A1;INHBA;PTGS2;MMP10	6.0438132017477286e-05
SRRS_repair_ligand_receiver_core	39	Diabetes_Perturbations_GEO_2022	13	GSE131320 RuminococcusGnavus 24Hr Hs Islet Dn	3.2200644107672324e-06	17.436010591350396	220.49769386799952	IL6;CCL20;MMP3;PDPN;PTGS2;MMP10	6.0438132017477286e-05
SRRS_repair_ligand_receiver_core	39	Diabetes_Perturbations_GEO_2022	14	GSE144061 FGF6 4Hrs Mm BrownPreadipocytes Dn	4.421962927257565e-06	16.46622185154295	203.0108448561687	IL11;MMP3;WNT5A;INHBA;PTGS2;MMP10	7.570157409237333e-05
SRRS_repair_ligand_receiver_core	39	Diabetes_Perturbations_GEO_2022	15	GSE131320 RuminococcusGnavus 6Hr Hs Islet Dn	4.653785292563935e-06	16.31487603305785	200.31126833754467	IL6;CCL20;PDPN;INHBA;PTGS2;MMP10	7.570157409237333e-05
SRRS_repair_ligand_receiver_core	39	Diabetes_Perturbations_GEO_2022	16	GSE136134 Ctrl-vs-Insulin 72Hrs Hs hiPSCs Dn	5.276904885194901e-06	15.948282828282828	193.80625734433747	IL6;ADAM12;SERPINE1;TNC;INHBA;MMP10	8.047279949922224e-05
SRRS_repair_ligand_receiver_core	39	Diabetes_Perturbations_GEO_2022	17	GSE94846 PAX8-Overexpression Mm Chip Islet Up	2.252347582864773e-05	17.01926384588923	182.12233268124538	IL11;LRP1;TNC;PLOD2;INHBA	0.00032327812365823803
SRRS_repair_ligand_receiver_core	39	Diabetes_Perturbations_GEO_2022	18	GSE41203 NonObeseDiab 2Wks Mm Chip Islets Dn	3.334048537748503e-05	15.634882985452245	161.17591427037422	IL6;TNFRSF12A;WNT5A;PLOD2;THBS1	0.00045002391321748815
SRRS_repair_ligand_receiver_core	39	Diabetes_Perturbations_GEO_2022	19	GSE124774 LPS+IFNy Diabet Mm BMDMs-Macroph Dn	3.504284570136178e-05	15.466989987484355	158.6749080674542	IL6;SERPINE1;TNC;INHBA;PTGS2	0.00045002391321748815
SRRS_repair_ligand_receiver_core	39	Diabetes_Perturbations_GEO_2022	20	GSE124774 LPS+IFNy Mm BMDMs-Macrophages Dn	4.0557607399721284e-05	14.984081261370527	151.5308250276139	IL6;SERPINE1;TNC;INHBA;PTGS2	0.0004948028102765996
SRRS_repair_ligand_receiver_core	39	Diabetes_Perturbations_GEO_2022	21	GSE131320 BacteroidesDorei 6Hr Hs Islet Dn	5.480734341763588e-05	14.033816425120772	137.69540532363843	IL6;CCL20;PDPN;INHBA;PTGS2	0.000635562140419728
SRRS_repair_ligand_receiver_core	39	Diabetes_Perturbations_GEO_2022	22	GSE144061 FGF6 24Hrs Mm BrownPreadipocytes Dn	5.730478315259842e-05	13.898114269631298	135.74463965641309	IL11;MMP3;INHBA;PTGS2;MMP10	0.000635562140419728
SRRS_repair_ligand_receiver_core	39	Diabetes_Perturbations_GEO_2022	23	GSE125856 NoCAD-vs-CAD Obese Hs Adipose Dn	0.00022542799420492818	15.094095238095239	126.75281217352865	IL6;SERPINE1;ITGA8;PTGS2	0.0023914969820001074
SRRS_repair_ligand_receiver_core	39	Diabetes_Perturbations_GEO_2022	24	GSE101722 ML351ProinflamCytokine Mm Islet Dn	0.0002866028055643094	14.143571428571429	115.37495702310163	IL6;MMP3;PTGS2;MMP10	0.0029137951899038117
SRRS_repair_ligand_receiver_core	39	Diabetes_Perturbations_GEO_2022	25	GSE101722 ProinflamCytokines Mm Islet Dn	0.00031412275066626305	13.79581881533101	111.2733044811543	IL6;MMP3;PTGS2;MMP10	0.0030658380465027274
SRRS_repair_ligand_receiver_core	39	Diabetes_Perturbations_GEO_2022	26	GSE150679 CdCl2 M PostnatalDay42 Mm Liver Dn	0.0004525674040670374	12.489344909234411	96.17512276988494	MMP3;SERPINE1;PDPN;TNC	0.004247171022782967
SRRS_repair_ligand_receiver_core	39	Diabetes_Perturbations_GEO_2022	27	GSE153222 FatDiet 20Wks Mm Liver Dn	0.0004905914853297036	12.216833976833977	93.09103833895779	SERPINE1;TNC;PTGS2;THBS1	0.004433493422979543
SRRS_repair_ligand_receiver_core	39	Diabetes_Perturbations_GEO_2022	28	GSE153222 FatDiet 16Wks Mm Liver Dn	0.0005104342181129367	12.084950343773873	91.60693017738102	SERPINE1;TNC;PTGS2;THBS1	0.004448069614984162
SRRS_repair_ligand_receiver_core	39	Diabetes_Perturbations_GEO_2022	29	GSE135445 AtrialFibr Hs EpicardialAdipose Dn	0.0005518269489594414	11.829468960359012	88.74794177316696	CCL20;BAMBI;SERPINE1;INHBA	0.00457183894869191
SRRS_repair_ligand_receiver_core	39	Diabetes_Perturbations_GEO_2022	30	GSE138252 Ctrl-vs-HeartFail Hs LeftAtrium Dn	0.0005625375244802338	11.767261904761904	88.05504115541338	IL6;TNFRSF12A;SERPINE1;PTGS2	0.00457183894869191
SRRS_repair_ligand_receiver_core	39	Diabetes_Perturbations_GEO_2022	31	GSE154198 Passage22 Hs Chip Hepatocyte Dn	0.0005844016218584863	11.644771723122238	86.69441838396985	IL11;WNT5A;TNC;THBS1	0.00457183894869191
SRRS_repair_ligand_receiver_core	39	Diabetes_Perturbations_GEO_2022	32	GSE154198 Passage1 Hs Chip Hepatocyte Up	0.0006068640222899578	11.524781341107872	85.36642728574833	IL6;CCL20;SERPINE1;PTGS2	0.00457183894869191
SRRS_repair_ligand_receiver_core	39	Diabetes_Perturbations_GEO_2022	33	GSE131320 BacteroidesDorei 24Hr Hs Islet Dn	0.0006183224807657091	11.465699782451052	84.71432769340085	IL6;CCL20;PDPN;PTGS2	0.00457183894869191
SRRS_repair_ligand_receiver_core	39	Diabetes_Perturbations_GEO_2022	34	GSE84759 Ldb1-KO Mm BetaCells Dn	0.000768094628909613	10.80082023239918	77.45913664767313	BAMBI;SERPINE1;PLOD2;THBS1	0.005354716841541302
SRRS_repair_ligand_receiver_core	39	Diabetes_Perturbations_GEO_2022	35	GSE133903 Islets-vs-Pseduoislets Hs Islet Up	0.000768094628909613	10.80082023239918	77.45913664767313	FLT1;SERPINE1;KDR;MMP10	0.005354716841541302
SRRS_repair_ligand_receiver_core	39	Diabetes_Perturbations_GEO_2022	36	GSE37248 FXR-Overexpression Mm Chip BAT Up	0.0007953406806383484	10.69735951252539	76.34427359157759	SDC4;ADAM12;KDR;ENG	0.00539064239099325
SRRS_repair_ligand_receiver_core	39	Diabetes_Perturbations_GEO_2022	37	GSE70681 PtenDeletion 15Mnts Mm Chip Liver Dn	0.0009264675806578662	10.255064935064935	71.62272208902476	TNFRSF12A;CCL20;PDPN;THBS1	0.006109678099473497
SRRS_repair_ligand_receiver_core	39	Diabetes_Perturbations_GEO_2022	38	GSE73433 Ctrl-vs-Ctrl-shRNA Hs Islet Dn	0.001106613463203087	9.761286332714905	66.4397157666682	IL11;CCL20;MMP3;MMP10	0.007105623290040875
SRRS_repair_ligand_receiver_core	39	Diabetes_Perturbations_GEO_2022	39	GSE142025 EarlyDiabetNephropathy Hs Kidney Up	0.0021587920398573723	12.811369509043928	78.63883101173488	IL6;CCL20;PTGS2	0.013506288659620483
SRRS_repair_ligand_receiver_core	39	Diabetes_Perturbations_GEO_2022	40	GSE143319 HealthyvsObese Hs SubcutAdipose Dn	0.002929023909790269	11.468171296296296	66.89482998502562	BAMBI;SERPINE1;INHBA	0.01786704584972064
SRRS_repair_ligand_receiver_core	39	Diabetes_Perturbations_GEO_2022	41	GSE101207 NonDiabetic-vs-T2D Hs Islet Up	0.0032187380824769468	11.080536912751677	63.58860734527142	FLT1;CD47;ACVR2A	0.018699335526770833
SRRS_repair_ligand_receiver_core	39	Diabetes_Perturbations_GEO_2022	42	GSE106148 Ctrl-vs-Type1Diabetes Hs Islet Dn	0.0032187380824769468	11.080536912751677	63.58860734527142	TNFRSF12A;CCL20;KDR	0.018699335526770833
SRRS_repair_ligand_receiver_core	39	Diabetes_Perturbations_GEO_2022	43	GSE134068 HighQual-vs-LowQual Hs Islet Up	0.0036530351460691028	10.579594017094017	59.374764852456494	IL11;INHBA;PTGS2	0.020728850596299097
SRRS_repair_ligand_receiver_core	39	Diabetes_Perturbations_GEO_2022	44	GSE112213 LdlrKO Mm Macrophage Up	0.005489136698738223	9.10681399631676	47.400823742712674	IL11;IL6;THBS1	0.029763318988713924
SRRS_repair_ligand_receiver_core	39	Diabetes_Perturbations_GEO_2022	45	GSE154198 Passage58 Hs Chip Hepatocyte Dn	0.005489136698738223	9.10681399631676	47.400823742712674	IL11;TNFAIP6;WNT5A	0.029763318988713924
SRRS_repair_ligand_receiver_core	39	Diabetes_Perturbations_GEO_2022	46	GSE153222 FatDiet 24Wks Mm Liver Dn	0.005911807302893249	8.859767025089607	45.45772534576183	TNC;PTGS2;THBS1	0.0313582822153468
SRRS_repair_ligand_receiver_core	39	Diabetes_Perturbations_GEO_2022	47	GSE153222 FatDiet 8Wks Mm Islet Up	0.006086198664303508	8.764627659574469	44.71477776339956	MMP3;PDPN;COL10A1	0.03159643561893736
SRRS_repair_ligand_receiver_core	39	Diabetes_Perturbations_GEO_2022	48	GSE136134 Ctrl-vs-Insulin 24Hrs Hs hiPSCs Dn	0.006353534427298155	8.62565445026178	43.63497785331559	SERPINE1;THBS1;MMP10	0.03229713333876562
SRRS_repair_ligand_receiver_core	39	Diabetes_Perturbations_GEO_2022	49	GSE134431 SkinvsUlcer-NoHeal Hs DiabetFoot Dn	0.006720786624828021	8.447008547008547	42.25658323218377	TNFRSF12A;PTGS2;MMP10	0.032800220366375914
SRRS_repair_ligand_receiver_core	39	Diabetes_Perturbations_GEO_2022	50	GSE100067 Islet-Lung Mm MacrophNODShiLtJ Dn	0.006814540430889311	8.403486394557824	41.922444433646994	IL6;PDPN;INHBA	0.032800220366375914
SRRS_repair_ligand_receiver_core	39	Diabetes_Perturbations_GEO_2022	51	GSE120429 D316A Mm HFDiet SubcutWAT Up	0.007004388589493133	8.317760942760943	41.26622851139603	TNFRSF12A;MMP3;COL10A1	0.032800220366375914
SRRS_repair_ligand_receiver_core	39	Diabetes_Perturbations_GEO_2022	52	GSE156067 PCOS Day3 Hs SubcutanAdipose Up	0.007004388589493133	8.317760942760943	41.26622851139603	FLT1;INHBA;THBS1	0.032800220366375914
SRRS_repair_ligand_receiver_core	39	Diabetes_Perturbations_GEO_2022	53	GSE73036 FatDiet Day42 Mm Chip Muscle Dn	0.007197368298103156	8.23375	40.625650482613295	ITGAV;IL6ST;THBS1	0.032800220366375914
SRRS_repair_ligand_receiver_core	39	Diabetes_Perturbations_GEO_2022	54	GSE154198 Passage113 Hs Chip Hepatocyte Up	0.007295036475660284	8.192371475953566	40.31106437617102	CCL20;BAMBI;KDR	0.032800220366375914
SRRS_repair_ligand_receiver_core	39	Diabetes_Perturbations_GEO_2022	55	GSE154198 Passage58 Hs Chip Hepatocyte Up	0.007393492295699489	8.151402640264026	40.00019691758869	CCL20;PDPN;KDR	0.032800220366375914
SRRS_repair_ligand_receiver_core	39	Diabetes_Perturbations_GEO_2022	56	GSE154198 Passage22 Hs Chip Hepatocyte Up	0.00779522274642342	7.991504854368932	38.792716099214836	CCL20;PDPN;KDR	0.03368681342659595
SRRS_repair_ligand_receiver_core	39	Diabetes_Perturbations_GEO_2022	57	GSE37248 FXR-Overexpression Mm Chip WAT Dn	0.007897639685117683	7.952495974235105	38.499554627432005	SERPINE1;ITGA5;INHBA	0.03368681342659595
SRRS_repair_ligand_receiver_core	39	Diabetes_Perturbations_GEO_2022	58	GSE127251 Ucp1-KO 20DegC Mm InguinalWAT Dn	0.008209676384210917	7.837698412698413	37.64009026574673	TNFRSF12A;ADAM12;COL10A1	0.03368681342659595
SRRS_repair_ligand_receiver_core	39	Diabetes_Perturbations_GEO_2022	59	GSE108413 Ctrl-vs-Cytokines Hs Islet Dn	0.008315288682640276	7.800157977883097	37.36010035967449	IL6;TNFAIP6;MMP3	0.03368681342659595
SRRS_repair_ligand_receiver_core	39	Diabetes_Perturbations_GEO_2022	60	GSE135391 RoomTemp-vs-Cold Young Mm BAT Dn	0.008315288682640276	7.800157977883097	37.36010035967449	SDC4;SERPINE1;THBS1	0.03368681342659595
SRRS_repair_ligand_receiver_core	39	Diabetes_Perturbations_GEO_2022	61	GSE120299 Alpha-vs-BetaCells Hs Islet Dn	0.008421703356648987	7.7629716981132075	37.08327465004554	TGFBR3;SDC4;PTGS2	0.03368681342659595
SRRS_repair_ligand_receiver_core	39	Diabetes_Perturbations_GEO_2022	62	GSE44035 Male-vs-Female NoDiabet Hs Islets Up	0.008855413197229291	7.61766975308642	36.00664031891932	MMP3;INHBA;PTGS2	0.03485033580845076
SRRS_repair_ligand_receiver_core	39	Diabetes_Perturbations_GEO_2022	63	GSE137631 Obese-RYGB NoExercise Hs Muscle Up	0.009077117513880677	7.547018348623853	35.486069642889404	ACVR1;TNFRSF12A;ENG	0.03515582021249024
SRRS_repair_ligand_receiver_core	39	Diabetes_Perturbations_GEO_2022	64	GSE154649 DOXY 4-5Hrs DUX4 Hs AMLCells Up	0.009878716676288838	7.3096296296296295	33.75128405571908	SDC4;WNT5A;IL6ST	0.037662607328351194
SRRS_repair_ligand_receiver_core	39	Diabetes_Perturbations_GEO_2022	65	GSE73433 Ctrl-vs-ARX-shRNA Hs Islet Dn	0.010597774001021245	7.117604617604617	32.36454038436694	IL11;MMP3;MMP10	0.039782413173064364
SRRS_repair_ligand_receiver_core	39	Diabetes_Perturbations_GEO_2022	66	GSE134068 HighQual-vs-MedQual Hs Islet Up	0.01595661006315771	11.069378657007523	45.80378393112329	IL11;MMP10	0.05899110386985578
SRRS_repair_ligand_receiver_core	39	Diabetes_Perturbations_GEO_2022	67	GSE125856 Mediastinal-vs-Subcut Hs Adipose Up	0.02469784517648419	8.718083937596132	32.26597109042055	WNT5A;ITGA8	0.0899416411635813
SRRS_repair_ligand_receiver_core	39	Diabetes_Perturbations_GEO_2022	68	GSE125856 NoCAD-vs-CAD Lean Hs Adipose Dn	0.02506570327509643	8.647340889276373	31.876301606163214	IL6;MMP3	0.0899416411635813
SRRS_repair_ligand_receiver_core	39	Diabetes_Perturbations_GEO_2022	69	GSE120290 Aged24Months Mm Chip Muscle Dn	0.027703240166824687	8.182380854136579	29.343702487772255	SERPINE1;COL10A1	0.09796508116964092
SRRS_repair_ligand_receiver_core	39	Diabetes_Perturbations_GEO_2022	70	GSE124621 PGRMC2-AdiposeTissueKO Mm BAT Up	0.03454810301256986	7.236303871439007	24.35307612271938	TNFRSF12A;PTGS2	0.12017662625675322
SRRS_repair_ligand_receiver_core	39	Diabetes_Perturbations_GEO_2022	71	GSE89035 Gcgr+ +-vs-Gcgr- - Mm Liver Dn	0.03496942813208803	7.187375294757845	24.1012895989696	IL6;SERPINE1	0.12017662625675322
SRRS_repair_ligand_receiver_core	39	Diabetes_Perturbations_GEO_2022	72	GSE150679 CdCl2 M 42D Mm BulkRNAseq Liver Up	0.04062705291394789	6.606272939606273	21.16201354170067	TNFAIP6;PLOD2	0.13579453302744227
SRRS_repair_ligand_receiver_core	39	Diabetes_Perturbations_GEO_2022	73	GSE156903 Vehicle-vs-Voclosporin Hs Islet Up	0.04062705291394789	6.606272939606273	21.16201354170067	MMP3;PTGS2	0.13579453302744227
SRRS_repair_ligand_receiver_core	39	Diabetes_Perturbations_GEO_2022	74	GSE115421 -Rosiglitazone P4 Hs Adipocytes Up	0.04243345570412639	6.445783132530121	20.367502715255565	MMP3;MMP10	0.1370401118623167
SRRS_repair_ligand_receiver_core	39	Diabetes_Perturbations_GEO_2022	75	GSE122348 Ctrl- REGN1193 ChowDiet Mm Liver Dn	0.043347901054254186	6.3684041184041185	19.987217191835335	SERPINE1;INHBA	0.1370401118623167
SRRS_repair_ligand_receiver_core	39	Diabetes_Perturbations_GEO_2022	76	GSE48009 IRKO Mm Chip MammaryAlveolars Dn	0.043347901054254186	6.3684041184041185	19.987217191835335	TGFBR3;PDPN	0.1370401118623167
SRRS_repair_ligand_receiver_core	39	Diabetes_Perturbations_GEO_2022	77	GSE149468 Fasting-8Hrs Mm InterscapularBAT Up	0.043807904611724194	6.3304014073244845	19.80112215461003	IL11;COL10A1	0.1370401118623167
SRRS_repair_ligand_receiver_core	39	Diabetes_Perturbations_GEO_2022	78	GSE108971 Diabetic Hs SubcutaneousAdipose Dn	0.043807904611724194	6.3304014073244845	19.80112215461003	CCL20;MMP3	0.1370401118623167
SRRS_repair_ligand_receiver_core	39	Diabetes_Perturbations_GEO_2022	79	GSE140953 AhsgKnockout Mm Chip BAT Dn	0.046135390104852514	6.146940043491767	18.909062933381232	ITGA8;TNC	0.14214928038433683
SRRS_repair_ligand_receiver_core	39	Diabetes_Perturbations_GEO_2022	80	GSE137187 OE-Klf6KO S961-Treated Mm Islet Dn	0.04660632143748749	6.111505791505792	18.737993449149354	TNC;INHBA	0.14214928038433683
SRRS_repair_ligand_receiver_core	39	Diabetes_Perturbations_GEO_2022	81	GSE154198 Passage1 Hs Chip Hepatocyte Dn	0.04755355101522341	6.04183844861811	18.40282856003495	TGFBR3;ADAM12	0.14239094390501894
SRRS_repair_ligand_receiver_core	39	Diabetes_Perturbations_GEO_2022	82	GSE157585 Metformin NoResisTrain Hs Muscle Up	0.048507880749154596	5.973727917861996	18.07667394483263	TNFRSF12A;TNC	0.14239094390501894
SRRS_repair_ligand_receiver_core	39	Diabetes_Perturbations_GEO_2022	83	GSE149468 Fasting-12Hrs Mm Stomach Up	0.04995254277315544	5.874368874368875	17.60361469654523	MMP3;INHBA	0.14239094390501894
SRRS_repair_ligand_receiver_core	39	Diabetes_Perturbations_GEO_2022	84	GSE67543 Fetal-vs-Adult BetaCells Hs Islet Dn	0.05043757506210837	5.841973120661645	17.450083801839032	TGFBR3;SDC4	0.14239094390501894
SRRS_repair_ligand_receiver_core	39	Diabetes_Perturbations_GEO_2022	85	GSE158359 Vehicle-vs-FGF19 Mm Liver Dn	0.05043757506210837	5.841973120661645	17.450083801839032	SERPINE1;COL10A1	0.14239094390501894
SRRS_repair_ligand_receiver_core	39	Diabetes_Perturbations_GEO_2022	86	GSE112213 M-LXROE-S196A-LdlrKO Mm Macroph Up	0.05043757506210837	5.841973120661645	17.450083801839032	IL6;COL10A1	0.14239094390501894
SRRS_repair_ligand_receiver_core	39	Diabetes_Perturbations_GEO_2022	87	GSE149468 Fasting-2Hrs Mm InterscapularBAT Up	0.051412807785618596	5.778232286340394	17.14903046143577	BAMBI;COL10A1	0.14239094390501894
SRRS_repair_ligand_receiver_core	39	Diabetes_Perturbations_GEO_2022	88	GSE74113 Cre-T-vs-Cre+T Mm Islet Up	0.05190299188180729	5.74687590816623	17.00143610249925	IL11;ADAM12	0.14239094390501894
SRRS_repair_ligand_receiver_core	39	Diabetes_Perturbations_GEO_2022	89	GSE148997 PBS-vs-FGF19 KLB Mm Liver Dn	0.05239487695500829	5.71585489232548	16.855750053277294	PDPN;INHBA	0.14239094390501894
SRRS_repair_ligand_receiver_core	39	Diabetes_Perturbations_GEO_2022	90	GSE101537 CBP-KO Mm Islet Dn	0.053383717597527344	5.654797654797655	16.569967963338925	IL11;INHBA	0.14239094390501894
SRRS_repair_ligand_receiver_core	39	Diabetes_Perturbations_GEO_2022	91	GSE73036 FatDiet Day5 Mm Chip SkeleMuscle Dn	0.054379265122777305	5.595019102872506	16.29142194166335	SERPINE1;THBS1	0.14239094390501894
SRRS_repair_ligand_receiver_core	39	Diabetes_Perturbations_GEO_2022	92	GSE101537 CBP-KO Mm Islet Up	0.05487953388651079	5.565596846846847	16.154783716836267	TNFAIP6;ITGA8	0.14239094390501894
SRRS_repair_ligand_receiver_core	39	Diabetes_Perturbations_GEO_2022	93	GSE133903 Islets-vs-Pseduoislets Hs Islet Dn	0.05588502144584436	5.507662301476734	15.886625474265362	MMP3;COL10A1	0.14239094390501894
SRRS_repair_ligand_receiver_core	39	Diabetes_Perturbations_GEO_2022	94	GSE101537 p300-KO Mm Islet Dn	0.05639022433496793	5.479140679140679	15.755046914369307	TNFAIP6;MMP3	0.14239094390501894
SRRS_repair_ligand_receiver_core	39	Diabetes_Perturbations_GEO_2022	95	GSE146543 GlucoseExcitedNeurons Mm Neurons Up	0.05639022433496793	5.479140679140679	15.755046914369307	SERPINE1;ENG	0.14239094390501894
SRRS_repair_ligand_receiver_core	39	Diabetes_Perturbations_GEO_2022	96	GSE80780 Beta1-vs-Beta4 Hs Islet Dn	0.05639022433496793	5.479140679140679	15.755046914369307	SDC4;PTGS2	0.14239094390501894
SRRS_repair_ligand_receiver_core	39	Diabetes_Perturbations_GEO_2022	97	GSE100067 LungMacrophag ShiLtJ Mm 2Tissues Up	0.05689705606135651	5.450910093767237	15.625097439536829	PDGFRB;ITGA8	0.14239094390501894
SRRS_repair_ligand_receiver_core	39	Diabetes_Perturbations_GEO_2022	98	GSE101657 KetogenicDiet Mm Liver Dn	0.05791557443325892	5.395304395304395	15.369975594462096	SERPINE1;TNC	0.14239094390501894
SRRS_repair_ligand_receiver_core	39	Diabetes_Perturbations_GEO_2022	99	GSE84759 Isl1-KO Mm BetaCells Dn	0.0589405136656021	5.340810810810811	15.121045561841433	SERPINE1;THBS1	0.14239094390501894
SRRS_repair_ligand_receiver_core	39	Diabetes_Perturbations_GEO_2022	100	GSE135391 RoomTemp-vs-Cold Old Mm BAT Dn	0.0589405136656021	5.340810810810811	15.121045561841433	TNFRSF12A;SERPINE1	0.14239094390501894
SRRS_d7_wound_alignment	100	Ligand_Perturbations_from_GEO_up	1	17beta-estradiol mouse uterus GSE38800 ligand:120	1.7841501709292823e-47	43.39938080495356	4671.620329160977	TAGLN;ARPC1B;GSTP1;UQCR11;UQCR10;YBX1;PSMA7;ACTG1;SRM;TUBA1C;TUBA1B;LGALS1;GNG5;SEC61G;C1QBP;TMSB4X;SH3BGRL3;SEC61B;SERF2;COX8A;EIF5A;VKORC1;PPP1R14B;TPI1;TPM4;SSR4;LUM;GSTO1;TPM2;PGAM1;NME2;MIF;PDIA6;CKAP4;NME1;COL1A1;RCN3;COL3A1;OSTC;VDAC1;CALR;P4HB;PPIB	4.478216929032499e-45
SRRS_d7_wound_alignment	100	Ligand_Perturbations_from_GEO_up	2	17beta-estradiol mouse uterus GSE38800 ligand:122	1.2260677444874038e-46	41.296820482578994	4365.697597240675	TAGLN;ARPC1B;UQCR11;UQCR10;YBX1;PSMA7;ACTG1;PTMS;EEF1B2;TUBA1C;TUBA1B;LGALS1;GNG5;SEC61G;C1QBP;TMSB4X;SH3BGRL3;SEC61B;SERF2;CTSB;COX8A;EIF5A;VKORC1;PPP1R14B;TPI1;TPM4;SSR4;LUM;GSTO1;TPM2;PGAM1;NME2;MIF;PDIA6;CKAP4;COL1A1;RCN3;COL3A1;RCN1;VDAC1;CALR;P4HB;PPIB	1.5387150193316918e-44
SRRS_d7_wound_alignment	100	Ligand_Perturbations_from_GEO_up	3	estradiol mouse uterus GSE24525 ligand:140	3.04207093751098e-46	42.550170860515685	4459.529196063439	TAGLN;ARPC1B;UQCR11;UQCR10;YBX1;PSMA7;ACTG1;SRM;TUBA1C;TUBA1B;LGALS1;GNG5;SEC61G;C1QBP;TMSB4X;SH3BGRL3;SEC61B;SERF2;COX8A;EIF5A;PPP1R14B;TPI1;TPM4;SSR4;LUM;GSTO1;TPM2;PGAM1;NME2;MIF;PDIA6;CKAP4;NME1;COL1A1;RCN3;COL3A1;RCN1;OSTC;VDAC1;CALR;P4HB;PPIB	2.5451993510508534e-44
SRRS_d7_wound_alignment	100	Ligand_Perturbations_from_GEO_up	4	estradiol (E2) mouse uterine tissue GSE61921 ligand:289	2.076174718661523e-45	40.44827586206897	4161.553304084487	ARPC1B;UQCR11;UQCR10;YBX1;PSMA7;ACTG1;PTMS;SRM;EEF1B2;TUBA1C;TUBA1B;LGALS1;GNG5;SEC61G;C1QBP;TMSB4X;COTL1;SH3BGRL3;SEC61B;SERF2;COX8A;EIF5A;PPP1R14B;TPM4;SSR4;LUM;GSTO1;TPM2;PGAM1;NME2;MIF;PDIA6;CKAP4;NME1;COL1A1;RCN3;COL3A1;OSTC;VDAC1;CALR;P4HB;PPIB	1.3027996359601056e-43
SRRS_d7_wound_alignment	100	Ligand_Perturbations_from_GEO_up	5	17beta-estradiol mouse uterus GSE38800 ligand:124	1.1362702938281892e-43	38.369529828593315	3794.109864062209	TAGLN;ARPC1B;UQCR11;UQCR10;YBX1;PSMA7;ACTG1;TUBA1C;TUBA1B;LGALS1;GNG5;SEC61G;C1QBP;TMSB4X;COTL1;SH3BGRL3;SEC61B;SERF2;CTSB;COX8A;EIF5A;VKORC1;PPP1R14B;TPI1;TPM4;SSR4;LUM;GSTO1;TPM2;PGAM1;NME2;MIF;PDIA6;CKAP4;NME1;COL1A1;RCN3;COL3A1;VDAC1;CALR;P4HB	5.70407687501751e-42
SRRS_d7_wound_alignment	100	Ligand_Perturbations_from_GEO_up	6	estradiol human endometrium GDS3313 ligand:270	2.786190774475961e-43	44.72826477994963	4382.765385535904	FKBP11;TNC;UQCR11;THY1;YBX1;LDHB;TUBA1C;TUBA1B;PRDX4;LGALS1;BASP1;SEC61G;CFL1;SEC61B;TMSB10;COX8A;TPI1;SSR4;PGAM1;SSR3;FN1;MIF;PDIA6;NME1;COL1A1;LSM7;COL3A1;RCN1;OSTC;COL5A2;ADAM12;COL6A3;KDELR2;TGFBI;P4HB;PPIB;PFN1;GAPDH	1.1655564739891104e-41
SRRS_d7_wound_alignment	100	Ligand_Perturbations_from_GEO_up	7	estradiol mouse uterus GSE23072 ligand:76	1.166462543011073e-40	37.502016129032256	3448.288932600419	TAGLN;ARPC1B;UQCR11;UQCR10;YBX1;PSMA7;ACTG1;TUBA1C;LGALS1;GNG5;SEC61G;C1QBP;TMSB4X;SH3BGRL3;SEC61B;SERF2;CTSB;COX8A;EIF5A;VKORC1;PPP1R14B;TPI1;TPM4;SSR4;LUM;GSTO1;TPM2;PGAM1;NME2;MIF;PDIA6;CKAP4;COL1A1;RCN3;COL3A1;VDAC1;P4HB;PPIB	4.1826014042254185e-39
SRRS_d7_wound_alignment	100	Ligand_Perturbations_from_GEO_up	8	estradiol mouse uterus GSE23241 ligand:149	7.578256801297602e-40	37.73172001040854	3398.8024225244417	TAGLN;ARPC1B;GSTP1;UQCR11;UQCR10;YBX1;PSMA7;TUBA1C;LGALS1;SEC61G;C1QBP;TMSB4X;SH3BGRL3;SEC61B;S100A11;SERF2;COX8A;EIF5A;PPP1R14B;TPI1;TPM4;SSR4;LUM;GSTO1;TPM2;PGAM1;NME2;MIF;PDIA6;CKAP4;COL1A1;RCN3;COL3A1;VDAC1;CALR;P4HB;PPIB	2.377678071407123e-38
SRRS_d7_wound_alignment	100	Ligand_Perturbations_from_GEO_up	9	estriol mouse uterus GSE23241 ligand:151	7.367524800187058e-32	31.031639110022454	2224.522946282909	TAGLN;ARPC1B;UQCR11;UQCR10;YBX1;ACTG1;TUBA1C;LGALS1;SEC61G;TMSB4X;SH3BGRL3;SEC61B;S100A11;SERF2;CTSB;COX8A;VKORC1;POSTN;PPP1R14B;SSR4;LUM;GSTO1;TPM2;NME2;COL1A1;RCN3;COL3A1;RCN1;VDAC1;P4HB;PPIB	2.0547208053855018e-30
SRRS_d7_wound_alignment	100	Ligand_Perturbations_from_GEO_up	10	estradiol human endothelial cells GDS3600 ligand:30	1.957004262318663e-27	24.60130010834236	1512.940167613582	TAGLN;ARPC1B;GSTP1;ENO1;YBX1;ACTB;ACTG1;SRM;TUBA1C;TUBA1B;GNG5;BASP1;TUBB3;CFL1;AP2S1;SH3BGRL3;TIMP1;RABAC1;S100A11;AP2M1;VKORC1;GSTO1;SPHK1;MIF;PDIA6;PKM;P4HB;PFN1;GAPDH	4.9120806984198443e-26
SRRS_d7_wound_alignment	100	Ligand_Perturbations_from_GEO_up	11	insulin-like growth factor-I (IGF-I) human MCF-7 cells GDS3484 ligand:14	4.1355316514699155e-27	27.830420406235238	1690.7030941595092	ARPC1B;YBX1;ACTB;PSMA7;ACTG1;TUBA1C;TUBA1B;GNG5;TUBB3;SEC61G;CFL1;AP2S1;SH3BGRL3;SEC61B;RAC1;S100A11;COX8A;PPP1R14B;TPI1;TNFRSF12A;PGAM1;MIF;NME1;PKM;P4HB;PFN1;GAPDH	9.436531313808625e-26
SRRS_d7_wound_alignment	100	Ligand_Perturbations_from_GEO_up	12	17beta-estradiol mouse uterus GDS1058 ligand:35	1.1998665301429173e-25	22.50723208415516	1291.519376949055	FKBP11;GSTP1;UQCR10;YBX1;SRM;TUBA1C;LGALS1;GNG5;TUBB3;SEC61G;TMSB4X;CFL1;SEC61B;TMSB10;S100A11;AP2M1;CTSB;PPP1R14B;TPI1;TPM4;GSTO1;PGAM1;SSR3;PDIA6;PKM;OSTC;COL6A3;GAPDH	2.5097208255489356e-24
SRRS_d7_wound_alignment	100	Ligand_Perturbations_from_GEO_up	13	TGF-beta human HMEC-TR mammary epithelial cell line GDS4071 ligand:245	6.3507022287474685e-24	24.05392156862745	1284.8035825656432	ARPC1B;GSTP1;TNC;MYL12A;LGALS1;GNG5;BASP1;S100A16;TMSB4X;SH3BGRL3;SEC61B;TIMP1;RABAC1;S100A11;CTSB;TNFRSF12A;GSTO1;FN1;PDIA6;COL1A1;OSTC;RAB13;TGFBI;CALR;PFN1	1.2261740457043187e-22
SRRS_d7_wound_alignment	100	Ligand_Perturbations_from_GEO_up	14	testosterone mouse prostate (following castration) GDS2562 ligand:54	3.0903013637952794e-23	24.4251968503937	1265.9869826878996	FKBP11;TAGLN;TPM4;PGAM1;GSTP1;SSR3;UQCR11;PDIA6;ACTB;SRM;COL1A1;TUBA1C;COL3A1;RCN1;TUBA1B;PRDX4;LGALS1;OSTC;SEC61G;COL5A2;CFL1;COL6A3;SEC61B;PPIB	5.3883819454471125e-22
SRRS_d7_wound_alignment	100	Ligand_Perturbations_from_GEO_up	15	estradiol mouse urogenital sinus mesenchymal cells GSE16854 ligand:152	3.220148572976362e-23	22.383561643835616	1159.2453209761932	TAGLN;TNC;ENO1;YBX1;ACTG1;SRM;S100A16;SEC61G;C1QBP;SEC61B;TMSB10;TPI1;TPM2;PGAM1;SSR3;MIF;CKAP4;PKM;COL6A3;KDELR2;PLIN2;CALR;P4HB;PFN1;GAPDH	5.3883819454471125e-22
SRRS_d7_wound_alignment	100	Ligand_Perturbations_from_GEO_up	16	insulin-like growth factor-I (IGF-I) human MCF-7 cells GDS3484 ligand:13	3.670912149668948e-23	24.231907894736842	1251.796541041466	PPP1R14B;TPI1;TNFRSF12A;ARPC1B;PGAM1;ENO1;ACTB;MYL12A;PSMA7;ACTG1;NME1;SRM;TUBA1C;TUBA1B;PRDX4;GNG5;TUBB3;C1QBP;TMSB4X;CFL1;SEC61B;PFN1;TMSB10;SERF2	5.758743434793162e-22
SRRS_d7_wound_alignment	100	Ligand_Perturbations_from_GEO_up	17	fibroblast growth factor 2 (FGF2) human embryonic fibroblast GDS2422 ligand:9	2.629098722134753e-21	19.890675241157556	942.5722741770307	EIF5A;TAGLN;MAP2K2;TPM4;TNFRSF12A;GSTO1;MIF;ENO1;THY1;YBX1;ACTB;MYL12A;ACTG1;SRM;TUBA1B;TUBB3;C1QBP;TMSB4X;COTL1;SH3BGRL3;PLIN2;TIMP1;RAC1;PFN1	3.881786936798959e-20
SRRS_d7_wound_alignment	100	Ligand_Perturbations_from_GEO_up	18	progesterone mouse uterus GSE31406 ligand:161	1.9682905005812514e-20	19.648130393096835	891.5248088935947	EIF5A;POSTN;TPM4;GSTO1;PGAM1;SSR3;NME2;ACTB;MYL12A;ACTG1;NME1;SRM;COL1A1;TUBA1C;COL3A1;TUBA1B;LGALS1;C1QBP;TMSB4X;CALR;SEC61B;PFN1;GAPDH	2.7446717535883007e-19
SRRS_d7_wound_alignment	100	Ligand_Perturbations_from_GEO_up	19	morphogenetic protein 4 (BMP-4) mouse C3H10T1/2 (10T1/2) stem cells committed to the adipocyte lineage GDS3025 ligand:8	2.3721372869453004e-20	23.455582675824488	1059.908770734021	PRELID1;POSTN;GSTO1;PGAM1;GSTP1;FN1;NME2;MIF;YBX1;ACTB;CKAP4;ACTG1;PTMS;TUBA1B;LGALS1;PKM;CFL1;KDELR2;PLIN2;PFN1;GAPDH	3.133718205385634e-19
SRRS_d7_wound_alignment	100	Ligand_Perturbations_from_GEO_up	20	growth hormone mouse 3T3-F442A adipocytes GDS1489 ligand:11	2.8151374869540224e-20	23.244725738396625	1046.400630334933	FKBP11;TPI1;PGAM1;YBX1;ACTB;MYL12A;PSMA7;ACTG1;PTMS;TUBA1C;TUBA1B;LGALS1;PKM;BASP1;TUBB3;OSTC;CFL1;COL6A3;PLIN2;TIMP1;GAPDH	3.532997546127298e-19
SRRS_d7_wound_alignment	100	Ligand_Perturbations_from_GEO_up	21	estradiol human endometrial cancer cells GSE56946 ligand:222	3.9363916285682886e-20	19.000505987518974	848.9699185933847	PRELID1;MAP2K2;TPI1;NME2;ENO1;YBX1;PDIA6;ACTB;PSMA7;ACTG1;NME1;EEF1B2;LDHB;TUBA1C;PRDX4;TUBB3;C1QBP;TMSB4X;VDAC1;P4HB;PFN1;GAPDH;AP2M1	4.704925232241145e-19
SRRS_d7_wound_alignment	100	Ligand_Perturbations_from_GEO_up	22	transforming growth factor-beta human Hepatocellular carcinoma Huh-7 cell line GDS4269 ligand:17	7.653805329779483e-20	20.054254923820142	882.7180899348238	TPI1;CXCL8;FN1;ENO1;ACTB;PSMA7;ACTG1;NME1;SRM;TUBA1C;TUBA1B;GNG5;TUBB3;C1QBP;TMSB4X;CFL1;AP2S1;PLIN2;RAC1;PFN1;TMSB10;GAPDH	8.732296080793865e-19
SRRS_d7_wound_alignment	100	Ligand_Perturbations_from_GEO_up	23	testosterone mouse submandibular glands from BALB/c females GDS1833 ligand:53	1.358612882770647e-19	19.481401227880102	846.3237442773858	FKBP11;TAGLN;POSTN;GSTO1;ARPC1B;UQCR11;UQCR10;PDIA6;MYL12A;ATOX1;PSMA7;ACTG1;PTMS;TUBA1C;TUBA1B;LGALS1;GNG5;SEC61B;PPIB;RABAC1;GAPDH;S100A11	1.4826601459801408e-18
SRRS_d7_wound_alignment	100	Ligand_Perturbations_from_GEO_up	24	estradiol mouse hematopoietic stem cells (HSCs) GSE52711 ligand:96	8.403555240602298e-19	17.765603100008246	739.4126070903358	EIF5A;SSR4;SSR3;NME2;MIF;YBX1;PDIA6;ACTB;PSMA7;ACTG1;NME1;SRM;TUBA1C;TUBA1B;OSTC;SEC61G;C1QBP;CFL1;SEC61B;P4HB;GAPDH;SERF2	8.788718189129903e-18
SRRS_d7_wound_alignment	100	Ligand_Perturbations_from_GEO_up	25	estradiol mouse hematopoietic stem cells (HSCs) GSE52711 ligand:97	8.320137275228211e-18	18.884615384615383	742.6913762925673	OST4;SSR4;NME2;MIF;PDIA6;PSMA7;NME1;SRM;TUBA1C;TUBA1B;PRDX4;BASP1;OSTC;SEC61G;C1QBP;CFL1;AP2S1;VDAC1;SEC61B;GAPDH	8.353417824329123e-17
SRRS_d7_wound_alignment	100	Ligand_Perturbations_from_GEO_up	26	interleukin-4 human PBMC GSE59184 ligand:147	2.0203577770489823e-17	19.885696040868456	764.4195183587635	COX8A;GSTP1;ENO1;YBX1;PDIA6;ACTG1;NME1;TUBA1C;TUBA1B;LGALS1;GNG5;TUBB3;C1QBP;CFL1;SH3BGRL3;TGFBI;TIMP1;PFN1;TMSB10	1.950422315535748e-16
SRRS_d7_wound_alignment	100	Ligand_Perturbations_from_GEO_up	27	progesterone mouse uterus GSE31406 ligand:162	9.968875592672441e-17	16.44463087248322	605.8938532648685	EIF5A;TPM4;GSTO1;SSR3;NME2;ACTB;ACTG1;SRM;COL1A1;TUBA1C;COL3A1;TUBA1B;LGALS1;SEC61G;C1QBP;TMSB4X;CALR;SEC61B;PFN1;GAPDH	9.267362125039934e-16
SRRS_d7_wound_alignment	100	Ligand_Perturbations_from_GEO_up	28	Interleukin-6 mouse macrophage GSE411 ligand:232	1.1104251657882638e-16	17.999421296296298	661.2378736289894	TPI1;PGAM1;SSR3;UQCR11;PDIA6;ACTB;ATOX1;TUBA1B;GNG5;BASP1;SEC61G;TMSB4X;TGFBI;SEC61B;RAC1;RABAC1;GAPDH;S100A11;AP2M1	9.690606439907313e-16
SRRS_d7_wound_alignment	100	Ligand_Perturbations_from_GEO_up	29	EPO mouse Erythroid progenitor cell GDS927 ligand:166	1.1196318197502472e-16	14.978769197096268	550.1456512292455	PPP1R14B;TPI1;GSTP1;UQCR11;UQCR10;YBX1;ACTB;ATOX1;PSMA7;ACTG1;SRM;LSM7;TUBA1B;GNG5;TUBB3;TMSB4X;CFL1;PPIB;RABAC1;TMSB10;GAPDH	9.690606439907313e-16
SRRS_d7_wound_alignment	100	Ligand_Perturbations_from_GEO_up	30	17beta-estradiol mouse uterus GDS1058 ligand:34	1.8157072035474834e-16	15.902597402597403	576.3878371530132	FKBP11;TAGLN;PPP1R14B;TPM4;ARPC1B;SSR3;PDIA6;MYL12A;ACTG1;SRM;TUBA1C;LGALS1;GNG5;OSTC;SEC61G;COL6A3;SEC61B;RAC1;GAPDH;CTSB	1.5191416936347279e-15
SRRS_d7_wound_alignment	100	Ligand_Perturbations_from_GEO_up	31	interleukin-2 mouse Cytotoxic T cell line GDS3222 ligand:215	5.981380797655746e-16	13.691626866170134	479.92862657020197	EIF5A;OST4;TPI1;PGAM1;SSR3;THY1;PDIA6;ACTB;PSMA7;NME1;SRM;TUBA1B;PKM;BASP1;OSTC;SEC61G;C1QBP;CALR;P4HB;PPIB;PFN1	4.842988968424492e-15
SRRS_d7_wound_alignment	100	Ligand_Perturbations_from_GEO_up	32	TGF-beta1 mouse renal mesangial MES-13 cells GDS1892 ligand:15	1.2848591197414129e-15	15.588826114249843	534.5116545282267	EIF5A;TAGLN;TPM4;TNFRSF12A;GSTO1;FN1;NME2;ACTB;MYL12A;ACTG1;NME1;SRM;EEF1B2;LGALS1;BASP1;TMSB4X;CFL1;PLIN2;TMSB10	1.0078113720471707e-14
SRRS_d7_wound_alignment	100	Ligand_Perturbations_from_GEO_up	33	Interleukin-1 beta human epidermal keratinocytes GDS2611 ligand:56	1.5763962365846774e-15	19.021141168447375	648.3096331717034	ACTB;CKAP4;ACTG1;LDHB;TUBA1B;PKM;BASP1;TUBB3;S100A16;TMSB4X;AP2S1;SH3BGRL3;CALR;P4HB;TMSB10;S100A11;CTSB	1.1990165314628911e-14
SRRS_d7_wound_alignment	100	Ligand_Perturbations_from_GEO_up	34	estradiol human estrogen receptor (ER)-positive MCF7 breast cancer cells GDS3217 ligand:41	2.103913975295327e-15	16.711854792966534	564.7767481406887	PRELID1;PGAM1;MIF;YBX1;PDIA6;PSMA7;NME1;SRM;TUBA1C;TUBA1B;PRDX4;PKM;TUBB3;SEC61G;C1QBP;PPIB;GAPDH;SERF2	1.5531835523503737e-14
SRRS_d7_wound_alignment	100	Ligand_Perturbations_from_GEO_up	35	interleukin-2 mouse Cytotoxic T cell line GDS3222 ligand:212	2.376795583661297e-15	13.764084507042254	463.4783370404278	EIF5A;OST4;TPI1;PGAM1;SSR3;MIF;THY1;PDIA6;ACTB;PSMA7;SRM;TUBA1B;PKM;BASP1;OSTC;SEC61G;C1QBP;CALR;PFN1;GAPDH	1.7045019757113875e-14
SRRS_d7_wound_alignment	100	Ligand_Perturbations_from_GEO_up	36	growth hormone mouse 3T3-F442A adipocytes GDS1489 ligand:12	3.9128440143708126e-14	15.411669667174445	475.78793818402505	VKORC1;FKBP11;BRI3;GSTO1;UQCR10;YBX1;ACTG1;PRDX4;LGALS1;SEC61G;TMSB4X;COL5A2;COL6A3;RAC1;PPIB;RABAC1;CTSB	2.7281217989085387e-13
SRRS_d7_wound_alignment	100	Ligand_Perturbations_from_GEO_up	37	interleukin-2 mouse Cytotoxic T cell line GDS3222 ligand:214	6.550983834718636e-14	12.34737612725034	374.82406254552626	EIF5A;OST4;TPI1;PGAM1;SSR3;THY1;PDIA6;ACTB;PSMA7;SRM;TUBA1B;PKM;BASP1;OSTC;SEC61G;C1QBP;CALR;P4HB;PFN1	4.4440457905793995e-13
SRRS_d7_wound_alignment	100	Ligand_Perturbations_from_GEO_up	38	17beta-estradiol mouse vagina GSE6931 ligand:88	2.1646348918758995e-13	12.51603498542274	364.9845331800547	PPP1R14B;TPI1;TPM4;GSTO1;SSR3;ACTB;PSMA7;SRM;TUBA1C;LSM7;TUBA1B;PKM;OSTC;SEC61G;COL6A3;SEC61B;RABAC1;GAPDH	1.4297983101601337e-12
SRRS_d7_wound_alignment	100	Ligand_Perturbations_from_GEO_up	39	interleukin-2 mouse Cytotoxic T cell line GDS3222 ligand:216	2.2594419276292305e-13	11.46443268665491	333.82694974964056	EIF5A;OST4;TPI1;PGAM1;SSR3;NME2;PDIA6;PSMA7;TUBA1C;TUBA1B;PKM;BASP1;OSTC;CALR;P4HB;RAC1;PPIB;PFN1;AP2M1	1.4541536508588125e-12
SRRS_d7_wound_alignment	100	Ligand_Perturbations_from_GEO_up	40	progesterone rat ovary GDS2783 ligand:275	4.0547238542050545e-13	11.067856395540012	315.8071554976579	PGAM1;GSTP1;SSR3;ACTB;MYL12A;COL1A1;EEF1B2;COL3A1;PRDX4;LGALS1;SEC61G;C1QBP;TMSB4X;COL5A2;TIMP1;TMSB10;GAPDH;S100A11;CTSB	2.5443392185136717e-12
SRRS_d7_wound_alignment	100	Ligand_Perturbations_from_GEO_up	41	17beta-estradiol mouse uterus GDS1058 ligand:33	7.724608641562116e-13	12.65292083159135	352.879777008119	PPP1R14B;TPM4;PGAM1;SSR3;ACTB;MYL12A;SRM;TUBA1C;LGALS1;GNG5;TUBB3;OSTC;CFL1;COL6A3;SEC61B;GAPDH;CTSB	4.728967729346564e-12
SRRS_d7_wound_alignment	100	Ligand_Perturbations_from_GEO_up	42	17beta-estradiol mouse uterus GSE38800 ligand:125	1.176923402101499e-12	11.245822930670252	308.90158416722716	FKBP11;TAGLN;TPM4;TNFRSF12A;SPHK1;ARPC1B;PGAM1;NME2;CKAP4;ACTG1;SRM;TUBA1C;RCN1;LGALS1;SEC61G;C1QBP;TMSB4X;CTSB	7.0335184268446725e-12
SRRS_d7_wound_alignment	100	Ligand_Perturbations_from_GEO_up	43	interleukin-2 mouse Cytotoxic T cell line GDS3222 ligand:213	1.5124438502066978e-12	11.06806579693704	301.24280445378497	EIF5A;OST4;TPI1;PGAM1;SSR3;THY1;PDIA6;ACTB;PSMA7;SRM;TUBA1B;PKM;BASP1;OSTC;SEC61G;C1QBP;CALR;PFN1	8.828451311671654e-12
SRRS_d7_wound_alignment	100	Ligand_Perturbations_from_GEO_up	44	Interleukin-15 mouse CD8+ T cells GDS1030 ligand:229	1.5565644234079386e-12	13.346938775510203	362.88377898862336	EIF5A;TPM4;NME2;MIF;THY1;ACTB;PSMA7;ACTG1;SRM;EEF1B2;TUBA1B;LGALS1;C1QBP;TMSB4X;PFN1;GAPDH	8.879492506258922e-12
SRRS_d7_wound_alignment	100	Ligand_Perturbations_from_GEO_up	45	estradiol human estrogen receptor (ER)-positive MCF7 breast cancer cells GDS3217 ligand:40	2.848198072318979e-12	12.790606653620353	340.0297667217805	PRELID1;MIF;YBX1;PDIA6;NME1;SRM;TUBA1C;TUBA1B;PKM;TUBB3;OSTC;SEC61G;C1QBP;VDAC1;PPIB;SERF2	1.5886615914490302e-11
SRRS_d7_wound_alignment	100	Ligand_Perturbations_from_GEO_up	46	Interleukin-6 mouse macrophage GSE411 ligand:230	3.1419585155714517e-12	12.70229996760609	336.43533704205225	TPI1;PGAM1;UQCR10;ACTB;ATOX1;ACTG1;TUBA1C;TUBA1B;GNG5;BASP1;SEC61G;TMSB4X;TGFBI;RAC1;TMSB10;S100A11	1.7144164943661616e-11
SRRS_d7_wound_alignment	100	Ligand_Perturbations_from_GEO_up	47	interleukin-15 human PBMC GSE59184 ligand:145	3.2991438400672433e-12	12.658595641646489	334.6598263190501	CXCL8;GSTO1;INHBA;MYL12A;ACTG1;TUBA1C;TUBA1B;LGALS1;BASP1;TUBB3;RAB13;TGFBI;PFN1;GAPDH;S100A11;CTSB	1.761883199695485e-11
SRRS_d7_wound_alignment	100	Ligand_Perturbations_from_GEO_up	48	estradiol human endometrial cancer cells GSE56946 ligand:219	3.806586474695356e-12	11.374452354874041	299.0831290958445	TPM4;TNFRSF12A;ARPC1B;NME2;UQCR10;ENO1;ACTB;MYL12A;ACTG1;NME1;EEF1B2;TUBA1C;TUBA1B;PRDX4;C1QBP;TMSB4X;COTL1	1.9905275107261132e-11
SRRS_d7_wound_alignment	100	Ligand_Perturbations_from_GEO_up	49	17beta-estradiol mouse uterus GSE1839 ligand:157	5.267107885211388e-12	13.649374710514127	354.46797832113293	TAGLN;TPI1;GSTO1;ARPC1B;YBX1;PKM;GNG5;TMSB4X;COL5A2;COL6A3;SEC61B;TMSB10;GAPDH;S100A11;CTSB	2.698049141200119e-11
SRRS_d7_wound_alignment	100	Ligand_Perturbations_from_GEO_up	50	17beta-estradiol human MCF-7 cells GSE5840 ligand:85	7.605801836942686e-12	13.278566599053415	339.9593195281508	TPI1;SSR4;FN1;MIF;YBX1;ACTG1;NME1;EEF1B2;PRDX4;LGALS1;GNG5;TMSB4X;CFL1;RAB13;S100A11	3.818112522145228e-11
SRRS_d7_wound_alignment	100	Ligand_Perturbations_from_GEO_up	51	interleukin-2 mouse Cytotoxic T cell line GDS3222 ligand:203	1.7375892505929172e-11	14.045695634434924	347.9952751960079	EIF5A;TPI1;PGAM1;YBX1;MYL12A;NME1;EEF1B2;TUBA1C;BASP1;TMSB4X;P4HB;PFN1;TMSB10;GAPDH	8.551664743114162e-11
SRRS_d7_wound_alignment	100	Ligand_Perturbations_from_GEO_up	52	estradiol mouse uterus GSE56423 ligand:93	2.5455435999842998e-11	13.622464126669966	332.30764045448126	COX8A;LUM;GSTO1;NME2;UQCR10;PSMA7;LDHB;COL3A1;TMSB4X;SH3BGRL3;PLIN2;TGFBI;RABAC1;CTSB	1.2287143146078061e-10
SRRS_d7_wound_alignment	100	Ligand_Perturbations_from_GEO_up	53	17beta-estradiol mouse uterus GDS1058 ligand:36	3.4483991764671036e-11	11.850120870265915	285.4756438190749	TAGLN;TPI1;LUM;GSTO1;ARPC1B;YBX1;ATOX1;GNG5;TMSB4X;COL5A2;COL6A3;TMSB10;GAPDH;S100A11;CTSB	1.6331097986664962e-10
SRRS_d7_wound_alignment	100	Ligand_Perturbations_from_GEO_up	54	estradiol human endometrial cancer cells GSE56946 ligand:220	1.3589288347524214e-10	13.490772962142781	306.49895069193343	PPP1R14B;GSTP1;UQCR10;MIF;ENO1;EEF1B2;MZT2B;LSM7;TUBA1B;PRDX4;LGALS1;RABAC1;SERF2	6.316502546719589e-10
SRRS_d7_wound_alignment	100	Ligand_Perturbations_from_GEO_up	55	17beta-estradiol mouse uterus GSE38800 ligand:123	2.514976216866523e-10	9.285714285714286	205.24759898451504	FKBP11;TPM4;TNFRSF12A;SPHK1;ARPC1B;PGAM1;ACTG1;TUBA1C;RCN1;LGALS1;SEC61G;C1QBP;TMSB4X;COTL1;VDAC1;CTSB	1.1477436916972676e-09
SRRS_d7_wound_alignment	100	Ligand_Perturbations_from_GEO_up	56	Calcitriol mouse Spinal cord tissue GDS510 ligand:167	5.219350872549255e-10	9.632928031547815	205.88917429532262	FN1;YBX1;ACTB;MYL12A;PSMA7;ACTG1;LGALS1;GNG5;BASP1;TMSB4X;PLIN2;TGFBI;TIMP1;RAC1;S100A11	2.339387623231898e-09
SRRS_d7_wound_alignment	100	Ligand_Perturbations_from_GEO_up	57	estradiol human endometrial cancer cells GSE56946 ligand:226	7.204505148345526e-10	13.364314789687924	281.33412023827736	COX8A;EEF1B2;MZT2B;LGALS1;BRI3;GSTP1;MIF;CALR;RABAC1;TMSB10;GAPDH;SERF2	3.1725101618153104e-09
SRRS_d7_wound_alignment	100	Ligand_Perturbations_from_GEO_up	58	Interleukin-1 human epidermal keratinocyte GDS3011 ligand:227	7.854609112924781e-10	10.321140964852864	216.38014440158798	COX8A;CXCL8;GSTO1;PGAM1;MIF;INHBA;ENO1;CKAP4;ACTG1;LGALS1;COTL1;SH3BGRL3;PFN1;TMSB10	3.399149805765724e-09
SRRS_d7_wound_alignment	100	Ligand_Perturbations_from_GEO_up	59	interleukin-33 mouse CD8 T cells GSE72791 ligand:237	1.4492772008212728e-09	17.57777777777778	357.7464644801969	TUBA1B;LGALS1;C1QBP;TMSB4X;NME2;CALR;TMSB10;GAPDH;ACTB;ACTG1	6.165569108578635e-09
SRRS_d7_wound_alignment	100	Ligand_Perturbations_from_GEO_up	60	estradiol mouse BAL cells GSE52649 ligand:95	1.5728455069150051e-09	10.904713070973807	221.0426715594638	GSTO1;GSTP1;SSR3;PDIA6;SRM;RCN1;OSTC;KDELR2;CALR;P4HB;PPIB;RABAC1;S100A11	6.579737037261106e-09
SRRS_d7_wound_alignment	100	Ligand_Perturbations_from_GEO_up	61	Growth hormone mouse Adipocytes GDS1489 ligand:171	1.9080140706978874e-09	12.198347107438016	244.90868979096714	FKBP11;TUBA1C;LGALS1;BASP1;TUBB3;OSTC;CFL1;COL6A3;YBX1;ACTB;ACTG1;PTMS	7.851008717133931e-09
SRRS_d7_wound_alignment	100	Ligand_Perturbations_from_GEO_up	62	Anti-Mullerian hormone rat ovary GDS3199 ligand:249	2.855448467538562e-09	9.281917418130043	182.61278601653723	POSTN;LUM;GSTO1;PGAM1;FN1;PDIA6;MYL12A;EEF1B2;COL3A1;COL5A2;TGFBI;SEC61B;P4HB;CTHRC1	1.155996073148676e-08
SRRS_d7_wound_alignment	100	Ligand_Perturbations_from_GEO_up	63	17beta-estradiol mouse thymus GSE2889 ligand:155	4.3858159202147205e-09	9.964735319415123	191.77023667256572	EIF5A;THY1;ACTB;ACTG1;TUBA1B;CFL1;P4HB;RAC1;PFN1;TMSB10;S100A11;AP2M1;CTSB	1.747364755514119e-08
SRRS_d7_wound_alignment	100	Ligand_Perturbations_from_GEO_up	64	17beta-estradiol human U2OS osteosarcoma cell line GDS1094 ligand:46	6.439995665939055e-09	9.632032667876588	181.6672442655782	COX8A;TNFRSF12A;GSTO1;ARPC1B;GSTP1;ENO1;ACTB;ACTG1;PKM;SEC61G;SEC61B;GAPDH;CTSB	2.5256858002354732e-08
SRRS_d7_wound_alignment	100	Ligand_Perturbations_from_GEO_up	65	Interleukin-6 mouse macrophage (SOCS3 KO) GSE411 ligand:234	8.529512577783422e-09	10.589471793029105	196.74956508238208	TPI1;PKM;BASP1;PGAM1;CFL1;SSR3;TGFBI;TIMP1;PDIA6;GAPDH;AP2M1;CTSB	3.293704087728675e-08
SRRS_d7_wound_alignment	100	Ligand_Perturbations_from_GEO_up	66	estradiol human estrogen receptor (ER)-positive MCF7 breast cancer cells GDS3217 ligand:39	8.802252997052968e-09	8.45299356754082	156.78830662679545	EIF5A;PRELID1;TPI1;YBX1;PDIA6;NME1;SRM;EEF1B2;TUBB3;OSTC;C1QBP;VDAC1;PPIB;SERF2	3.347523488273175e-08
SRRS_d7_wound_alignment	100	Ligand_Perturbations_from_GEO_up	67	17beta-estradiol mouse stomach GSE29715 ligand:128	1.334670777058603e-08	9.028238966936286	163.6999936612376	COX8A;TAGLN;TPM4;TPM2;UQCR11;UQCR10;MIF;EEF1B2;LDHB;LGALS1;COTL1;RABAC1;SERF2	5.00003529912999e-08
SRRS_d7_wound_alignment	100	Ligand_Perturbations_from_GEO_up	68	neuromedin U mouse type-2 Th cell line D10.G4.1 GDS882 ligand:21	1.823486808898983e-08	8.78019398709054	156.46244440208116	TPI1;TPM4;ARPC1B;PGAM1;YBX1;ACTG1;PTMS;LGALS1;PKM;OSTC;TMSB4X;CFL1;TMSB10	6.730811603435951e-08
SRRS_d7_wound_alignment	100	Ligand_Perturbations_from_GEO_up	69	transforming growth factor-beta human fibroblasts GDS4574 ligand:18	3.105911630400737e-08	8.370813160754865	144.70937336497715	TAGLN;TNFRSF12A;SPHK1;FN1;YBX1;NME1;COL1A1;FAP;BASP1;COL5A2;COL6A3;TGFBI;TIMP1	1.1298316220733116e-07
SRRS_d7_wound_alignment	100	Ligand_Perturbations_from_GEO_up	70	testosterone mouse bed nucleus of the stria terminalis/preoptic area GSE49986 ligand:282	3.374248576056814e-08	9.285984848484848	159.7608014358924	PRELID1;MAP2K2;LGALS1;TPI1;C1QBP;COTL1;AP2S1;SH3BGRL3;ENO1;GAPDH;PTMS;SRM	1.2099091322718004e-07
SRRS_d7_wound_alignment	100	Ligand_Perturbations_from_GEO_up	71	norepinephrine rat pineal organ GDS3702 ligand:132	3.902842149354372e-08	9.156911581569116	156.20753215690743	TUBA1C;LGALS1;TPI1;PKM;TPM4;SEC61G;PGAM1;ENO1;CALR;P4HB;GAPDH;AP2M1	1.3797371542083767e-07
SRRS_d7_wound_alignment	100	Ligand_Perturbations_from_GEO_up	72	angiotensin II mouse suprarenal aorta GSE17901 ligand:260	4.274400644878003e-08	8.133480613453719	138.00919877940197	FKBP11;POSTN;LUM;SPHK1;CKAP4;COL1A1;RCN3;COL3A1;RCN1;FAP;COL5A2;TIMP1;CTHRC1	1.4901035581449706e-07
SRRS_d7_wound_alignment	100	Ligand_Perturbations_from_GEO_up	73	aldosterone mouse inner medullary collecting duct cell line mIMCD-3 GDS345 ligand:279	7.831169692040108e-08	8.561188811188812	140.08304143926176	TPI1;BASP1;TUBB3;BRI3;CFL1;YBX1;RAC1;TMSB10;MYL12A;AP2M1;ATOX1;PTMS	2.6562480982460367e-07
SRRS_d7_wound_alignment	100	Ligand_Perturbations_from_GEO_up	74	17beta-estradiol mouse uterus GSE6931 ligand:86	7.831169692040108e-08	8.561188811188812	140.08304143926176	PPP1R14B;LGALS1;TPM4;GNG5;OSTC;SEC61G;SSR3;COL6A3;SEC61B;RAC1;ACTG1;SRM	2.6562480982460367e-07
SRRS_d7_wound_alignment	100	Ligand_Perturbations_from_GEO_up	75	estrogen mouse right lung from ovariectomized animals GDS960 ligand:52	9.249488966010281e-08	8.4240034413536	136.43610693845562	COL1A1;EEF1B2;POSTN;COL3A1;TUBA1B;PKM;GNG5;TMSB4X;CFL1;COL6A3;PFN1;ACTG1	3.095495640624774e-07
SRRS_d7_wound_alignment	100	Ligand_Perturbations_from_GEO_up	76	estradiol human breast epithelial cells GSE23500 ligand:130	9.878319394391422e-08	8.370333428327159	135.01631028820648	COX8A;EIF5A;LSM7;PRDX4;SSR4;GSTP1;MIF;TIMP1;YBX1;S100A11;SERF2;NME1	3.2624449578845357e-07
SRRS_d7_wound_alignment	100	Ligand_Perturbations_from_GEO_up	77	17beta-estradiol human U2OS osteosarcoma cell line GDS1094 ligand:45	1.0206849712000852e-07	8.34375	134.31453113156724	COX8A;LGALS1;TNFRSF12A;GSTO1;ARPC1B;SEC61G;CFL1;PLIN2;YBX1;PPIB;GAPDH;ACTG1	3.3271678931327453e-07
SRRS_d7_wound_alignment	100	Ligand_Perturbations_from_GEO_up	78	17beta-estradiol mouse thymus GDS1275 ligand:273	1.5782472938091982e-07	12.357629712060092	193.54248686034666	EIF5A;LSM7;TUBA1B;TMSB4X;THY1;PFN1;TMSB10;ACTB;ACTG1	5.078718855719343e-07
SRRS_d7_wound_alignment	100	Ligand_Perturbations_from_GEO_up	79	17beta-estradiol human MCF-7 cells GSE11791 ligand:153	1.7506009705942231e-07	7.915969786889669	123.15773855510443	EEF1B2;TUBA1B;PRDX4;OSTC;C1QBP;TMSB4X;SSR3;YBX1;PPIB;PDIA6;MYL12A;NME1	5.562035995179114e-07
SRRS_d7_wound_alignment	100	Ligand_Perturbations_from_GEO_up	80	Thyroid hormone mouse Cerebellar neuronal cell GDS4484 ligand:169	1.8053379349934187e-07	7.892146315223238	122.54410115977154	TAGLN;TPI1;PKM;TNFRSF12A;GSTO1;SSR3;UQCR11;PLIN2;TGFBI;P4HB;GAPDH;SRM	5.664247771041851e-07
SRRS_d7_wound_alignment	100	Ligand_Perturbations_from_GEO_up	81	17beta-estradiol human MCF-7 cells GSE5840 ligand:84	1.9788360541966154e-07	7.821514262863237	120.729662550577	PRELID1;GSTO1;OSTC;SEC61G;C1QBP;PGAM1;TMSB4X;CFL1;SEC61B;YBX1;PFN1;NME1	6.131948760535191e-07
SRRS_d7_wound_alignment	100	Ligand_Perturbations_from_GEO_up	82	17beta-estradiol mouse uterus GDS1058 ligand:37	2.669784957952365e-07	7.594794094794095	114.95554559637907	TAGLN;GNG5;BRI3;GSTO1;TMSB4X;PLIN2;YBX1;RAC1;RABAC1;TMSB10;S100A11;CTSB	8.172146639585898e-07
SRRS_d7_wound_alignment	100	Ligand_Perturbations_from_GEO_up	83	testosterone mouse liver GSE13388 ligand:159	2.8451119552046786e-07	9.716049382716049	146.4450885684832	SEC61G;GSTP1;SSR3;NME2;PLIN2;CALR;P4HB;PPIB;RABAC1;PDIA6	8.60389278019728e-07
SRRS_d7_wound_alignment	100	Ligand_Perturbations_from_GEO_up	84	estrogen mouse left lung from ovariectomized animals GDS960 ligand:51	2.91968026767138e-07	8.446267079043182	127.08778414762186	COL1A1;POSTN;COL3A1;LGALS1;GNG5;GSTP1;CFL1;NME2;PPIB;PFN1;MYL12A	8.724282704589481e-07
SRRS_d7_wound_alignment	100	Ligand_Perturbations_from_GEO_up	85	estradiol mouse uterus GSE56423 ligand:92	3.671484291569929e-07	7.3598694123556	109.05486230572795	TUBA1C;PPP1R14B;TPM4;TNFRSF12A;SPHK1;C1QBP;PGAM1;NME2;CKAP4;ACTG1;CTSB;SRM	1.0841677143341792e-06
SRRS_d7_wound_alignment	100	Ligand_Perturbations_from_GEO_up	86	neuromedin U mouse type-2 Th cell line D10.G4.1 GDS882 ligand:22	3.872757080805068e-07	9.37863614687649	138.46739366885288	LSM7;OSTC;ARPC1B;SEC61G;TMSB4X;UQCR11;PLIN2;YBX1;TMSB10;ACTG1	1.1303046828861301e-06
SRRS_d7_wound_alignment	100	Ligand_Perturbations_from_GEO_up	87	leptin mouse liver GDS3653 ligand:276	4.5976338275571085e-07	7.197788697788698	105.03411928222238	COX8A;VKORC1;PRDX4;TPI1;SSR4;GSTP1;TMSB4X;NME2;UQCR11;PLIN2;TGFBI;S100A11	1.3138919414130085e-06
SRRS_d7_wound_alignment	100	Ligand_Perturbations_from_GEO_up	88	estradiol human endometrial cancer cells GSE56946 ligand:225	4.606473738818516e-07	8.0476688192915	117.42058226637226	COX8A;EEF1B2;TPM4;TNFRSF12A;GSTP1;TMSB4X;COTL1;SEC61B;ACTB;MYL12A;ACTG1	1.3138919414130085e-06
SRRS_d7_wound_alignment	100	Ligand_Perturbations_from_GEO_up	89	TGF-beta human prostate fibroblasts GSE68164 ligand:240	4.6689162935283507e-07	9.179271708683473	133.80779190343617	RCN3;TAGLN;POSTN;TUBB3;TNC;FN1;COL6A3;SH3BGRL3;PPIB;CTHRC1	1.316739314242265e-06
SRRS_d7_wound_alignment	100	Ligand_Perturbations_from_GEO_up	90	estradiol human endometrial cancer cells GSE56946 ligand:221	4.907107385895679e-07	7.993733081173286	116.12824597335307	EEF1B2;TNFRSF12A;GSTO1;C1QBP;COTL1;NME2;UQCR10;ACTB;MYL12A;AP2M1;ACTG1	1.3685377265109059e-06
SRRS_d7_wound_alignment	100	Ligand_Perturbations_from_GEO_up	91	retinoic acid mouse CD4+ T cells pooled from spleen and mesenteric/peripheral lymph nodes GDS3840 ligand:73	8.091261339373367e-07	6.803882817949314	95.44018042179106	COX8A;PRELID1;TUBA1B;LGALS1;COTL1;AP2S1;SH3BGRL3;VDAC1;P4HB;PPIB;PFN1;S100A11	2.231765490310676e-06
SRRS_d7_wound_alignment	100	Ligand_Perturbations_from_GEO_up	92	nitric oxide human CD3+ T cells GDS4188 ligand:280	1.2771475994252645e-06	11.44927536231884	155.37675811114764	TPI1;CXCL8;PKM;BASP1;PGAM1;MIF;ENO1;GAPDH	3.484391820171102e-06
SRRS_d7_wound_alignment	100	Ligand_Perturbations_from_GEO_up	93	estradiol human endometrial cancer cells GSE56946 ligand:217	2.08052967347546e-06	6.8439698252538435	89.53889101372228	COX8A;EEF1B2;MZT2B;LSM7;TPM4;TNFRSF12A;NME2;UQCR10;MIF;MYL12A;ACTG1	5.615192989702586e-06
SRRS_d7_wound_alignment	100	Ligand_Perturbations_from_GEO_up	94	interleukin-10 human PBMC GDS4551 ligand:141	2.4612757086877632e-06	7.566358024691358	97.71823337108623	TUBA1C;TUBA1B;LGALS1;BASP1;TUBB3;CFL1;TIMP1;PFN1;ACTG1;CTSB	6.502949504006617e-06
SRRS_d7_wound_alignment	100	Ligand_Perturbations_from_GEO_up	95	interleukin-10 human PBMC GSE59184 ligand:143	2.4612757086877632e-06	7.566358024691358	97.71823337108623	TUBA1C;TUBA1B;LGALS1;BASP1;TUBB3;CFL1;TIMP1;PFN1;ACTG1;CTSB	6.502949504006617e-06
SRRS_d7_wound_alignment	100	Ligand_Perturbations_from_GEO_up	96	17beta-estradiol mouse uterus GSE38800 ligand:121	2.565614272193087e-06	6.689563945345327	86.11684799788345	FKBP11;TUBA1C;LGALS1;TPM4;TNFRSF12A;SPHK1;PGAM1;CKAP4;ACTG1;CTSB;SRM	6.708012315838175e-06
SRRS_d7_wound_alignment	100	Ligand_Perturbations_from_GEO_up	97	estradiol human endometrial cancer cells GSE56946 ligand:224	2.691381197808625e-06	7.487208858342879	96.02686807265223	COX8A;EIF5A;TPI1;SH3BGRL3;UQCR10;MIF;ENO1;P4HB;GAPDH;PTMS	6.964295676803763e-06
SRRS_d7_wound_alignment	100	Ligand_Perturbations_from_GEO_up	98	17beta-estradiol mouse thymus GDS1275 ligand:271	3.1111141050519163e-06	12.618370694368508	160.00762388599009	EIF5A;TUBA1B;RAC1;PFN1;GAPDH;ACTB;PTMS	7.968261636408479e-06
SRRS_d7_wound_alignment	100	Ligand_Perturbations_from_GEO_up	99	estradiol human endometrial cancer cells GSE56946 ligand:218	3.208333577544488e-06	7.333707444818556	92.76963094925186	MZT2B;LDHB;C1QBP;NME2;UQCR10;MIF;SEC61B;PPIB;PSMA7;NME1	8.134259878420873e-06
SRRS_d7_wound_alignment	100	Ligand_Perturbations_from_GEO_up	100	17beta-estradiol rat ischemic cerebral cortex GDS2311 ligand:263	3.566904457797402e-06	6.452742894910774	80.94199657779292	BASP1;PGAM1;NME2;THY1;TIMP1;RABAC1;PDIA6;ACTB;AP2M1;ACTG1;NME1	8.952930189071478e-06
SRRS_d7_wound_alignment	100	Ligand_Perturbations_from_GEO_down	1	estradiol human endothelial cells GSE29881 ligand:129	1.6312253346315736e-38	36.626038205980066	3186.7913711953333	TAGLN;GSTP1;ACTB;LDHB;TUBA1C;TUBA1B;BASP1;TUBB3;S100A16;CFL1;AP2S1;SH3BGRL3;TIMP1;TMSB10;S100A11;CTSB;CTHRC1;OST4;PPP1R14B;TPI1;TPM4;MIF;INHBA;PDIA6;CKAP4;RCN1;PKM;OSTC;COL5A2;KDELR2;TGFBI;CALR;P4HB;PPIB;PFN1;GAPDH	3.6865692562673566e-36
SRRS_d7_wound_alignment	100	Ligand_Perturbations_from_GEO_down	2	Anti-Mullerian hormone rat ovary GDS3199 ligand:249	1.1952298353306205e-24	28.37923576063446	1563.2334148402765	COX8A;EIF5A;TPI1;SSR4;GSTP1;NME2;MIF;YBX1;ACTB;COL1A1;LGALS1;PKM;SEC61G;TMSB4X;CFL1;AP2S1;TIMP1;PFN1;RABAC1;TMSB10;GAPDH;S100A11;AP2M1;SERF2	1.350609713923601e-22
SRRS_d7_wound_alignment	100	Ligand_Perturbations_from_GEO_down	3	estradiol human endometrial cancer cells GSE56946 ligand:223	4.238798057176434e-20	20.66130884041332	921.6477247461123	COX8A;PPP1R14B;TPI1;SSR4;BRI3;GSTP1;NME2;MIF;PDIA6;MZT2B;TUBA1C;PRDX4;LGALS1;TUBB3;GUK1;C1QBP;CALR;PPIB;RABAC1;TMSB10;GAPDH;SERF2	3.1932278697395798e-18
SRRS_d7_wound_alignment	100	Ligand_Perturbations_from_GEO_down	4	estradiol human breast epithelial cells GSE23500 ligand:130	3.782522100219134e-18	19.72991967871486	791.4882331301179	PPP1R14B;CXCL8;TNFRSF12A;TPM2;TNC;ENO1;COL1A1;COL3A1;LGALS1;BASP1;TUBB3;S100A16;OSTC;SEC61G;COL5A2;COL6A3;P4HB;PFN1;TMSB10;CTHRC1	2.1371249866238107e-16
SRRS_d7_wound_alignment	100	Ligand_Perturbations_from_GEO_down	5	testosterone human skeletal muscle GDS2920 ligand:62	1.1525272577361486e-17	16.90909090909091	659.488184980416	LUM;FN1;UQCR10;MIF;ACTB;ACTG1;COL1A1;EEF1B2;LDHB;TUBA1C;COL3A1;TUBA1B;PKM;TMSB4X;COL5A2;CFL1;COL6A3;PFN1;TMSB10;GAPDH;SERF2	4.341186004139493e-16
SRRS_d7_wound_alignment	100	Ligand_Perturbations_from_GEO_down	6	17beta-estradiol mouse uterus GDS1058 ligand:31	1.1525272577361486e-17	16.90909090909091	659.488184980416	TAGLN;POSTN;TPI1;TPM4;LUM;GSTO1;UQCR11;YBX1;MYL12A;ATOX1;TUBA1C;COL3A1;TUBA1B;LGALS1;PKM;CFL1;RAC1;PPIB;RABAC1;TMSB10;S100A11	4.341186004139493e-16
SRRS_d7_wound_alignment	100	Ligand_Perturbations_from_GEO_down	7	interleukin-1 rat chondrocyte GDS2472 ligand:228	1.9976976058660033e-17	16.421475062891826	631.4377587445249	VKORC1;TAGLN;TPI1;TPM4;TPM2;MIF;ACTB;COL1A1;RCN3;TUBA1C;COL3A1;LGALS1;OSTC;COL5A2;KDELR2;SEC61B;PFN1;S100A11;AP2M1;SERF2;CTHRC1	6.449709413224525e-16
SRRS_d7_wound_alignment	100	Ligand_Perturbations_from_GEO_down	8	estradiol human endometrial cancer cells GSE56946 ligand:224	3.0072560688098046e-17	17.581541218637994	668.8531400885172	PPP1R14B;TNFRSF12A;BRI3;GSTP1;NME2;UQCR11;PDIA6;ACTB;MYL12A;ACTG1;LDHB;TUBA1C;LSM7;TUBA1B;PRDX4;GUK1;C1QBP;TMSB4X;CALR;SERF2	8.495498394387698e-16
SRRS_d7_wound_alignment	100	Ligand_Perturbations_from_GEO_down	9	17beta-estradiol mouse uterus GDS1058 ligand:32	3.813933764996569e-17	21.405699106496016	809.2485647671391	VKORC1;POSTN;TPI1;LUM;GSTP1;THY1;YBX1;PTMS;COL1A1;COL3A1;TMSB4X;COL5A2;TGFBI;RAC1;PPIB;RABAC1;TMSB10;S100A11	9.577211454324718e-16
SRRS_d7_wound_alignment	100	Ligand_Perturbations_from_GEO_down	10	Interleukin-1 human epidermal keratinocyte GDS3011 ligand:227	1.2704082208348358e-16	17.858072542827063	653.641585615465	TAGLN;TNFRSF12A;GSTP1;YBX1;PDIA6;ACTB;NME1;SRM;LDHB;TUBA1B;PKM;GUK1;TMSB4X;CFL1;TGFBI;TIMP1;P4HB;GAPDH;AP2M1	2.871122579086729e-15
SRRS_d7_wound_alignment	100	Ligand_Perturbations_from_GEO_down	11	Thyroid hormone human Endometrial cells GDS4987 ligand:168	1.9220273747477373e-16	14.551749813849591	526.5984448288508	TAGLN;GSTO1;GSTP1;FN1;UQCR11;UQCR10;MIF;ENO1;MYL12A;ATOX1;ACTG1;LSM7;PRDX4;LGALS1;COL5A2;KDELR2;TGFBI;SEC61B;P4HB;GAPDH;AP2M1	3.9488926062998965e-15
SRRS_d7_wound_alignment	100	Ligand_Perturbations_from_GEO_down	12	17beta-estradiol human U2OS osteosarcoma cell line GDS1094 ligand:44	2.5416910611629284e-15	16.517241379310345	555.0775344696262	TPI1;PGAM1;INHBA;ENO1;ACTB;NME1;SRM;LDHB;PKM;TUBB3;CFL1;SH3BGRL3;VDAC1;TIMP1;TMSB10;GAPDH;S100A11;AP2M1	4.786851498523515e-14
SRRS_d7_wound_alignment	100	Ligand_Perturbations_from_GEO_down	13	transforming growth factor-beta human fibroblasts GDS4574 ligand:18	2.999435523842708e-15	18.238183503243743	609.8912813443736	LUM;ENO1;ACTB;MYL12A;ACTG1;EEF1B2;TUBA1B;LGALS1;PKM;TUBB3;TMSB4X;CFL1;RAB13;SH3BGRL3;PPIB;TMSB10;GAPDH	5.2144032952957844e-14
SRRS_d7_wound_alignment	100	Ligand_Perturbations_from_GEO_down	14	17beta-estradiol mouse uterus GDS1058 ligand:34	2.7343148901895546e-14	15.779116465863455	492.7867049816302	VKORC1;POSTN;LUM;BRI3;THY1;YBX1;ACTB;PTMS;COL1A1;COL3A1;TUBA1B;TMSB4X;COL5A2;CFL1;TGFBI;RABAC1;TMSB10	4.4139654655917093e-13
SRRS_d7_wound_alignment	100	Ligand_Perturbations_from_GEO_down	15	estradiol mouse uterus GSE23241 ligand:148	3.4009910565920586e-14	14.055954088952655	435.90499712621727	COX8A;TAGLN;LUM;GSTO1;TPM2;UQCR11;UQCR10;THY1;YBX1;COL1A1;RCN3;LDHB;COL3A1;LGALS1;TMSB4X;SH3BGRL3;TGFBI;RABAC1	5.124159858598701e-13
SRRS_d7_wound_alignment	100	Ligand_Perturbations_from_GEO_down	16	estradiol mouse uterus GSE23072 ligand:78	5.314526023421288e-14	11.539099526066352	352.7012021594134	COX8A;TAGLN;POSTN;TPM4;LUM;TPM2;NME2;UQCR10;CKAP4;ACTG1;PTMS;COL1A1;LDHB;TUBA1C;LGALS1;SEC61G;C1QBP;TGFBI;SEC61B;P4HB	7.506768008082569e-13
SRRS_d7_wound_alignment	100	Ligand_Perturbations_from_GEO_down	17	Interleukin-6 mouse macrophage (SOCS3 KO) GSE411 ligand:234	6.036323484501141e-14	13.560590905593598	412.7626382826547	TPM4;BRI3;GSTO1;ARPC1B;MYL12A;ATOX1;ACTG1;PTMS;TUBA1C;TUBA1B;PRDX4;LGALS1;GNG5;TUBB3;TMSB4X;PLIN2;TMSB10;S100A11	8.024759455866224e-13
SRRS_d7_wound_alignment	100	Ligand_Perturbations_from_GEO_down	18	estradiol human endometrial cancer cells GSE56946 ligand:218	9.246195971957728e-14	14.56294744194168	437.06287398892727	TNFRSF12A;ARPC1B;GSTP1;ENO1;PDIA6;ACTB;MYL12A;ACTG1;PTMS;TUBA1C;TUBA1B;LGALS1;GUK1;P4HB;RABAC1;GAPDH;SERF2	1.1609112720346925e-12
SRRS_d7_wound_alignment	100	Ligand_Perturbations_from_GEO_down	19	leptin mouse gallbladder GDS1509 ligand:278	1.477685711670501e-13	12.820167455405898	378.74786162055256	EIF5A;TAGLN;TPM4;TNFRSF12A;PGAM1;NME2;UQCR11;MYL12A;ACTG1;TUBA1B;LGALS1;C1QBP;CFL1;VDAC1;PLIN2;P4HB;PFN1;GAPDH	1.7576682675659644e-12
SRRS_d7_wound_alignment	100	Ligand_Perturbations_from_GEO_down	20	estradiol human endometrial cancer cells GSE56946 ligand:220	3.1416161542557346e-13	12.225766103814884	351.9659768631155	COX8A;BRI3;GSTO1;NME2;PDIA6;ACTB;MYL12A;ACTG1;PTMS;LDHB;BASP1;OSTC;C1QBP;TMSB4X;SH3BGRL3;SEC61B;P4HB;GAPDH	3.5500262543089803e-12
SRRS_d7_wound_alignment	100	Ligand_Perturbations_from_GEO_down	21	17beta-estradiol human U2OS osteosarcoma cell line GDS1094 ligand:45	3.397519711383102e-13	14.851095993953138	426.3832906221885	TPI1;TPM2;GSTP1;UQCR10;INHBA;ENO1;NME1;SRM;EEF1B2;LDHB;RCN1;PKM;TUBB3;COTL1;TMSB10;S100A11	3.65637835605991e-12
SRRS_d7_wound_alignment	100	Ligand_Perturbations_from_GEO_down	22	estradiol mouse urogenital sinus mesenchymal cells GSE16854 ligand:152	7.839104531232151e-13	14.006063848760478	390.4117690272355	POSTN;LUM;GSTP1;FN1;NME2;ACTB;RCN3;LDHB;COL3A1;TUBA1B;LGALS1;BASP1;TMSB4X;COL5A2;SH3BGRL3;TIMP1	8.052898291174846e-12
SRRS_d7_wound_alignment	100	Ligand_Perturbations_from_GEO_down	23	17beta-estradiol mouse uterus GDS1058 ligand:37	8.484284805217205e-13	15.642289348171701	434.7835423591033	VKORC1;GSTP1;SSR3;ACTB;PTMS;SRM;COL1A1;TUBA1C;TUBA1B;PRDX4;LGALS1;PKM;TUBB3;CFL1;TGFBI	8.336732025996035e-12
SRRS_d7_wound_alignment	100	Ligand_Perturbations_from_GEO_down	24	estradiol human MCF-7 cells GSE23610 ligand:131	1.0814068016632398e-12	15.362311296199897	423.2740505083015	COX8A;ARPC1B;ACTB;MYL12A;ATOX1;ACTG1;LGALS1;BASP1;S100A16;CFL1;RAB13;TIMP1;PFN1;TMSB10;S100A11	1.018324738232884e-11
SRRS_d7_wound_alignment	100	Ligand_Perturbations_from_GEO_down	25	interleukin-2 mouse Cytotoxic T cell line GDS3222 ligand:210	1.3151631452014453e-12	17.25406351587897	472.0204576320484	EIF5A;GSTO1;ARPC1B;THY1;ACTG1;LGALS1;SEC61G;TMSB4X;CFL1;SH3BGRL3;PPIB;PFN1;RABAC1;TMSB10	1.1889074832621064e-11
SRRS_d7_wound_alignment	100	Ligand_Perturbations_from_GEO_down	26	interleukin-2 mouse Cytotoxic T cell line GDS3222 ligand:203	2.349757434642552e-12	11.747977246228315	314.5721682065636	BRI3;GSTP1;SSR3;THY1;PTMS;TUBA1B;LGALS1;GNG5;SEC61G;C1QBP;AP2S1;VDAC1;PLIN2;CALR;PPIB;RABAC1;S100A11	2.0424814624200642e-11
SRRS_d7_wound_alignment	100	Ligand_Perturbations_from_GEO_down	27	17beta-estradiol mouse stomach GSE29715 ligand:128	3.811513769576211e-12	13.983870967741936	367.67784511235874	TNFRSF12A;ARPC1B;GSTP1;ACTG1;TUBA1C;GNG5;SEC61G;TMSB4X;SH3BGRL3;PLIN2;P4HB;TMSB10;GAPDH;S100A11;CTSB	3.19037819231194e-11
SRRS_d7_wound_alignment	100	Ligand_Perturbations_from_GEO_down	28	Interleukin 1&Icirc;&sup2; rat insulinoma cell line GDS4332 ligand:191	8.00894004572387e-12	13.227211495285138	337.9613738357983	COX8A;EIF5A;PRELID1;PPP1R14B;TPM4;MIF;ACTB;PTMS;TUBA1C;PKM;CFL1;VDAC1;PFN1;RABAC1;GAPDH	6.316153371942072e-11
SRRS_d7_wound_alignment	100	Ligand_Perturbations_from_GEO_down	29	estradiol human endometrial cancer cells GSE56946 ligand:226	8.104798574615933e-12	10.811136437642462	276.10090861535423	PPP1R14B;TPI1;ENO1;PDIA6;ACTB;MYL12A;PSMA7;ACTG1;NME1;PTMS;LDHB;TUBA1C;PRDX4;C1QBP;COTL1;P4HB;PPIB	6.316153371942072e-11
SRRS_d7_wound_alignment	100	Ligand_Perturbations_from_GEO_down	30	Interleukin 1&Icirc;&sup2; rat insulinoma cell line GDS4332 ligand:188	1.0337036053254864e-11	12.976206212822207	328.23687247753236	COX8A;EIF5A;PRELID1;TPM4;SSR4;NME2;MIF;ENO1;ACTB;TUBA1C;PKM;CFL1;PFN1;RABAC1;GAPDH	7.78723382678533e-11
SRRS_d7_wound_alignment	100	Ligand_Perturbations_from_GEO_down	31	17beta-estradiol human U2OS osteosarcoma cell line GDS1094 ligand:46	1.0871736174733675e-11	12.927129060579455	326.34349489826695	TPI1;TPM2;UQCR10;MIF;THY1;NME1;COL1A1;LDHB;RCN1;TUBB3;RAB13;COTL1;VDAC1;TMSB10;S100A11	7.925846372547777e-11
SRRS_d7_wound_alignment	100	Ligand_Perturbations_from_GEO_down	32	Interleukin-6 mouse macrophage (SOCS3 KO) GSE411 ligand:233	1.1431840143449914e-11	12.878416794226984	324.4668000577272	BRI3;ARPC1B;YBX1;ACTB;ATOX1;PTMS;TUBA1C;TUBA1B;PKM;BASP1;TMSB4X;CFL1;PLIN2;RABAC1;GAPDH	8.073737101311502e-11
SRRS_d7_wound_alignment	100	Ligand_Perturbations_from_GEO_down	33	estrogen mouse lungs from ovariectomized animals GDS960 ligand:49	1.2127288543829659e-11	10.521242866201648	264.45736238651216	EIF5A;POSTN;TPM4;GSTP1;SSR3;FN1;ACTG1;PTMS;COL1A1;LSM7;TUBA1B;LGALS1;S100A16;P4HB;RAC1;GAPDH;AP2M1	8.244472358287085e-11
SRRS_d7_wound_alignment	100	Ligand_Perturbations_from_GEO_down	34	estradiol human endometrial cancer cells GSE56946 ligand:217	1.2403188503617738e-11	14.429708778545988	362.37425112348393	PPP1R14B;TPI1;BRI3;ARPC1B;ENO1;PDIA6;ACTB;TUBA1C;TUBA1B;LGALS1;P4HB;PFN1;GAPDH;SERF2	8.244472358287085e-11
SRRS_d7_wound_alignment	100	Ligand_Perturbations_from_GEO_down	35	morphogenetic protein 4 (BMP-4) mouse C3H10T1/2 (10T1/2) stem cells committed to the adipocyte lineage GDS3025 ligand:8	2.5179694504657885e-11	10.957983193277311	267.42939595528634	TPM4;LUM;MYL12A;EEF1B2;RCN3;COL3A1;PRDX4;BASP1;SEC61G;TMSB4X;COL6A3;PPIB;RABAC1;TMSB10;S100A11;CTSB	1.625888845157909e-10
SRRS_d7_wound_alignment	100	Ligand_Perturbations_from_GEO_down	36	Interleukin 1&Icirc;&sup2; rat insulinoma cell line (Pdx1 overexpression) GDS4332 ligand:204	3.001799953638785e-11	11.974964380215754	290.144093517697	VKORC1;TPM4;SSR4;GSTO1;NME2;MIF;ENO1;YBX1;ACTB;NME1;EEF1B2;TUBA1C;PKM;CFL1;GAPDH	1.8844633042287928e-10
SRRS_d7_wound_alignment	100	Ligand_Perturbations_from_GEO_down	37	neuromedin U mouse type-2 Th cell line D10.G4.1 GDS882 ligand:19	7.836570642687527e-11	14.14655172413793	329.1850909177674	ARPC1B;YBX1;ACTB;PSMA7;TUBA1C;TUBA1B;LGALS1;GNG5;BASP1;OSTC;RAC1;PPIB;GAPDH	4.786662068236165e-10
SRRS_d7_wound_alignment	100	Ligand_Perturbations_from_GEO_down	38	estradiol human endometrial cancer cells GSE56946 ligand:225	1.754314641646459e-10	11.660329315905619	261.93498697340004	PPP1R14B;TPI1;BRI3;NME2;ENO1;NME1;LDHB;TUBA1C;LSM7;TUBA1B;PRDX4;SH3BGRL3;P4HB;GAPDH	1.0433555500318415e-09
SRRS_d7_wound_alignment	100	Ligand_Perturbations_from_GEO_down	39	estradiol mouse uterus GSE23072 ligand:77	2.7935342913338355e-10	9.215171924849344	202.72035920193957	PPP1R14B;LUM;TPM2;SPHK1;GSTP1;THY1;YBX1;CKAP4;ACTG1;PTMS;LDHB;TUBA1C;C1QBP;VDAC1;TGFBI;P4HB	1.6087066558660591e-09
SRRS_d7_wound_alignment	100	Ligand_Perturbations_from_GEO_down	40	neuromedin U mouse type-2 Th cell line D10.G4.1 GDS882 ligand:22	2.8472684174620515e-10	10.091847265221878	221.81366457790952	PPP1R14B;TPI1;GSTO1;GSTP1;SSR3;MYL12A;PTMS;TUBA1C;TUBA1B;PKM;GNG5;CFL1;RAC1;RABAC1;GAPDH	1.6087066558660591e-09
SRRS_d7_wound_alignment	100	Ligand_Perturbations_from_GEO_down	41	retinoic acid mouse CD4+ T cells pooled from spleen and mesenteric/peripheral lymph nodes GDS3840 ligand:73	2.9355448120556904e-10	14.531941031941033	318.96096144994766	EEF1B2;EIF5A;PKM;BASP1;C1QBP;PGAM1;TMSB4X;TIMP1;GAPDH;ACTB;NME1;SRM	1.6181295793282585e-09
SRRS_d7_wound_alignment	100	Ligand_Perturbations_from_GEO_down	42	interleukin-13 human esophageal epithelial cells GDS3223 ligand:205	4.412322357035382e-10	10.81868348443043	233.05012683055924	ARPC1B;FN1;MIF;ACTB;CKAP4;ACTG1;TUBA1C;TUBA1B;LGALS1;S100A16;TGFBI;GAPDH;S100A11;CTSB	2.3742496492618964e-09
SRRS_d7_wound_alignment	100	Ligand_Perturbations_from_GEO_down	43	nitric oxide human CD3+ T cells GDS4188 ligand:280	6.081337569244928e-10	8.70735524256651	184.77553134355946	ARPC1B;YBX1;ACTB;NME1;EEF1B2;LDHB;TUBA1C;TUBA1B;OSTC;C1QBP;TMSB4X;CFL1;SEC61B;PPIB;TMSB10;SERF2	3.196237885231055e-09
SRRS_d7_wound_alignment	100	Ligand_Perturbations_from_GEO_down	44	17beta-estradiol mouse uterus GDS1058 ligand:33	7.722739312494441e-10	11.603789014583617	243.4670087274757	VKORC1;POSTN;LUM;BRI3;THY1;PTMS;COL1A1;COL3A1;TMSB4X;COL5A2;TGFBI;RABAC1;TMSB10	3.966679737781236e-09
SRRS_d7_wound_alignment	100	Ligand_Perturbations_from_GEO_down	45	17beta-estradiol rat ischemic cerebral cortex GDS2311 ligand:263	8.017852233077259e-10	13.231303179579042	277.11879999630133	COX8A;TUBA1C;TUBA1B;MAP2K2;LGALS1;TPI1;PKM;GUK1;TMSB4X;CFL1;UQCR11;ENO1	4.026743565945468e-09
SRRS_d7_wound_alignment	100	Ligand_Perturbations_from_GEO_down	46	Interleukin 1&Icirc;&sup2; rat insulinoma cell line GDS4332 ligand:182	1.1588033006400386e-09	11.200052645433008	230.45091684517598	COX8A;EIF5A;PRELID1;UQCR11;ACTB;PSMA7;TUBA1C;SEC61G;CFL1;KDELR2;VDAC1;PFN1;GAPDH	5.693250998796711e-09
SRRS_d7_wound_alignment	100	Ligand_Perturbations_from_GEO_down	47	Calcitriol mouse Spinal cord tissue GDS510 ligand:167	1.4897054163623693e-09	12.485200845665961	253.75780485966777	EEF1B2;LDHB;TUBA1C;TUBA1B;TPI1;TUBB3;CFL1;THY1;PFN1;GAPDH;AP2M1;PTMS	7.163264342508415e-09
SRRS_d7_wound_alignment	100	Ligand_Perturbations_from_GEO_down	48	growth hormone mouse 3T3-F442A adipocytes GDS1489 ligand:10	1.5593434994287391e-09	8.851202177529109	179.493537260185	VKORC1;BRI3;GSTO1;GSTP1;SSR3;FN1;PDIA6;ATOX1;COL1A1;GNG5;COL6A3;RAC1;RABAC1;GAPDH;CTSB	7.34190897647698e-09
SRRS_d7_wound_alignment	100	Ligand_Perturbations_from_GEO_down	49	Interleukin-6 mouse macrophage GSE411 ligand:230	2.2073610108992622e-09	10.585459977592432	210.9837583716358	BRI3;ARPC1B;YBX1;PTMS;LGALS1;PKM;TUBB3;CFL1;PLIN2;PPIB;GAPDH;AP2M1;CTSB	1.0180889560474149e-08
SRRS_d7_wound_alignment	100	Ligand_Perturbations_from_GEO_down	50	Interleukin 1&Icirc;&sup2; rat insulinoma cell line GDS4332 ligand:184	2.4997605302639345e-09	10.470443349753694	207.38881375740084	EIF5A;PRELID1;TPM4;SSR4;ACTB;TUBA1C;CFL1;KDELR2;VDAC1;PFN1;RABAC1;GAPDH;AP2M1	1.1077370192934299e-08
SRRS_d7_wound_alignment	100	Ligand_Perturbations_from_GEO_down	51	17beta-estradiol mouse uterus GDS1058 ligand:36	2.4997605302639345e-09	10.470443349753694	207.38881375740084	POSTN;GSTP1;THY1;ACTB;SRM;TUBA1C;LSM7;TUBA1B;LGALS1;PKM;TUBB3;CFL1;TGFBI	1.1077370192934299e-08
SRRS_d7_wound_alignment	100	Ligand_Perturbations_from_GEO_down	52	Interleukin-1 beta mouse embryonic fibroblasts from IRAK-4 kinase deficient mutants GDS2641 ligand:60	4.24260866563254e-09	11.313578826237054	218.10416261328965	COL1A1;EEF1B2;LGALS1;TPM2;PGAM1;SH3BGRL3;SEC61B;P4HB;TMSB10;GAPDH;CKAP4;AP2M1	1.84390299698645e-08
SRRS_d7_wound_alignment	100	Ligand_Perturbations_from_GEO_down	53	estrogen mouse right lung from ovariectomized animals GDS960 ligand:50	7.2326289408858686e-09	8.592708988057826	161.06743639717038	TAGLN;SSR3;FN1;YBX1;ACTB;ACTG1;COL1A1;COL3A1;TMSB4X;CALR;P4HB;RAC1;GAPDH;S100A11	3.084102152151333e-08
SRRS_d7_wound_alignment	100	Ligand_Perturbations_from_GEO_down	54	estradiol human estrogen receptor (ER)-positive MCF7 breast cancer cells GDS3217 ligand:39	8.234619922045522e-09	12.235955056179776	227.77130771097507	TUBA1C;LGALS1;GNG5;BASP1;S100A16;TMSB4X;ENO1;TMSB10;GAPDH;ACTB;ACTG1	3.44634093033757e-08
SRRS_d7_wound_alignment	100	Ligand_Perturbations_from_GEO_down	55	estradiol human endometrial cancer cells GSE56946 ligand:222	1.0082025511009448e-08	10.42253272019809	191.90500514292066	COX8A;MZT2B;OST4;LSM7;TUBA1B;LGALS1;BRI3;GUK1;COTL1;UQCR10;MIF;SERF2	4.142795937251155e-08
SRRS_d7_wound_alignment	100	Ligand_Perturbations_from_GEO_down	56	interleukin-33 mouse CD8 T cells GSE72791 ligand:237	1.0399374234766316e-08	7.627450980392157	140.20414428846215	EIF5A;PRELID1;TPI1;ARPC1B;GSTP1;SSR3;MYL12A;EEF1B2;PKM;COTL1;AP2S1;PPIB;PFN1;RABAC1;SERF2	4.196890316173549e-08
SRRS_d7_wound_alignment	100	Ligand_Perturbations_from_GEO_down	57	17beta-estradiol mouse uterus GSE1839 ligand:157	1.0782354708213621e-08	9.201402443432372	168.8029930553679	VKORC1;POSTN;TPM4;GSTP1;THY1;SRM;TUBA1C;LSM7;COL3A1;TUBA1B;LGALS1;TGFBI;RAC1	4.275109059747857e-08
SRRS_d7_wound_alignment	100	Ligand_Perturbations_from_GEO_down	58	EPO human CD34+ derived erythoblast GDS4557 ligand:165	1.2889621344661291e-08	10.181645350846871	184.9683566057642	COX8A;EEF1B2;LDHB;SSR4;TMSB4X;AP2S1;UQCR11;TIMP1;YBX1;PFN1;GAPDH;AP2M1	5.022507627402503e-08
SRRS_d7_wound_alignment	100	Ligand_Perturbations_from_GEO_down	59	17beta-estradiol mouse uterus GSE6931 ligand:86	1.3420468430340465e-08	10.142561983471074	183.84899563275047	VKORC1;TUBA1B;LUM;BRI3;GSTP1;TGFBI;THY1;RABAC1;TMSB10;ACTB;ATOX1;PTMS	5.1407218055202456e-08
SRRS_d7_wound_alignment	100	Ligand_Perturbations_from_GEO_down	60	interleukin-15 human PBMC GSE59184 ligand:144	1.5132983209121074e-08	10.027068437180796	180.55129638170393	EEF1B2;LGALS1;GNG5;CFL1;COTL1;FN1;SH3BGRL3;TGFBI;TIMP1;YBX1;GAPDH;ACTB	5.700090342102271e-08
SRRS_d7_wound_alignment	100	Ligand_Perturbations_from_GEO_down	61	growth hormone mouse 3T3-F442A adipocytes GDS1489 ligand:12	7.320697350691248e-08	8.617302052785924	141.5820586220344	TUBA1C;POSTN;COL3A1;TPI1;PKM;ARPC1B;PGAM1;GSTP1;CFL1;PLIN2;GAPDH;S100A11	2.712258362715118e-07
SRRS_d7_wound_alignment	100	Ligand_Perturbations_from_GEO_down	62	Interleukin-21 mouse CD8+ T cells GDS1030 ligand:231	9.559279754183072e-08	8.397084048027445	135.7234831950218	LSM7;TUBA1B;LGALS1;TPM4;BRI3;TMSB4X;COTL1;SH3BGRL3;CALR;THY1;RABAC1;TMSB10	3.4845116523312487e-07
SRRS_d7_wound_alignment	100	Ligand_Perturbations_from_GEO_down	63	estradiol human endometrial cancer cells GSE56946 ligand:221	1.9361368026361696e-07	8.820224719101123	136.33775041161974	MZT2B;LDHB;TUBA1C;LSM7;TPI1;BASP1;BRI3;GSTP1;MIF;PDIA6;GAPDH	6.892137898011543e-07
SRRS_d7_wound_alignment	100	Ligand_Perturbations_from_GEO_down	64	estradiol mouse uterus GSE24525 ligand:139	1.9788360541966154e-07	7.821514262863237	120.729662550577	RCN3;VKORC1;LDHB;TAGLN;LUM;TPM2;GSTP1;TMSB4X;TGFBI;THY1;YBX1;RABAC1	6.892137898011543e-07
SRRS_d7_wound_alignment	100	Ligand_Perturbations_from_GEO_down	65	estradiol mouse uterus GSE56423 ligand:92	1.9822520503130543e-07	10.12551440329218	156.2757925206551	COL1A1;LDHB;TAGLN;COL3A1;LUM;GSTO1;TMSB4X;PLIN2;TGFBI;RABAC1	6.892137898011543e-07
SRRS_d7_wound_alignment	100	Ligand_Perturbations_from_GEO_down	66	Interleukin 1&Icirc;&sup2; rat insulinoma cell line (Pdx1 overexpression) GDS4332 ligand:200	2.3029651729821567e-07	8.66051364365971	132.3664084796845	VKORC1;PPP1R14B;TPM4;GSTO1;CFL1;KDELR2;VDAC1;GAPDH;ACTB;AP2M1;ACTG1	7.885911046878294e-07
SRRS_d7_wound_alignment	100	Ligand_Perturbations_from_GEO_down	67	interleukin-12 mouse CD8 T cells GSE72791 ligand:236	2.407325693098511e-07	6.947384303075193	105.87521325361953	PRELID1;TPI1;ARPC1B;GSTP1;SSR3;THY1;MYL12A;PKM;COTL1;AP2S1;SH3BGRL3;RABAC1;GAPDH	8.120232934929306e-07
SRRS_d7_wound_alignment	100	Ligand_Perturbations_from_GEO_down	68	estrogen mouse left lung from ovariectomized animals GDS960 ligand:51	3.3341570636596627e-07	8.328468280628595	124.2097411922666	TUBA1B;S100A16;BRI3;SH3BGRL3;P4HB;YBX1;ACTB;S100A11;ATOX1;ACTG1;PTMS	1.1036668041100111e-06
SRRS_d7_wound_alignment	100	Ligand_Perturbations_from_GEO_down	69	17beta-estradiol mouse mammary gland GSE6931 ligand:87	3.369602189539415e-07	7.42251202836161	110.61993062459887	VKORC1;TAGLN;GNG5;BRI3;GSTO1;PLIN2;RAC1;RABAC1;ACTB;S100A11;ACTG1;PTMS	1.1036668041100111e-06
SRRS_d7_wound_alignment	100	Ligand_Perturbations_from_GEO_down	70	interleukin-2 mouse Cytotoxic T cell line GDS3222 ligand:211	4.175643013767182e-07	9.297872340425531	136.5748409659222	LGALS1;PKM;TMSB4X;CFL1;SH3BGRL3;THY1;PPIB;RABAC1;S100A11;ACTG1	1.3481361730162616e-06
SRRS_d7_wound_alignment	100	Ligand_Perturbations_from_GEO_down	71	17beta-estradiol mouse thymus GSE2889 ligand:156	4.499103095029275e-07	9.218471636193156	134.72075030412142	LDHB;OSTC;SEC61G;TMSB4X;NME2;ENO1;GAPDH;ACTB;MYL12A;PSMA7	1.4321088725022764e-06
SRRS_d7_wound_alignment	100	Ligand_Perturbations_from_GEO_down	72	Thyroid hormone mouse Cerebellar neuronal cell GDS4484 ligand:169	5.025474882160516e-07	9.101851851851851	132.00939732136328	TUBA1B;LGALS1;TPM4;BASP1;TUBB3;COL6A3;TMSB10;S100A11;ACTG1;NME1	1.577440726900384e-06
SRRS_d7_wound_alignment	100	Ligand_Perturbations_from_GEO_down	73	17beta-estradiol human MCF-7 cells GSE11791 ligand:153	5.212537259854676e-07	9.063623789764868	131.12370744742233	PKM;GNG5;TNFRSF12A;S100A16;CFL1;RAB13;AP2S1;TMSB10;GAPDH;ACTB	1.6137444119550093e-06
SRRS_d7_wound_alignment	100	Ligand_Perturbations_from_GEO_down	74	Interleukin-6 mouse macrophage GSE411 ligand:232	6.891702172056221e-07	7.709368066986331	109.37879916079922	PRDX4;LGALS1;PKM;TUBB3;BRI3;ARPC1B;PLIN2;YBX1;TMSB10;ACTG1;PTMS	2.104763095790143e-06
SRRS_d7_wound_alignment	100	Ligand_Perturbations_from_GEO_down	75	Interleukin-1 beta mouse embryonic fibroblasts from IRAK-4 kinase deficient mutants GDS2641 ligand:59	8.248493933671579e-07	7.5625	105.9359917195807	EEF1B2;TAGLN;TUBA1B;TPM4;BRI3;TPM2;COL5A2;SEC61B;S100A11;CKAP4;NME1	2.4855461720130358e-06
SRRS_d7_wound_alignment	100	Ligand_Perturbations_from_GEO_down	76	Interleukin 1&Icirc;&sup2; rat insulinoma cell line (Pdx1 overexpression) GDS4332 ligand:202	8.550714204308335e-07	8.5599128540305	119.5997943698599	VKORC1;TPI1;TPM4;GSTO1;OSTC;MIF;ENO1;GAPDH;ACTB;ACTG1	2.5096901430827062e-06
SRRS_d7_wound_alignment	100	Ligand_Perturbations_from_GEO_down	77	fibroblast growth factor 2 (FGF2) human embryonic fibroblast GDS2422 ligand:9	8.550714204308335e-07	8.5599128540305	119.5997943698599	LGALS1;TPI1;BASP1;SEC61G;GSTP1;UQCR10;TMSB10;GAPDH;ATOX1;NME1	2.5096901430827062e-06
SRRS_d7_wound_alignment	100	Ligand_Perturbations_from_GEO_down	78	Interleukin 1&Icirc;&sup2; rat insulinoma cell line GDS4332 ligand:186	1.1961038737718463e-06	8.232704402515724	112.26478831001644	EIF5A;TPM4;SSR4;CFL1;KDELR2;MIF;PFN1;RABAC1;GAPDH;ACTB	3.465634300928683e-06
SRRS_d7_wound_alignment	100	Ligand_Perturbations_from_GEO_down	79	aldosterone mouse inner medullary collecting duct cell line mIMCD-3 GDS345 ligand:279	1.235980117048852e-06	8.201336675020885	111.5680831960063	TUBA1C;PRELID1;TUBA1B;GNG5;PGAM1;GSTP1;PLIN2;GAPDH;S100A11;ACTG1	3.535841853835957e-06
SRRS_d7_wound_alignment	100	Ligand_Perturbations_from_GEO_down	80	neuromedin U mouse type-2 Th cell line D10.G4.1 GDS882 ligand:20	1.4073323292298584e-06	8.078189300411523	108.84402502377213	TUBA1C;TPI1;PKM;ARPC1B;GSTP1;CFL1;RAC1;RABAC1;GAPDH;MYL12A	3.97571383007435e-06
SRRS_d7_wound_alignment	100	Ligand_Perturbations_from_GEO_down	81	17beta-estradiol mouse thymus GDS1275 ligand:272	1.6326605930918401e-06	6.340095465393794	84.48367162060056	COX8A;EEF1B2;LDHB;LGALS1;TPI1;OSTC;TNC;GAPDH;S100A11;PSMA7;NME1;SRM	4.555324617762418e-06
SRRS_d7_wound_alignment	100	Ligand_Perturbations_from_GEO_down	82	triiodothyronine (T3) human HepG2 cells GDS3945 ligand:69	1.870482374643528e-06	7.8140183193946635	103.06154282599454	TUBA1C;PRELID1;PKM;GNG5;SPHK1;CALR;TMSB10;ACTB;ACTG1;CTSB	5.155231910602894e-06
SRRS_d7_wound_alignment	100	Ligand_Perturbations_from_GEO_down	83	estradiol mouse BAL cells GSE52649 ligand:95	4.3830669118960105e-06	7.067821067821068	87.20109327745645	TUBA1B;LGALS1;TPI1;BRI3;ARPC1B;PLIN2;MIF;PFN1;ACTB;ACTG1	1.1934615928777089e-05
SRRS_d7_wound_alignment	100	Ligand_Perturbations_from_GEO_down	84	estriol mouse uterus GSE23241 ligand:150	6.465373440399007e-06	7.7111459968602825	92.1408674082214	COL1A1;VKORC1;LDHB;LUM;TPM2;PLIN2;TGFBI;THY1;RABAC1	1.7394933303930663e-05
SRRS_d7_wound_alignment	100	Ligand_Perturbations_from_GEO_down	85	interleukin-2 mouse Cytotoxic T cell line GDS3222 ligand:215	7.36601339161234e-06	8.92572463768116	105.48987198054958	EEF1B2;TMSB4X;CFL1;SH3BGRL3;PLIN2;TMSB10;S100A11;ACTG1	1.9584929723581045e-05
SRRS_d7_wound_alignment	100	Ligand_Perturbations_from_GEO_down	86	estradiol (E2) mouse uterine tissue GSE61921 ligand:288	9.011910194342333e-06	7.384490034680149	85.78535120315425	COL1A1;EEF1B2;LDHB;TAGLN;COL3A1;LUM;PLIN2;TGFBI;THY1	2.3682461673504268e-05
SRRS_d7_wound_alignment	100	Ligand_Perturbations_from_GEO_down	87	estradiol mouse uterus GSE23072 ligand:75	9.14299645073348e-06	8.652613087395697	100.39213705235892	COL1A1;LDHB;LUM;PLIN2;TGFBI;THY1;RABAC1;PTMS	2.3750772389261685e-05
SRRS_d7_wound_alignment	100	Ligand_Perturbations_from_GEO_down	88	interleukin-10 human PBMC GSE59184 ligand:142	1.0129764453085634e-05	7.2723793060871715	83.63259831694442	EEF1B2;EIF5A;CXCL8;GSTP1;TMSB4X;FN1;SH3BGRL3;YBX1;TMSB10	2.6015076890879017e-05
SRRS_d7_wound_alignment	100	Ligand_Perturbations_from_GEO_down	89	leptin mouse liver GDS3653 ligand:277	1.0427060563321851e-05	7.244874528456618	83.10672478729792	PRELID1;TUBA1B;LGALS1;UQCR10;MIF;ENO1;P4HB;GAPDH;S100A11	2.6477704351806048e-05
SRRS_d7_wound_alignment	100	Ligand_Perturbations_from_GEO_down	90	triiodothyronine (T3) human HepG2 cells GDS3945 ligand:66	1.136413463874417e-05	7.163578119297677	81.55768250371382	TUBA1B;SPHK1;ENO1;CALR;P4HB;PPIB;PDIA6;TMSB10;GAPDH	2.853660475951314e-05
SRRS_d7_wound_alignment	100	Ligand_Perturbations_from_GEO_down	91	17beta-estradiol mouse thymus GSE2889 ligand:154	1.1808214332235046e-05	5.649997362451865	64.1089106068721	LDHB;LGALS1;TPM4;OSTC;SH3BGRL3;GAPDH;MYL12A;SERF2;PSMA7;ACTG1;NME1	2.9325894935001324e-05
SRRS_d7_wound_alignment	100	Ligand_Perturbations_from_GEO_down	92	triiodothyronine (T3) human HepG2 cells GDS3945 ligand:71	1.2724838324392398e-05	7.057942057942058	79.556803159128	CFL1;AP2S1;ENO1;P4HB;PDIA6;AP2M1;PSMA7;CTSB;SRM	3.125884197079002e-05
SRRS_d7_wound_alignment	100	Ligand_Perturbations_from_GEO_down	93	TGF-beta1 mouse renal mesangial MES-13 cells GDS1892 ligand:15	1.3455803232066281e-05	7.006268100130916	78.58300418369083	COX8A;VKORC1;OST4;TUBA1B;TPI1;SEC61G;GSTP1;UQCR10;GAPDH	3.269904871448365e-05
SRRS_d7_wound_alignment	100	Ligand_Perturbations_from_GEO_down	94	17beta-estradiol human MCF-7 cells GSE5840 ligand:83	1.4222317376433642e-05	6.955334987593052	77.62639454339049	EEF1B2;GNG5;BASP1;S100A16;ARPC1B;RAB13;TIMP1;S100A11;MYL12A	3.4194082202914924e-05
SRRS_d7_wound_alignment	100	Ligand_Perturbations_from_GEO_down	95	Interleukin 1&Icirc;&sup2; rat insulinoma cell line (Pdx1 overexpression) GDS4332 ligand:206	1.5025787728472125e-05	6.905126901568183	76.68656234176603	TUBA1C;PKM;GSTO1;KDELR2;MIF;ENO1;GAPDH;ACTB;ACTG1	3.5745558175102104e-05
SRRS_d7_wound_alignment	100	Ligand_Perturbations_from_GEO_down	96	estradiol human estrogen receptor (ER)-positive MCF7 breast cancer cells GDS3217 ligand:40	1.586766347763023e-05	6.85562847046946	75.76310825886556	BASP1;S100A16;TMSB4X;ENO1;TMSB10;ACTB;S100A11;MYL12A;ACTG1	3.7355124436921166e-05
SRRS_d7_wound_alignment	100	Ligand_Perturbations_from_GEO_down	97	triiodothyronine (T3) human HepG2 cells GDS3945 ligand:70	1.8150277370973795e-05	6.7348901098901095	73.52361480595842	PKM;SEC61B;YBX1;PDIA6;TMSB10;GAPDH;ACTB;ACTG1;SRM	4.2288275111753385e-05
SRRS_d7_wound_alignment	100	Ligand_Perturbations_from_GEO_down	98	estradiol human endometrial cancer cells GSE56946 ligand:219	2.0950278100802787e-05	7.672840709689998	82.66226473146737	COX8A;MZT2B;LDHB;TPI1;SSR4;BRI3;MIF;GAPDH	4.8313906640626835e-05
SRRS_d7_wound_alignment	100	Ligand_Perturbations_from_GEO_down	99	17beta-estradiol mouse thymus GDS1275 ligand:271	2.553201896013802e-05	5.177160015497869	54.75145566898794	EEF1B2;LGALS1;GNG5;OSTC;SH3BGRL3;CALR;TMSB10;S100A11;MYL12A;PSMA7;SRM	5.828521499991104e-05
SRRS_d7_wound_alignment	100	Ligand_Perturbations_from_GEO_down	100	17beta-estradiol mouse vagina GSE6931 ligand:88	2.6734660543275945e-05	7.404103143233578	77.96187193238909	POSTN;BRI3;TMSB4X;THY1;YBX1;TMSB10;S100A11;PTMS	6.023571200300566e-05
SRRS_d7_wound_alignment	100	LINCS_L1000_Ligand_Perturbations_up	1	EPR-MCF10A	1.837080504486769e-07	12.125520442290629	188.0658280315285	EIF5A;FKBP11;LDHB;TNFRSF12A;TNC;ENO1;CTSB;NME1;SRM	1.598260038903489e-05
SRRS_d7_wound_alignment	100	LINCS_L1000_Ligand_Perturbations_up	2	GAS6-MDAMB231	8.302554654438461e-06	10.778712794140564	126.0995929494096	COL3A1;TPM4;TPM2;FN1;TGFBI;CALR;CTSB	0.00029115327732136384
SRRS_d7_wound_alignment	100	LINCS_L1000_Ligand_Perturbations_up	3	BFGF-HS578T	1.28377418334659e-05	10.045335658238884	113.14183245929655	TNFRSF12A;SPHK1;TNC;COL6A3;TGFBI;INHBA;CKAP4	0.00029115327732136384
SRRS_d7_wound_alignment	100	LINCS_L1000_Ligand_Perturbations_up	4	EPR-SKBR3	1.338635757799374e-05	9.977412138269466	111.95928001212657	EIF5A;LGALS1;TNFRSF12A;BASP1;TGFBI;INHBA;TIMP1	0.00029115327732136384
SRRS_d7_wound_alignment	100	LINCS_L1000_Ligand_Perturbations_up	5	BTC-BT20	8.580293270186533e-05	9.140610545790935	85.58771719390064	EIF5A;TAGLN;POSTN;TNFRSF12A;COL5A2;INHBA	0.0014929710290124566
SRRS_d7_wound_alignment	100	LINCS_L1000_Ligand_Perturbations_up	6	HBEGF-BT20	0.00013801370416432538	8.34817528533183	74.19989737636622	EIF5A;TPM2;PLIN2;TGFBI;INHBA;TIMP1	0.001664358476852059
SRRS_d7_wound_alignment	100	LINCS_L1000_Ligand_Perturbations_up	7	HRG-MCF7	0.00015304445764156865	8.184305056645481	71.8973366113309	EIF5A;TNFRSF12A;TNC;COTL1;NME1;SRM	0.001664358476852059
SRRS_d7_wound_alignment	100	LINCS_L1000_Ligand_Perturbations_up	8	TGFA-MCF10A	0.00015304445764156865	8.184305056645481	71.8973366113309	FKBP11;PRDX4;TNC;ENO1;CKAP4;NME1	0.001664358476852059
SRRS_d7_wound_alignment	100	LINCS_L1000_Ligand_Perturbations_up	9	FGF1-MCF7	0.0008098793106449043	7.428571428571429	52.881216667337284	EIF5A;LDHB;TNFRSF12A;TNC;SRM	0.005112110794961591
SRRS_d7_wound_alignment	100	LINCS_L1000_Ligand_Perturbations_up	10	MCSF-MDAMB231	0.0008879690496146473	7.271623113728377	51.094595506302774	COL3A1;LUM;FN1;UQCR11;SERF2	0.005112110794961591
SRRS_d7_wound_alignment	100	LINCS_L1000_Ligand_Perturbations_up	11	IL4-HS578T	0.0009152047724695342	7.220760233918129	50.51905772998378	EIF5A;FKBP11;LDHB;FN1;S100A11	0.005112110794961591
SRRS_d7_wound_alignment	100	LINCS_L1000_Ligand_Perturbations_up	12	KGF-MCF7	0.0009152047724695342	7.220760233918129	50.51905772998378	EIF5A;LDHB;TNFRSF12A;PLIN2;ACTB	0.005112110794961591
SRRS_d7_wound_alignment	100	LINCS_L1000_Ligand_Perturbations_up	13	TGFA-SKBR3	0.0009152047724695342	7.220760233918129	50.51905772998378	EIF5A;LGALS1;TNFRSF12A;BASP1;INHBA	0.005112110794961591
SRRS_d7_wound_alignment	100	LINCS_L1000_Ligand_Perturbations_up	14	PDGFBB-BT20	0.000971537165044435	7.1211247296323	49.396614800521654	POSTN;FAP;TNC;INHBA;THY1	0.005112110794961591
SRRS_d7_wound_alignment	100	LINCS_L1000_Ligand_Perturbations_up	15	HRG-BT20	0.0010006513725638886	7.072323666308629	48.84927592270808	LUM;GSTO1;COTL1;PLIN2;TIMP1	0.005112110794961591
SRRS_d7_wound_alignment	100	LINCS_L1000_Ligand_Perturbations_up	16	HBEGF-HS578T	0.0010608199151585646	6.97668668315083	47.78132593492158	EIF5A;COL3A1;TNFRSF12A;SPHK1;FN1	0.005112110794961591
SRRS_d7_wound_alignment	100	LINCS_L1000_Ligand_Perturbations_up	17	BTC-MCF7	0.0010918919934525752	6.9298245614035086	47.260317699825904	TNFRSF12A;TNC;INHBA;ENO1;NME1	0.005112110794961591
SRRS_d7_wound_alignment	100	LINCS_L1000_Ligand_Perturbations_up	18	HRG-SKBR3	0.001156056364697157	6.837950138504155	46.243284058606335	POSTN;TPM4;TNFRSF12A;SPHK1;INHBA	0.005112110794961591
SRRS_d7_wound_alignment	100	LINCS_L1000_Ligand_Perturbations_up	19	TGFA-BT20	0.001156056364697157	6.837950138504155	46.243284058606335	TNFRSF12A;TPM2;TNC;TGFBI;INHBA	0.005112110794961591
SRRS_d7_wound_alignment	100	LINCS_L1000_Ligand_Perturbations_up	20	TGFA-MCF7	0.0011891665917527655	6.792913656690747	45.746894412733724	EIF5A;TNFRSF12A;PLIN2;INHBA;ENO1	0.005112110794961591
SRRS_d7_wound_alignment	100	LINCS_L1000_Ligand_Perturbations_up	21	BTC-MCF10A	0.0012927176722891379	6.661268556005398	44.30415414603183	PRDX4;C1QBP;PSMA7;NME1;SRM	0.005112110794961591
SRRS_d7_wound_alignment	100	LINCS_L1000_Ligand_Perturbations_up	22	MSP-HS578T	0.0012927176722891379	6.661268556005398	44.30415414603183	COL1A1;ADAM12;TNC;CALR;CKAP4	0.005112110794961591
SRRS_d7_wound_alignment	100	LINCS_L1000_Ligand_Perturbations_up	23	MCSF-SKBR3	0.0014799165743401557	6.4527623406341945	42.04471244659435	GSTP1;TNC;TGFBI;THY1;PTMS	0.005364697581983064
SRRS_d7_wound_alignment	100	LINCS_L1000_Ligand_Perturbations_up	24	EPR-BT20	0.0014799165743401557	6.4527623406341945	42.04471244659435	EIF5A;TPM2;FN1;COL6A3;INHBA	0.005364697581983064
SRRS_d7_wound_alignment	100	LINCS_L1000_Ligand_Perturbations_up	25	IGF2-SKBR3	0.0022141325096351155	5.864704133214392	35.85031820132317	TAGLN;POSTN;GSTO1;TGFBI;THY1	0.007705181133530202
SRRS_d7_wound_alignment	100	LINCS_L1000_Ligand_Perturbations_up	26	BFGF-MCF7	0.005103140943202582	6.1461442786069655	32.43872909597336	EIF5A;LDHB;TNFRSF12A;TNC	0.017075894694562485
SRRS_d7_wound_alignment	100	LINCS_L1000_Ligand_Perturbations_up	27	HBEGF-SKBR3	0.007153152867423122	5.5608108108108105	27.47152901723233	TNFRSF12A;PLIN2;TGFBI;INHBA	0.023049048128363395
SRRS_d7_wound_alignment	100	LINCS_L1000_Ligand_Perturbations_up	28	BTC-HS578T	0.007484368118967975	5.486111111111111	26.854177504242614	TNFRSF12A;TNC;TGFBI;INHBA	0.023255000941079067
SRRS_d7_wound_alignment	100	LINCS_L1000_Ligand_Perturbations_up	29	PDGFBB-MDAMB231	0.008538294663769798	5.273504273504273	25.118723804868132	FAP;TNC;PLIN2;TGFBI	0.02396231083057976
SRRS_d7_wound_alignment	100	LINCS_L1000_Ligand_Perturbations_up	30	EGF-MCF10A	0.008538294663769798	5.273504273504273	25.118723804868132	FKBP11;TUBB3;ENO1;SRM	0.02396231083057976
SRRS_d7_wound_alignment	100	LINCS_L1000_Ligand_Perturbations_up	31	BTC-MDAMB231	0.008538294663769798	5.273504273504273	25.118723804868132	LDHB;COL3A1;FN1;YBX1	0.02396231083057976
SRRS_d7_wound_alignment	100	LINCS_L1000_Ligand_Perturbations_up	32	EPG-MDAMB231	0.008910091849498904	5.206223628691983	24.576346870058785	COL1A1;COL3A1;BASP1;ENO1	0.024224312215825144
SRRS_d7_wound_alignment	100	LINCS_L1000_Ligand_Perturbations_up	33	IGF1-MCF7	0.01092781970770723	4.8938492063492065	22.102793313136466	EIF5A;LGALS1;COTL1;TGFBI	0.02880970650213724
SRRS_d7_wound_alignment	100	LINCS_L1000_Ligand_Perturbations_up	34	IGF2-BT20	0.027486009704557734	4.81524474389155	17.306365881326172	TNFRSF12A;FN1;TGFBI	0.07033184836166242
SRRS_d7_wound_alignment	100	LINCS_L1000_Ligand_Perturbations_up	35	GDNF-MCF7	0.03440042569704429	4.396870132759772	14.816073224082533	EIF5A;TAGLN;TNFRSF12A	0.0855096295897958
SRRS_d7_wound_alignment	100	LINCS_L1000_Ligand_Perturbations_up	36	FGF1-HS578T	0.036887302892325106	4.273015644149665	14.100472544618471	TNFRSF12A;PLIN2;CTSB	0.08755989782874883
SRRS_d7_wound_alignment	100	LINCS_L1000_Ligand_Perturbations_up	37	BTC-SKBR3	0.04012250747562478	4.127612148230705	13.273648693926715	EIF5A;TNFRSF12A;SPHK1	0.08755989782874883
SRRS_d7_wound_alignment	100	LINCS_L1000_Ligand_Perturbations_up	38	TGFA-HS578T	0.04078632094219781	4.099702483913374	13.116623076227347	TNFRSF12A;INHBA;CTSB	0.08755989782874883
SRRS_d7_wound_alignment	100	LINCS_L1000_Ligand_Perturbations_up	39	TNFA-MDAMB231	0.041455697866359095	4.072164948453608	12.962230181254323	FN1;INHBA;CTSB	0.08755989782874883
SRRS_d7_wound_alignment	100	LINCS_L1000_Ligand_Perturbations_up	40	IL4-MCF7	0.04349708435891429	3.9917121487770366	12.514262555258686	RCN1;BASP1;ENO1	0.08755989782874883
SRRS_d7_wound_alignment	100	LINCS_L1000_Ligand_Perturbations_up	41	EGF-MDAMB231	0.04349708435891429	3.9917121487770366	12.514262555258686	RCN1;TPM2;TNC	0.08755989782874883
SRRS_d7_wound_alignment	100	LINCS_L1000_Ligand_Perturbations_up	42	IL6-MCF7	0.04418858857519868	3.965591109921007	12.369823539042448	COL1A1;ADAM12;TGFBI	0.08755989782874883
SRRS_d7_wound_alignment	100	LINCS_L1000_Ligand_Perturbations_up	43	MSP-SKBR3	0.04488559150530949	3.9398071167276356	12.227736804285344	EIF5A;POSTN;BASP1	0.08755989782874883
SRRS_d7_wound_alignment	100	LINCS_L1000_Ligand_Perturbations_up	44	EGF-HS578T	0.04558807932610038	3.9143536875495637	12.087950910125885	TNFRSF12A;TNC;VDAC1	0.08755989782874883
SRRS_d7_wound_alignment	100	LINCS_L1000_Ligand_Perturbations_up	45	HGF-HS578T	0.046296037932441914	3.8892245058769452	11.950415843034367	TNFRSF12A;RAB13;TNC	0.08755989782874883
SRRS_d7_wound_alignment	100	LINCS_L1000_Ligand_Perturbations_up	46	HGF-BT20	0.046296037932441914	3.8892245058769452	11.950415843034367	EIF5A;C1QBP;INHBA	0.08755989782874883
SRRS_d7_wound_alignment	100	LINCS_L1000_Ligand_Perturbations_up	47	AR-BT20	0.04772830976745359	3.839914413538222	11.681904980352178	TNFRSF12A;TUBB3;INHBA	0.08834814786741409
SRRS_d7_wound_alignment	100	LINCS_L1000_Ligand_Perturbations_up	48	IL17-BT20	0.1413417095746185	3.1036106750392465	6.072446585747735	EIF5A;BASP1	0.24401769136240498
SRRS_d7_wound_alignment	100	LINCS_L1000_Ligand_Perturbations_up	49	IL4-MDAMB231	0.15516626851096557	2.922508133688258	5.445386768069675	RCN1;S100A11	0.24401769136240498
SRRS_d7_wound_alignment	100	LINCS_L1000_Ligand_Perturbations_up	50	IFNA-MCF7	0.1604167144707384	2.859892893327544	5.233547895270227	EIF5A;TGFBI	0.24401769136240498
SRRS_d7_wound_alignment	100	LINCS_L1000_Ligand_Perturbations_up	51	IL1-MCF10A	0.16569987458193694	2.799886621315193	5.033012105126492	EIF5A;TNC	0.24401769136240498
SRRS_d7_wound_alignment	100	LINCS_L1000_Ligand_Perturbations_up	52	EGF-MCF7	0.16569987458193694	2.799886621315193	5.033012105126492	TPM4;TNFRSF12A	0.24401769136240498
SRRS_d7_wound_alignment	100	LINCS_L1000_Ligand_Perturbations_up	53	IL1-HS578T	0.16923910885893756	2.761252446183953	4.905206802489739	INHBA;CTSB	0.24401769136240498
SRRS_d7_wound_alignment	100	LINCS_L1000_Ligand_Perturbations_up	54	AR-SKBR3	0.17279132809385747	2.7236624379481524	4.7818540898178	EIF5A;TNFRSF12A	0.24401769136240498
SRRS_d7_wound_alignment	100	LINCS_L1000_Ligand_Perturbations_up	55	HGF-MDAMB231	0.1745721183448066	2.7052458567319544	4.721783019390408	LUM;FN1	0.24401769136240498
SRRS_d7_wound_alignment	100	LINCS_L1000_Ligand_Perturbations_up	56	TNFA-BT20	0.1763559296827952	2.687074829931973	4.662749281288076	FN1;INHBA	0.24401769136240498
SRRS_d7_wound_alignment	100	LINCS_L1000_Ligand_Perturbations_up	57	TNFA-SKBR3	0.17814268838725866	2.6691444789836463	4.604729127640162	FN1;CKAP4	0.24401769136240498
SRRS_d7_wound_alignment	100	LINCS_L1000_Ligand_Perturbations_up	58	IL1-MCF7	0.17814268838725866	2.6691444789836463	4.604729127640162	EIF5A;CKAP4	0.24401769136240498
SRRS_d7_wound_alignment	100	LINCS_L1000_Ligand_Perturbations_up	59	BNGF-HS578T	0.17993232146379678	2.651450053705693	4.547699495381422	COL1A1;EIF5A	0.24401769136240498
SRRS_d7_wound_alignment	100	LINCS_L1000_Ligand_Perturbations_up	60	PDGFBB-SKBR3	0.18172475649197342	2.633986928104575	4.49163798449718	COL1A1;BASP1	0.24401769136240498
SRRS_d7_wound_alignment	100	LINCS_L1000_Ligand_Perturbations_up	61	BNGF-BT20	0.18172475649197342	2.633986928104575	4.49163798449718	C1QBP;TNC	0.24401769136240498
SRRS_d7_wound_alignment	100	LINCS_L1000_Ligand_Perturbations_up	62	EPG-BT20	0.18531774601135145	2.599736668861093	4.382332898174394	EIF5A;TNFRSF12A	0.24401769136240498
SRRS_d7_wound_alignment	100	LINCS_L1000_Ligand_Perturbations_up	63	EGF-BT20	0.18531774601135145	2.599736668861093	4.382332898174394	LDHB;INHBA	0.24401769136240498
SRRS_d7_wound_alignment	100	LINCS_L1000_Ligand_Perturbations_up	64	BFGF-BT20	0.18531774601135145	2.599736668861093	4.382332898174394	POSTN;TNC	0.24401769136240498
SRRS_d7_wound_alignment	100	LINCS_L1000_Ligand_Perturbations_up	65	HGF-MCF7	0.188921090423562	2.566359027687508	4.276647055148966	EIF5A;CKAP4	0.24401769136240498
SRRS_d7_wound_alignment	100	LINCS_L1000_Ligand_Perturbations_up	66	PDGFBB-HS578T	0.188921090423562	2.566359027687508	4.276647055148966	SPHK1;ARPC1B	0.24401769136240498
SRRS_d7_wound_alignment	100	LINCS_L1000_Ligand_Perturbations_up	67	GAS6-HS578T	0.188921090423562	2.566359027687508	4.276647055148966	FKBP11;CTSB	0.24401769136240498
SRRS_d7_wound_alignment	100	LINCS_L1000_Ligand_Perturbations_up	68	INS-SKBR3	0.19072647140969587	2.5499870834409712	4.225111757101138	COL1A1;FN1	0.24401769136240498
SRRS_d7_wound_alignment	100	LINCS_L1000_Ligand_Perturbations_up	69	EPG-SKBR3	0.19434430782766576	2.517857142857143	4.124561988604351	INHBA;TIMP1	0.2450428229131438
SRRS_d7_wound_alignment	100	LINCS_L1000_Ligand_Perturbations_up	70	GAS6-BT20	0.19797112637870934	2.486520534139582	4.027253410869583	EIF5A;LUM	0.24604982849925305
SRRS_d7_wound_alignment	100	LINCS_L1000_Ligand_Perturbations_up	71	IFNG-MDAMB231	0.4825231566060633	1.5361305361305362	1.1194188238932659	FN1	0.5627949143568768
SRRS_d7_wound_alignment	100	LINCS_L1000_Ligand_Perturbations_up	72	IFNG-MCF7	0.48512759403297523	1.5243272418844938	1.1026119616962	FKBP11	0.5627949143568768
SRRS_d7_wound_alignment	100	LINCS_L1000_Ligand_Perturbations_up	73	IFNA-SKBR3	0.5004839181972011	1.45712600457126	1.0085932042209516	TGFBI	0.5627949143568768
SRRS_d7_wound_alignment	100	LINCS_L1000_Ligand_Perturbations_up	74	IL6-SKBR3	0.515386675547343	1.3955640319276683	0.9250326397711035	TGFBI	0.5627949143568768
SRRS_d7_wound_alignment	100	LINCS_L1000_Ligand_Perturbations_up	75	HRG-MDAMB231	0.5178273087692054	1.3858024691358024	0.9120152759391972	LDHB	0.5627949143568768
SRRS_d7_wound_alignment	100	LINCS_L1000_Ligand_Perturbations_up	76	EPG-MCF7	0.5202557726245733	1.3761755485893417	0.899240881378034	CKAP4	0.5627949143568768
SRRS_d7_wound_alignment	100	LINCS_L1000_Ligand_Perturbations_up	77	IL1-BT20	0.5202557726245733	1.3761755485893417	0.899240881378034	FN1	0.5627949143568768
SRRS_d7_wound_alignment	100	LINCS_L1000_Ligand_Perturbations_up	78	IFNA-MDAMB231	0.5250764322021929	1.3573146430289287	0.874397623216168	PPIB	0.5627949143568768
SRRS_d7_wound_alignment	100	LINCS_L1000_Ligand_Perturbations_up	79	MCSF-MCF7	0.5250764322021929	1.3573146430289287	0.874397623216168	EIF5A	0.5627949143568768
SRRS_d7_wound_alignment	100	LINCS_L1000_Ligand_Perturbations_up	80	TNFA-MCF10A	0.5274687471502818	1.348075348075348	0.8623175106205572	EIF5A	0.5627949143568768
SRRS_d7_wound_alignment	100	LINCS_L1000_Ligand_Perturbations_up	81	IL17-MCF7	0.5274687471502818	1.348075348075348	0.8623175106205572	FKBP11	0.5627949143568768
SRRS_d7_wound_alignment	100	LINCS_L1000_Ligand_Perturbations_up	82	IL1-MDAMB231	0.5345743423067151	1.3210917118201886	0.8273792233748533	INHBA	0.5627949143568768
SRRS_d7_wound_alignment	100	LINCS_L1000_Ligand_Perturbations_up	83	EGF-SKBR3	0.5369192861105836	1.312333864965444	0.8161502743919713	INHBA	0.5627949143568768
SRRS_d7_wound_alignment	100	LINCS_L1000_Ligand_Perturbations_up	84	TNFA-MCF7	0.5507453245925318	1.2621148190768443	0.7528297591179895	CTSB	0.5704148004708366
SRRS_d7_wound_alignment	100	LINCS_L1000_Ligand_Perturbations_up	85	TNFA-HS578T	0.5619542370450903	1.223089793641941	0.7049092863917995	INHBA	0.5751572204414868
SRRS_d7_wound_alignment	100	LINCS_L1000_Ligand_Perturbations_up	86	GAS6-MCF7	0.5685462179076766	1.2008032128514057	0.6780607576727649	POSTN	0.5751572204414868
SRRS_d7_wound_alignment	100	LINCS_L1000_Ligand_Perturbations_up	87	MCSF-HS578T	0.5856485564286572	1.145129455474283	0.6126847989798073	ENO1	0.5856485564286572
SRRS_d7_wound_alignment	100	LINCS_L1000_Ligand_Perturbations_down	1	EPG-MCF10A	1.2174540457537565e-06	11.526699737379632	156.97922738028456	EIF5A;TPM4;TNFRSF12A;ARPC1B;TNC;COTL1;TGFBI;ACTB	6.705738461420708e-05
SRRS_d7_wound_alignment	100	LINCS_L1000_Ligand_Perturbations_down	2	HGF-MCF7	1.5415490715909673e-06	11.149632975719932	149.21244695039124	LDHB;POSTN;LGALS1;SPHK1;COL5A2;FN1;THY1;PPIB	6.705738461420708e-05
SRRS_d7_wound_alignment	100	LINCS_L1000_Ligand_Perturbations_down	3	EPG-MCF7	1.28377418334659e-05	10.045335658238884	113.14183245929655	FKBP11;TAGLN;GSTO1;TPM2;TNC;FN1;INHBA	0.0003722945131705111
SRRS_d7_wound_alignment	100	LINCS_L1000_Ligand_Perturbations_down	4	IL4-MDAMB231	0.0001241779905110336	8.518688901667625	76.61533836407267	EIF5A;TUBA1B;FN1;CALR;ACTB;PSMA7	0.0022958259057999355
SRRS_d7_wound_alignment	100	LINCS_L1000_Ligand_Perturbations_down	5	IL17-MCF7	0.00015304445764156865	8.184305056645481	71.8973366113309	LDHB;LGALS1;FAP;FN1;TGFBI;CALR	0.0022958259057999355
SRRS_d7_wound_alignment	100	LINCS_L1000_Ligand_Perturbations_down	6	MCSF-HS578T	0.00015833282108965074	8.131091283459163	71.15364530432903	POSTN;COL5A2;TNC;FN1;INHBA;PDIA6	0.0022958259057999355
SRRS_d7_wound_alignment	100	LINCS_L1000_Ligand_Perturbations_down	7	BNGF-HS578T	0.0010608199151585646	6.97668668315083	47.78132593492158	POSTN;BASP1;RAB13;VDAC1;TGFBI	0.012536462684071973
SRRS_d7_wound_alignment	100	LINCS_L1000_Ligand_Perturbations_down	8	SCF-SKBR3	0.0013286717299872994	6.618504860878311	43.83816687504718	COL1A1;COL3A1;MAP2K2;LGALS1;FN1	0.012536462684071973
SRRS_d7_wound_alignment	100	LINCS_L1000_Ligand_Perturbations_down	9	HRG-MDAMB231	0.0014027900928230087	6.534591194968553	42.927638327907566	EIF5A;FN1;VDAC1;ENO1;CALR	0.012536462684071973
SRRS_d7_wound_alignment	100	LINCS_L1000_Ligand_Perturbations_down	10	TGFA-MCF7	0.0014409727223071234	6.493421052631579	42.48279744899109	COL3A1;TPM2;RAB13;TGFBI;CKAP4	0.012536462684071973
SRRS_d7_wound_alignment	100	LINCS_L1000_Ligand_Perturbations_down	11	PDGFBB-SKBR3	0.007825550130049605	5.413377192982456	26.25683491903793	EIF5A;TPM2;TNC;ENO1	0.05277940212117434
SRRS_d7_wound_alignment	100	LINCS_L1000_Ligand_Perturbations_down	12	IFNA-MCF7	0.008176819501307596	5.342532467532467	25.67862595978233	EIF5A;COL3A1;SSR4;COTL1	0.05277940212117434
SRRS_d7_wound_alignment	100	LINCS_L1000_Ligand_Perturbations_down	13	FGF1-HS578T	0.008910091849498904	5.206223628691983	24.576346870058785	COL1A1;TAGLN;PGAM1;COL5A2	0.05277940212117434
SRRS_d7_wound_alignment	100	LINCS_L1000_Ligand_Perturbations_down	14	GAS6-HS578T	0.008910091849498904	5.206223628691983	24.576346870058785	COL1A1;POSTN;KDELR2;ENO1	0.05277940212117434
SRRS_d7_wound_alignment	100	LINCS_L1000_Ligand_Perturbations_down	15	BFGF-HS578T	0.009099896917443851	5.173218029350105	24.311497743050204	COL1A1;TAGLN;LUM;COL5A2	0.05277940212117434
SRRS_d7_wound_alignment	100	LINCS_L1000_Ligand_Perturbations_down	16	TNFA-MCF10A	0.009885486352895744	5.045245398773006	23.292321984827154	LDHB;GSTP1;COL6A3;VDAC1	0.05375233204387061
SRRS_d7_wound_alignment	100	LINCS_L1000_Ligand_Perturbations_down	17	EGF-MCF7	0.03259476166351094	4.4945421467556095	15.387531072601112	EIF5A;COL5A2;TGFBI	0.14385284815117175
SRRS_d7_wound_alignment	100	LINCS_L1000_Ligand_Perturbations_down	18	IL1-HS578T	0.03440042569704429	4.396870132759772	14.816073224082533	LUM;ENO1;YBX1	0.14385284815117175
SRRS_d7_wound_alignment	100	LINCS_L1000_Ligand_Perturbations_down	19	MCSF-SKBR3	0.035632562673450954	4.334064487826278	14.451917999802893	LUM;FN1;CKAP4	0.14385284815117175
SRRS_d7_wound_alignment	100	LINCS_L1000_Ligand_Perturbations_down	20	IGF2-SKBR3	0.03946426952500371	4.155901535872081	13.433368165586538	EIF5A;LDHB;PPIB	0.14385284815117175
SRRS_d7_wound_alignment	100	LINCS_L1000_Ligand_Perturbations_down	21	BFGF-BT20	0.04012250747562478	4.127612148230705	13.273648693926715	LUM;FN1;CTSB	0.14385284815117175
SRRS_d7_wound_alignment	100	LINCS_L1000_Ligand_Perturbations_down	22	EGF-MDAMB231	0.041455697866359095	4.072164948453608	12.962230181254323	SSR4;CALR;YBX1	0.14385284815117175
SRRS_d7_wound_alignment	100	LINCS_L1000_Ligand_Perturbations_down	23	HGF-HS578T	0.04349708435891429	3.9917121487770366	12.514262555258686	GSTP1;COL6A3;TGFBI	0.14385284815117175
SRRS_d7_wound_alignment	100	LINCS_L1000_Ligand_Perturbations_down	24	EGF-SKBR3	0.04418858857519868	3.965591109921007	12.369823539042448	EIF5A;FN1;P4HB	0.14385284815117175
SRRS_d7_wound_alignment	100	LINCS_L1000_Ligand_Perturbations_down	25	TNFA-SKBR3	0.04558807932610038	3.9143536875495637	12.087950910125885	COL3A1;COL5A2;AP2M1	0.14385284815117175
SRRS_d7_wound_alignment	100	LINCS_L1000_Ligand_Perturbations_down	26	IFNA-SKBR3	0.04558807932610038	3.9143536875495637	12.087950910125885	EIF5A;COTL1;CALR	0.14385284815117175
SRRS_d7_wound_alignment	100	LINCS_L1000_Ligand_Perturbations_down	27	TGFA-HS578T	0.046296037932441914	3.8892245058769452	11.950415843034367	COL1A1;TPM4;PGAM1	0.14385284815117175
SRRS_d7_wound_alignment	100	LINCS_L1000_Ligand_Perturbations_down	28	IGF1-MCF7	0.04918228881829845	3.7918294166613307	11.42183086544885	POSTN;FAP;TPM2	0.14385284815117175
SRRS_d7_wound_alignment	100	LINCS_L1000_Ligand_Perturbations_down	29	EGF-HS578T	0.049917380460535794	3.7682321496754487	11.29484640717825	COL1A1;LUM;GSTP1	0.14385284815117175
SRRS_d7_wound_alignment	100	LINCS_L1000_Ligand_Perturbations_down	30	IFNA-MDAMB231	0.05065785270183577	3.7449244197077984	11.169840096133063	COL3A1;VDAC1;ENO1	0.14385284815117175
SRRS_d7_wound_alignment	100	LINCS_L1000_Ligand_Perturbations_down	31	INS-SKBR3	0.05291139242341949	3.676686125947087	10.806282780011825	LDHB;LGALS1;LUM	0.14385284815117175
SRRS_d7_wound_alignment	100	LINCS_L1000_Ligand_Perturbations_down	32	HGF-BT20	0.05291139242341949	3.676686125947087	10.806282780011825	BASP1;THY1;S100A11	0.14385284815117175
SRRS_d7_wound_alignment	100	LINCS_L1000_Ligand_Perturbations_down	33	BTC-MCF10A	0.16923910885893756	2.761252446183953	4.905206802489739	BASP1;TPM2	0.32497147160278705
SRRS_d7_wound_alignment	100	LINCS_L1000_Ligand_Perturbations_down	34	FGF1-MCF7	0.16923910885893756	2.761252446183953	4.905206802489739	COL3A1;COL5A2	0.32497147160278705
SRRS_d7_wound_alignment	100	LINCS_L1000_Ligand_Perturbations_down	35	TGFA-BT20	0.16923910885893756	2.761252446183953	4.905206802489739	FN1;P4HB	0.32497147160278705
SRRS_d7_wound_alignment	100	LINCS_L1000_Ligand_Perturbations_down	36	BTC-MDAMB231	0.1763559296827952	2.687074829931973	4.662749281288076	PRDX4;SSR4	0.32497147160278705
SRRS_d7_wound_alignment	100	LINCS_L1000_Ligand_Perturbations_down	37	IL17-BT20	0.1763559296827952	2.687074829931973	4.662749281288076	FN1;TGFBI	0.32497147160278705
SRRS_d7_wound_alignment	100	LINCS_L1000_Ligand_Perturbations_down	38	IL4-MCF7	0.17814268838725866	2.6691444789836463	4.604729127640162	COL1A1;EIF5A	0.32497147160278705
SRRS_d7_wound_alignment	100	LINCS_L1000_Ligand_Perturbations_down	39	PDGFBB-HS578T	0.17814268838725866	2.6691444789836463	4.604729127640162	FKBP11;BASP1	0.32497147160278705
SRRS_d7_wound_alignment	100	LINCS_L1000_Ligand_Perturbations_down	40	EPG-MDAMB231	0.17993232146379678	2.651450053705693	4.547699495381422	FKBP11;RAC1	0.32497147160278705
SRRS_d7_wound_alignment	100	LINCS_L1000_Ligand_Perturbations_down	41	IL6-MCF7	0.17993232146379678	2.651450053705693	4.547699495381422	POSTN;CALR	0.32497147160278705
SRRS_d7_wound_alignment	100	LINCS_L1000_Ligand_Perturbations_down	42	BNGF-BT20	0.1835199217140049	2.616750596342433	4.436522833603623	COL1A1;TIMP1	0.32497147160278705
SRRS_d7_wound_alignment	100	LINCS_L1000_Ligand_Perturbations_down	43	IFNG-HS578T	0.1835199217140049	2.616750596342433	4.436522833603623	TPM4;TNC	0.32497147160278705
SRRS_d7_wound_alignment	100	LINCS_L1000_Ligand_Perturbations_down	44	HRG-BT20	0.18711815886392233	2.5829408686551543	4.329047629874819	FN1;CTSB	0.32497147160278705
SRRS_d7_wound_alignment	100	LINCS_L1000_Ligand_Perturbations_down	45	GAS6-MDAMB231	0.188921090423562	2.566359027687508	4.276647055148966	EIF5A;BASP1	0.32497147160278705
SRRS_d7_wound_alignment	100	LINCS_L1000_Ligand_Perturbations_down	46	HBEGF-BT20	0.188921090423562	2.566359027687508	4.276647055148966	FN1;CTSB	0.32497147160278705
SRRS_d7_wound_alignment	100	LINCS_L1000_Ligand_Perturbations_down	47	MCSF-MCF7	0.188921090423562	2.566359027687508	4.276647055148966	LGALS1;FN1	0.32497147160278705
SRRS_d7_wound_alignment	100	LINCS_L1000_Ligand_Perturbations_down	48	MSP-HS578T	0.19072647140969587	2.5499870834409712	4.225111757101138	EIF5A;POSTN	0.32497147160278705
SRRS_d7_wound_alignment	100	LINCS_L1000_Ligand_Perturbations_down	49	EGF-MCF10A	0.19253423323314423	2.533821075600051	4.174422855022089	BASP1;TPM2	0.32497147160278705
SRRS_d7_wound_alignment	100	LINCS_L1000_Ligand_Perturbations_down	50	BTC-BT20	0.19253423323314423	2.533821075600051	4.174422855022089	EIF5A;FN1	0.32497147160278705
SRRS_d7_wound_alignment	100	LINCS_L1000_Ligand_Perturbations_down	51	IFNG-MCF10A	0.19434430782766576	2.517857142857143	4.124561988604351	BASP1;UQCR11	0.32497147160278705
SRRS_d7_wound_alignment	100	LINCS_L1000_Ligand_Perturbations_down	52	TGFA-SKBR3	0.19434430782766576	2.517857142857143	4.124561988604351	LUM;FN1	0.32497147160278705
SRRS_d7_wound_alignment	100	LINCS_L1000_Ligand_Perturbations_down	53	EGF-BT20	0.19797112637870934	2.486520534139582	4.027253410869583	COL3A1;PGAM1	0.32497147160278705
SRRS_d7_wound_alignment	100	LINCS_L1000_Ligand_Perturbations_down	54	HGF-MDAMB231	0.20524959092647024	2.426112613720187	3.8418185255383266	RAC1;PPIB	0.3306798964926465
SRRS_d7_wound_alignment	100	LINCS_L1000_Ligand_Perturbations_down	55	IGF2-BT20	0.21072812874852287	2.382683250815119	3.7102821101376557	COL3A1;BASP1	0.3333335854749362
SRRS_d7_wound_alignment	100	LINCS_L1000_Ligand_Perturbations_down	56	IFNG-MCF7	0.21622165762859566	2.340768865685809	3.5847732993930266	LGALS1;VDAC1	0.3359157895301397
SRRS_d7_wound_alignment	100	LINCS_L1000_Ligand_Perturbations_down	57	TNFA-HS578T	0.515386675547343	1.3955640319276683	0.9250326397711035	TPM4	0.5860515192854991
SRRS_d7_wound_alignment	100	LINCS_L1000_Ligand_Perturbations_down	58	GAS6-BT20	0.5226721271590139	1.366680503666805	0.8867035673377484	EIF5A	0.5860515192854991
SRRS_d7_wound_alignment	100	LINCS_L1000_Ligand_Perturbations_down	59	EPG-SKBR3	0.5250764322021929	1.3573146430289287	0.874397623216168	CALR	0.5860515192854991
SRRS_d7_wound_alignment	100	LINCS_L1000_Ligand_Perturbations_down	60	MCSF-MDAMB231	0.5298491312613169	1.3389600705036946	0.8504578563729338	INHBA	0.5860515192854991
SRRS_d7_wound_alignment	100	LINCS_L1000_Ligand_Perturbations_down	61	IL1-BT20	0.5392525329667543	1.3036904997689311	0.8051218322041944	FN1	0.5860515192854991
SRRS_d7_wound_alignment	100	LINCS_L1000_Ligand_Perturbations_down	62	EPR-BT20	0.5392525329667543	1.3036904997689311	0.8051218322041944	CTSB	0.5860515192854991
SRRS_d7_wound_alignment	100	LINCS_L1000_Ligand_Perturbations_down	63	IL1-SKBR3	0.5438841666005395	1.2867383512544803	0.7836480831514409	LDHB	0.5860515192854991
SRRS_d7_wound_alignment	100	LINCS_L1000_Ligand_Perturbations_down	64	HBEGF-HS578T	0.5438841666005395	1.2867383512544803	0.7836480831514409	COL5A2	0.5860515192854991
SRRS_d7_wound_alignment	100	LINCS_L1000_Ligand_Perturbations_down	65	IL1-MDAMB231	0.5484697017864213	1.270218104613009	0.7629225123606185	PRDX4	0.5860515192854991
SRRS_d7_wound_alignment	100	LINCS_L1000_Ligand_Perturbations_down	66	PDGFBB-MDAMB231	0.5484697017864213	1.270218104613009	0.7629225123606185	VDAC1	0.5860515192854991
SRRS_d7_wound_alignment	100	LINCS_L1000_Ligand_Perturbations_down	67	BFGF-MCF7	0.5484697017864213	1.270218104613009	0.7629225123606185	COL3A1	0.5860515192854991
SRRS_d7_wound_alignment	100	LINCS_L1000_Ligand_Perturbations_down	68	IL1-MCF10A	0.5507453245925318	1.2621148190768443	0.7528297591179895	CALR	0.5860515192854991
SRRS_d7_wound_alignment	100	LINCS_L1000_Ligand_Perturbations_down	69	HRG-SKBR3	0.5530095927239175	1.2541134616606315	0.7429116457748267	EIF5A	0.5860515192854991
SRRS_d7_wound_alignment	100	LINCS_L1000_Ligand_Perturbations_down	70	HRG-MCF7	0.5552625624524002	1.246212121212121	0.7331642766599419	EIF5A	0.5860515192854991
SRRS_d7_wound_alignment	100	LINCS_L1000_Ligand_Perturbations_down	71	EPR-MCF10A	0.557504289374834	1.238408934061108	0.7235838652550021	PLIN2	0.5860515192854991
SRRS_d7_wound_alignment	100	LINCS_L1000_Ligand_Perturbations_down	72	MSP-SKBR3	0.559734829149778	1.2307020825539343	0.7141667289104645	EIF5A	0.5860515192854991
SRRS_d7_wound_alignment	100	LINCS_L1000_Ligand_Perturbations_down	73	PDGFBB-BT20	0.5619542370450903	1.223089793641941	0.7049092863917995	UQCR11	0.5860515192854991
SRRS_d7_wound_alignment	100	LINCS_L1000_Ligand_Perturbations_down	74	AR-BT20	0.5641625680272377	1.215570337521557	0.6958080543325024	FN1	0.5860515192854991
SRRS_d7_wound_alignment	100	LINCS_L1000_Ligand_Perturbations_down	75	BTC-HS578T	0.5641625680272377	1.215570337521557	0.6958080543325024	LUM	0.5860515192854991
SRRS_d7_wound_alignment	100	LINCS_L1000_Ligand_Perturbations_down	76	TGFA-MCF10A	0.5641625680272377	1.215570337521557	0.6958080543325024	TPM2	0.5860515192854991
SRRS_d7_wound_alignment	100	LINCS_L1000_Ligand_Perturbations_down	77	TNFA-MDAMB231	0.5641625680272377	1.215570337521557	0.6958080543325024	LUM	0.5860515192854991
SRRS_d7_wound_alignment	100	LINCS_L1000_Ligand_Perturbations_down	78	BTC-MCF7	0.566359876814798	1.2081420263238445	0.6868596439049133	COL3A1	0.5860515192854991
SRRS_d7_wound_alignment	100	LINCS_L1000_Ligand_Perturbations_down	79	IFNA-BT20	0.5685462179076766	1.2008032128514057	0.6780607576727649	LGALS1	0.5860515192854991
SRRS_d7_wound_alignment	100	LINCS_L1000_Ligand_Perturbations_down	80	HBEGF-SKBR3	0.5685462179076766	1.2008032128514057	0.6780607576727649	FN1	0.5860515192854991
SRRS_d7_wound_alignment	100	LINCS_L1000_Ligand_Perturbations_down	81	KGF-MCF7	0.5685462179076766	1.2008032128514057	0.6780607576727649	FN1	0.5860515192854991
SRRS_d7_wound_alignment	100	LINCS_L1000_Ligand_Perturbations_down	82	TNFA-BT20	0.5685462179076766	1.2008032128514057	0.6780607576727649	EIF5A	0.5860515192854991
SRRS_d7_wound_alignment	100	LINCS_L1000_Ligand_Perturbations_down	83	IL1-MCF7	0.5750399753809352	1.1793078716155638	0.6525295819615611	COL5A2	0.5860515192854991
SRRS_d7_wound_alignment	100	LINCS_L1000_Ligand_Perturbations_down	84	BTC-SKBR3	0.5750399753809352	1.1793078716155638	0.6525295819615611	FN1	0.5860515192854991
SRRS_d7_wound_alignment	100	LINCS_L1000_Ligand_Perturbations_down	85	IFNG-SKBR3	0.5750399753809352	1.1793078716155638	0.6525295819615611	EIF5A	0.5860515192854991
SRRS_d7_wound_alignment	100	LINCS_L1000_Ligand_Perturbations_down	86	EPR-SKBR3	0.5793152949258957	1.1653966566247267	0.6361998227862873	GSTP1	0.5860515192854991
SRRS_d7_wound_alignment	100	LINCS_L1000_Ligand_Perturbations_down	87	IFNG-MDAMB231	0.5918874117207544	1.125549278091651	0.5902817634935079	TNC	0.5918874117207544
SRRS_d7_wound_alignment	100	Gene_Perturbations_from_GEO_up	1	MYC KD human GSE22139 sample 712	2.444206526475928e-41	44.756325910931174	4185.265555431862	TAGLN;CXCL8;ARPC1B;TNC;ACTB;MYL12A;ACTG1;TUBA1C;TUBA1B;LGALS1;GNG5;BASP1;TUBB3;SEC61G;TMSB4X;CFL1;SH3BGRL3;TIMP1;RAC1;TMSB10;S100A11;AP2M1;CTHRC1;TPM4;FN1;INHBA;PDIA6;COL1A1;COL3A1;PKM;RAB13;COL6A3;TGFBI;P4HB;PPIB;PFN1	5.33570284729695e-38
SRRS_d7_wound_alignment	100	Gene_Perturbations_from_GEO_up	2	Prdm16 DEPLETION mouse GSE35011 sample 487	2.2444950817770734e-39	44.845534995977474	3990.9090098912275	TNC;ENO1;THY1;YBX1;ACTB;ACTG1;SRM;TUBA1B;LGALS1;BASP1;C1QBP;TMSB4X;SH3BGRL3;TIMP1;TPM4;TPM2;PGAM1;SSR3;NME2;MIF;INHBA;CKAP4;COL1A1;COL3A1;RCN1;PKM;OSTC;COL5A2;COL6A3;CALR;P4HB;PPIB;PFN1;GAPDH	2.4498663817596755e-36
SRRS_d7_wound_alignment	100	Gene_Perturbations_from_GEO_up	3	EGFR drugactivation rat GSE5282 sample 1867	7.003033471233939e-39	40.2044457443697	3532.1404823242397	ARPC1B;GSTP1;ENO1;YBX1;ACTB;MYL12A;PSMA7;ACTG1;EEF1B2;TUBA1C;LGALS1;SEC61G;C1QBP;CFL1;SH3BGRL3;SEC61B;TIMP1;S100A11;CTSB;EIF5A;PPP1R14B;TPI1;TPM4;TNFRSF12A;TPM2;PGAM1;FN1;NME2;NME1;PKM;OSTC;KDELR2;P4HB;PFN1;GAPDH	5.095874022567896e-36
SRRS_d7_wound_alignment	100	Gene_Perturbations_from_GEO_up	4	PARK7 KD human GSE5519 sample 2379	3.6076301326823307e-37	40.86397128282638	3429.001968661728	YBX1;ACTB;ACTG1;SRM;TUBA1B;PRDX4;LGALS1;GNG5;BASP1;TMSB4X;CFL1;AP2S1;SH3BGRL3;RAC1;RABAC1;TMSB10;S100A11;AP2M1;CTSB;COX8A;PPP1R14B;TPM4;TNFRSF12A;MIF;PDIA6;CKAP4;NME1;PKM;KDELR2;P4HB;PPIB;PFN1;GAPDH	1.968864144911382e-34
SRRS_d7_wound_alignment	100	Gene_Perturbations_from_GEO_up	5	Irs2 KO mouse GSE2556 sample 331	6.137803801978478e-35	32.13298591005597	2531.3084599834115	TAGLN;GSTP1;UQCR10;ACTB;MYL12A;PSMA7;ACTG1;PTMS;SRM;TUBA1C;TUBA1B;LGALS1;GNG5;BASP1;TUBB3;SEC61G;CFL1;RAC1;TMSB10;AP2M1;POSTN;PPP1R14B;TPI1;TPM4;GSTO1;PGAM1;SSR3;COL1A1;COL3A1;PKM;OSTC;COL5A2;PLIN2;GAPDH	2.478723171651655e-32
SRRS_d7_wound_alignment	100	Gene_Perturbations_from_GEO_up	6	Aqp11 Deficiency mouse GSE10634 sample 605	6.812798456211604e-35	34.26452842172118	2695.647853810457	TAGLN;GSTP1;ACTG1;TUBA1B;LGALS1;SEC61G;TMSB4X;CFL1;SH3BGRL3;TIMP1;TMSB10;S100A11;CTSB;EIF5A;POSTN;TPM4;TNFRSF12A;SSR3;FN1;NME2;PDIA6;COL1A1;RCN3;COL3A1;OSTC;COL5A2;COL6A3;PLIN2;TGFBI;CALR;P4HB;PPIB;PFN1	2.478723171651655e-32
SRRS_d7_wound_alignment	100	Gene_Perturbations_from_GEO_up	7	NR2F2 KD human GSE47438 sample 2214	3.2662401443802345e-34	32.50912106135987	2506.5915159727942	BRI3;GSTP1;YBX1;ACTB;MYL12A;ACTG1;PTMS;TUBA1C;LGALS1;TUBB3;GUK1;C1QBP;TIMP1;RABAC1;TMSB10;COX8A;EIF5A;VKORC1;PPP1R14B;MAP2K2;TPI1;TNFRSF12A;SSR4;GSTO1;TPM2;PGAM1;MIF;PDIA6;CKAP4;LSM7;VDAC1;P4HB;GAPDH	1.0186003193117217e-31
SRRS_d7_wound_alignment	100	Gene_Perturbations_from_GEO_up	8	LRRK2 Gly2019Ser (G2019S) mutation knockin human GSE36321 sample 1688	5.413792640874021e-34	31.962735988929524	2448.31180083007	TAGLN;GSTP1;UQCR10;ENO1;ACTB;MYL12A;PSMA7;ACTG1;SRM;EEF1B2;LDHB;TUBA1C;TUBA1B;PRDX4;GNG5;SEC61G;TMSB4X;COTL1;SEC61B;TIMP1;RAC1;TMSB10;COX8A;PPP1R14B;GSTO1;PGAM1;FN1;MIF;PDIA6;CKAP4;NME1;LSM7;PPIB	1.4772886668784985e-31
SRRS_d7_wound_alignment	100	Gene_Perturbations_from_GEO_up	9	Hras Selective cardiac induced overexpression of the gene for in male mouse GSE3530 sample 984	1.70235453637539e-32	30.436031838477966	2226.4173587039736	TNC;ACTB;ACTG1;PTMS;EEF1B2;TUBA1B;LGALS1;TMSB4X;CFL1;SH3BGRL3;TIMP1;RAC1;S100A11;AP2M1;CTSB;CTHRC1;EIF5A;POSTN;TPM4;TNFRSF12A;LUM;PGAM1;SSR3;FN1;COL1A1;COL3A1;COL5A2;COL6A3;CALR;P4HB;PPIB;PFN1	4.1291555032305296e-30
SRRS_d7_wound_alignment	100	Gene_Perturbations_from_GEO_up	10	Hras OE mouse GSE3530 sample 2707	2.273420408480849e-32	30.13302575932334	2195.535572762712	TNC;ACTB;ACTG1;PTMS;EEF1B2;TUBA1B;LGALS1;TMSB4X;CFL1;SH3BGRL3;TIMP1;RAC1;S100A11;AP2M1;CTSB;CTHRC1;EIF5A;POSTN;TPM4;TNFRSF12A;LUM;PGAM1;SSR3;FN1;COL1A1;COL3A1;COL5A2;COL6A3;CALR;P4HB;PPIB;PFN1	4.9628767517136935e-30
SRRS_d7_wound_alignment	100	Gene_Perturbations_from_GEO_up	11	Dysf Deficiency mouse GSE2629 sample 869	4.0171136863335543e-32	31.71108330726723	2292.4626866438493	UQCR11;THY1;ACTB;MYL12A;ACTG1;PTMS;TUBA1C;TUBA1B;LGALS1;GNG5;TUBB3;SEC61G;TMSB4X;CFL1;SEC61B;RAC1;TMSB10;S100A11;VKORC1;POSTN;TPM4;LUM;FN1;ATOX1;COL1A1;COL3A1;RCN1;OSTC;COL5A2;COL6A3;PPIB	7.97214470660559e-30
SRRS_d7_wound_alignment	100	Gene_Perturbations_from_GEO_up	12	Myod1 Mutation - MyoD altered at lysine residues 99, 102, and 104, ren mouse GSE6487 sample 1180	7.625573851901466e-31	30.697601668404587	2128.8366293182057	ARPC1B;TNC;THY1;ACTB;ACTG1;PTMS;LGALS1;BASP1;SEC61G;TMSB4X;CFL1;SEC61B;TIMP1;TMSB10;S100A11;AP2M1;CTSB;POSTN;TPM4;GSTO1;SSR3;FN1;CKAP4;COL1A1;COL3A1;COL5A2;COL6A3;KDELR2;CALR;P4HB	1.3238184829600146e-28
SRRS_d7_wound_alignment	100	Gene_Perturbations_from_GEO_up	13	Eif2ak3 KO mouse GSE4422 sample 983	7.883481575116898e-31	25.032182835820894	1735.114971423023	UQCR11;YBX1;ACTB;MYL12A;ACTG1;TUBA1B;LGALS1;S100A16;SEC61G;TMSB4X;CFL1;SH3BGRL3;TMSB10;S100A11;AP2M1;CTSB;VKORC1;POSTN;SSR3;FN1;NME2;PDIA6;NME1;COL1A1;COL3A1;OSTC;COL6A3;KDELR2;PLIN2;CALR;PPIB;PFN1;GAPDH	1.3238184829600146e-28
SRRS_d7_wound_alignment	100	Gene_Perturbations_from_GEO_up	14	Akt1 KO mouse GSE2746 sample 223	2.4773647475934618e-30	29.39160839160839	2003.6364485104687	TNC;THY1;YBX1;ACTB;ACTG1;PTMS;TUBA1B;PRDX4;BASP1;CFL1;TIMP1;AP2M1;SERF2;EIF5A;POSTN;PPP1R14B;TPM4;GSTO1;NME2;COL1A1;RCN3;COL3A1;RCN1;PKM;COL6A3;TGFBI;CALR;PPIB;PFN1;GAPDH	3.862919459997519e-28
SRRS_d7_wound_alignment	100	Gene_Perturbations_from_GEO_up	15	Dmd KO mouse GSE466 sample 880	1.107454151431367e-29	27.81173131504257	1854.2888885096265	BRI3;ARPC1B;GSTP1;MYL12A;ACTG1;PTMS;TUBA1C;TUBA1B;LGALS1;TUBB3;TMSB4X;CFL1;TIMP1;TMSB10;S100A11;CTSB;VKORC1;POSTN;PPP1R14B;TPM4;LUM;PGAM1;FN1;COL1A1;COL3A1;OSTC;COL5A2;COL6A3;PLIN2;PPIB	1.6117149417164494e-27
SRRS_d7_wound_alignment	100	Gene_Perturbations_from_GEO_up	16	Cdx2 KO mouse GSE12999 sample 773	1.232961493570847e-29	19.49798387096774	1297.8939949732571	TAGLN;ACTB;MYL12A;ACTG1;EEF1B2;TUBA1C;TUBA1B;LGALS1;GNG5;BASP1;SEC61G;C1QBP;TMSB4X;CFL1;TMSB10;S100A11;AP2M1;COX8A;EIF5A;TPI1;TPM4;PGAM1;SSR3;FN1;NME2;NME1;COL1A1;RCN3;PKM;VDAC1;PLIN2;CALR;P4HB;PPIB;PFN1;GAPDH	1.6822218377907243e-27
SRRS_d7_wound_alignment	100	Gene_Perturbations_from_GEO_up	17	KDM1B KD human GSE22859 sample 2611	1.7190936484441833e-29	25.54078193461409	1691.64696441176	ARPC1B;GSTP1;UQCR11;YBX1;SRM;PRDX4;LGALS1;GNG5;C1QBP;CFL1;TMSB10;S100A11;AP2M1;VKORC1;OST4;PRELID1;PPP1R14B;SSR4;PGAM1;MIF;PDIA6;CKAP4;NME1;RCN1;PKM;VDAC1;TGFBI;CALR;P4HB;PPIB;GAPDH	2.2075184909139128e-27
SRRS_d7_wound_alignment	100	Gene_Perturbations_from_GEO_up	18	MAP4K5 knockdown human GSE61497 sample 2053	5.42118743331394e-29	28.211862725649674	1836.1592909533224	UQCR10;ENO1;ACTB;PSMA7;ACTG1;SRM;TUBA1C;TUBA1B;GNG5;BASP1;S100A16;GUK1;SEC61G;C1QBP;CFL1;AP2S1;SH3BGRL3;SEC61B;TIMP1;TMSB10;S100A11;EIF5A;TNFRSF12A;SSR4;MIF;ATOX1;PLIN2;PPIB;PFN1	6.574695648291294e-27
SRRS_d7_wound_alignment	100	Gene_Perturbations_from_GEO_up	19	MYC Silencing human GSE22139 sample 1007	5.938930862313337e-29	26.14018691588785	1698.9406325041787	TAGLN;CXCL8;TNC;ACTB;MYL12A;ACTG1;GNG5;TUBB3;SEC61G;C1QBP;TMSB4X;CFL1;COTL1;SH3BGRL3;TIMP1;TMSB10;S100A11;EIF5A;PGAM1;FN1;PDIA6;COL3A1;PKM;OSTC;RAB13;COL6A3;TGFBI;CALR;PPIB;PFN1	6.823518985489481e-27
SRRS_d7_wound_alignment	100	Gene_Perturbations_from_GEO_up	20	PIK3CA activemutant human GSE17785 sample 2042	1.9483911123705882e-28	26.867284242366953	1714.2772441770728	TAGLN;ENO1;MYL12A;PSMA7;TUBA1C;TUBA1B;PRDX4;TUBB3;CFL1;COTL1;SH3BGRL3;RABAC1;AP2M1;VKORC1;OST4;POSTN;TPI1;TPM4;TNFRSF12A;TPM2;SPHK1;PGAM1;FN1;MIF;COL1A1;PKM;OSTC;P4HB;PFN1	2.126668899152497e-26
SRRS_d7_wound_alignment	100	Gene_Perturbations_from_GEO_up	21	MECOM KD human GSE16238 sample 2342	2.114772490873815e-28	28.925084175084177	1843.2057319000396	ARPC1B;GSTP1;UQCR10;ACTB;MYL12A;ACTG1;TUBA1B;PRDX4;LGALS1;GNG5;BASP1;TUBB3;CFL1;COTL1;AP2S1;SH3BGRL3;TIMP1;TMSB10;AP2M1;SERF2;SSR4;PGAM1;PDIA6;PKM;CALR;P4HB;PPIB;PFN1	2.198356355989304e-26
SRRS_d7_wound_alignment	100	Gene_Perturbations_from_GEO_up	22	Dmd Deficiency mouse GSE897 sample 906	4.136836874759067e-28	28.16789667896679	1776.0549292906785	YBX1;ACTB;ACTG1;PTMS;TUBA1C;TUBA1B;LGALS1;TMSB4X;CFL1;TIMP1;RAC1;TMSB10;S100A11;CTSB;POSTN;TPI1;TPM4;LUM;TPM2;PGAM1;SSR3;COL1A1;COL3A1;PKM;COL5A2;COL6A3;PLIN2;GAPDH	4.1048704079995656e-26
SRRS_d7_wound_alignment	100	Gene_Perturbations_from_GEO_up	23	Akt1 KO mouse GSE2746 sample 224	6.0237888163943085e-28	27.752525252525253	1739.4357606544856	TNC;THY1;YBX1;ACTG1;SRM;TUBA1B;PRDX4;BASP1;SH3BGRL3;TIMP1;AP2M1;VKORC1;POSTN;TPM4;GSTO1;CKAP4;COL1A1;RCN3;COL3A1;RCN1;OSTC;COL5A2;COL6A3;KDELR2;TGFBI;CALR;P4HB;PPIB	5.717361298342946e-26
SRRS_d7_wound_alignment	100	Gene_Perturbations_from_GEO_up	24	MECOM KD human GSE16238 sample 2341	6.611556978132525e-28	27.650563607085346	1730.470801346691	CXCL8;ARPC1B;UQCR10;ENO1;ACTB;LGALS1;TMSB4X;SH3BGRL3;TIMP1;RAC1;TMSB10;S100A11;AP2M1;CTSB;CTHRC1;OST4;SSR4;PGAM1;MIF;PDIA6;PKM;OSTC;RAB13;KDELR2;TGFBI;P4HB;PPIB;GAPDH	6.013762034693042e-26
SRRS_d7_wound_alignment	100	Gene_Perturbations_from_GEO_up	25	ERBB2 overexpression human GSE14990 sample 1992	1.1976264481615745e-27	23.394253790901836	1450.1970630448377	ENO1;YBX1;ACTB;MYL12A;PSMA7;ACTG1;SRM;LDHB;TUBA1C;TUBA1B;PRDX4;GNG5;TUBB3;S100A16;SEC61G;C1QBP;TMSB4X;CFL1;COTL1;AP2S1;TIMP1;EIF5A;PRELID1;TNFRSF12A;GSTO1;PGAM1;PDIA6;NME1;LSM7;PFN1	1.0457674145346868e-25
SRRS_d7_wound_alignment	100	Gene_Perturbations_from_GEO_up	26	KDM4C natural variation human GSE41040 sample 615	1.4346413705791098e-27	31.7215472353087	1960.6733892377972	TAGLN;GSTP1;UQCR11;EEF1B2;PRDX4;SEC61G;TMSB4X;TIMP1;TMSB10;SERF2;CTHRC1;VKORC1;OST4;TPI1;SSR4;LUM;FN1;MIF;COL1A1;COL3A1;RCN1;RAB13;TGFBI;P4HB;PPIB;GAPDH	1.204546966143922e-25
SRRS_d7_wound_alignment	100	Gene_Perturbations_from_GEO_up	27	Muc2 &quot;missense mutation (T2996C, Accession AJ511873) resulting i mouse GSE9913 sample 1053	1.5291370910828454e-27	24.83431020908057	1533.3968164792593	UQCR11;ACTB;PSMA7;ACTG1;GNG5;S100A16;SEC61G;C1QBP;TMSB4X;CFL1;SH3BGRL3;SEC61B;RAC1;TMSB10;S100A11;EIF5A;PRELID1;TPI1;SSR4;PGAM1;NME2;NME1;PKM;OSTC;CALR;P4HB;PPIB;PFN1;GAPDH	1.236335655494019e-25
SRRS_d7_wound_alignment	100	Gene_Perturbations_from_GEO_up	28	IRS3P KO mouse GSE2556 sample 332	1.6606260453626408e-27	24.756159246500676	1526.5292155550355	TAGLN;GSTP1;YBX1;ACTB;MYL12A;PSMA7;ACTG1;PTMS;SRM;TUBA1C;TUBA1B;GNG5;BASP1;TUBB3;CFL1;RAC1;TMSB10;AP2M1;POSTN;PPP1R14B;TPI1;TPM4;GSTO1;PGAM1;COL1A1;COL3A1;PKM;COL5A2;GAPDH	1.294695234652373e-25
SRRS_d7_wound_alignment	100	Gene_Perturbations_from_GEO_up	29	Pparg OE mouse GSE2192 sample 861	1.737652276296189e-27	28.837573385518592	1776.892331326778	ARPC1B;GSTP1;UQCR10;YBX1;ACTB;MYL12A;ACTG1;PTMS;SRM;TUBA1C;TUBA1B;LGALS1;GNG5;TUBB3;CFL1;SEC61B;TMSB10;S100A11;PPP1R14B;TPI1;TPM4;GSTO1;PGAM1;PKM;PLIN2;PFN1;GAPDH	1.308032730742959e-25
SRRS_d7_wound_alignment	100	Gene_Perturbations_from_GEO_up	30	Lhx1 NULL MUTATION - Ablation mouse GSE4230 sample 775	2.5571891673044007e-27	22.746894409937887	1392.812563003994	BRI3;UQCR11;PTMS;SRM;LGALS1;SEC61G;C1QBP;AP2S1;SH3BGRL3;TMSB10;S100A11;COX8A;EIF5A;VKORC1;PRELID1;POSTN;TPI1;TPM4;PGAM1;SSR3;FN1;MIF;COL1A1;COL3A1;PKM;TGFBI;P4HB;PPIB;PFN1;GAPDH	1.8100970870239086e-25
SRRS_d7_wound_alignment	100	Gene_Perturbations_from_GEO_up	31	EZH2 DEPLETION human GSE6015 sample 144	2.5704539485909835e-27	26.205231004200076	1604.4340048108152	GSTP1;TNC;UQCR10;ENO1;YBX1;PRDX4;GNG5;AP2S1;SH3BGRL3;TIMP1;TMSB10;S100A11;AP2M1;VKORC1;TPI1;TNFRSF12A;LUM;MIF;PDIA6;CKAP4;ATOX1;NME1;COL1A1;PKM;ADAM12;VDAC1;TGFBI;P4HB	1.8100970870239086e-25
SRRS_d7_wound_alignment	100	Gene_Perturbations_from_GEO_up	32	Irs1 KO mouse GSE2556 sample 330	2.7097299015624722e-27	24.29723018964853	1486.3332122559884	TAGLN;BRI3;GSTP1;UQCR10;THY1;ACTB;MYL12A;ACTG1;PTMS;TUBA1C;TUBA1B;LGALS1;GNG5;BASP1;CFL1;TIMP1;RAC1;TMSB10;AP2M1;TPI1;TPM4;GSTO1;PGAM1;ATOX1;COL1A1;PKM;COL5A2;PPIB;GAPDH	1.848543867222149e-25
SRRS_d7_wound_alignment	100	Gene_Perturbations_from_GEO_up	33	Hras  mouse GSE3530 sample 990	3.707863988049848e-27	22.436231328992722	1365.45426542225	BRI3;ACTB;ACTG1;PTMS;EEF1B2;LGALS1;TMSB4X;CFL1;SH3BGRL3;RAC1;RABAC1;TMSB10;S100A11;CTSB;VKORC1;POSTN;TPM4;TNFRSF12A;LUM;GSTO1;FN1;COL1A1;COL3A1;COL5A2;COL6A3;TGFBI;CALR;P4HB;PPIB;PFN1	2.452808207852369e-25
SRRS_d7_wound_alignment	100	Gene_Perturbations_from_GEO_up	34	IGF1 OE human GSE7561 sample 569	4.1355316514699155e-27	27.830420406235238	1690.7030941595092	ARPC1B;YBX1;ACTB;PSMA7;ACTG1;TUBA1C;TUBA1B;GNG5;TUBB3;SEC61G;CFL1;AP2S1;SH3BGRL3;SEC61B;RAC1;S100A11;COX8A;PPP1R14B;TPI1;TNFRSF12A;PGAM1;MIF;NME1;PKM;P4HB;PFN1;GAPDH	2.655254586811419e-25
SRRS_d7_wound_alignment	100	Gene_Perturbations_from_GEO_up	35	KDM4C natural variation human GSE41040 sample 617	6.022836874324066e-27	27.40475575084001	1654.5412767520575	TAGLN;GSTP1;UQCR11;THY1;EEF1B2;PRDX4;SEC61G;TMSB4X;TIMP1;S100A11;CTHRC1;OST4;POSTN;TPI1;LUM;PGAM1;SSR3;FN1;MIF;COL1A1;COL3A1;RCN1;OSTC;RAB13;TGFBI;P4HB;PPIB	3.756529399042696e-25
SRRS_d7_wound_alignment	100	Gene_Perturbations_from_GEO_up	36	ERG KD human GSE14801 sample 827	7.094819187512978e-27	32.504950495049506	1957.1371337129392	TAGLN;CXCL8;ENO1;YBX1;ACTG1;EEF1B2;LGALS1;GNG5;BASP1;C1QBP;TMSB4X;CFL1;COTL1;AP2S1;TIMP1;TMSB10;TPM4;TNFRSF12A;TPM2;SPHK1;PGAM1;FN1;NME1;PFN1;GAPDH	4.302219523983564e-25
SRRS_d7_wound_alignment	100	Gene_Perturbations_from_GEO_up	37	SUZ12 DEPLETION human GSE6015 sample 146	2.2977622176811762e-26	28.186982901268614	1664.026335404065	ARPC1B;GSTP1;UQCR10;YBX1;ACTB;TUBA1C;LGALS1;AP2S1;SH3BGRL3;RABAC1;TMSB10;S100A11;AP2M1;TPI1;TNFRSF12A;GSTO1;PGAM1;INHBA;PDIA6;ATOX1;COL1A1;RCN1;COL6A3;TGFBI;P4HB;GAPDH	1.3500431232003644e-24
SRRS_d7_wound_alignment	100	Gene_Perturbations_from_GEO_up	38	Akt1 KO mouse GSE2746 sample 222	2.3500521613199197e-26	25.916829745596868	1529.4240397334188	TNC;THY1;ACTB;ACTG1;EEF1B2;PRDX4;BASP1;C1QBP;CFL1;SH3BGRL3;TIMP1;TMSB10;EIF5A;VKORC1;POSTN;TPM4;GSTO1;INHBA;COL1A1;RCN3;COL3A1;RCN1;COL6A3;TGFBI;CALR;PPIB;PFN1	1.3500431232003644e-24
SRRS_d7_wound_alignment	100	Gene_Perturbations_from_GEO_up	39	IRS3P KO mouse GSE2556 sample 2539	3.337700939715858e-26	25.546594636311017	1498.6125511289772	TAGLN;YBX1;ACTB;MYL12A;PSMA7;ACTG1;SRM;TUBA1C;TUBA1B;GNG5;BASP1;TUBB3;CFL1;RAC1;TMSB10;POSTN;PPP1R14B;TPI1;TPM4;GSTO1;PGAM1;CKAP4;COL1A1;COL3A1;PKM;COL5A2;GAPDH	1.8682567054871073e-24
SRRS_d7_wound_alignment	100	Gene_Perturbations_from_GEO_up	40	Zfx KO mouse GSE7069 sample 177	4.0507764201420014e-26	23.496570644718794	1373.8046318043723	TAGLN;ARPC1B;TNC;ACTB;MYL12A;ACTG1;LGALS1;BASP1;TMSB4X;TIMP1;TMSB10;S100A11;POSTN;TPM4;TNFRSF12A;GSTO1;TPM2;PGAM1;FN1;CKAP4;COL1A1;COL3A1;RCN1;COL5A2;PLIN2;TGFBI;P4HB;PFN1	2.2107112312924974e-24
SRRS_d7_wound_alignment	100	Gene_Perturbations_from_GEO_up	41	YY2 KD human GSE14964 sample 517	4.250142655772763e-26	36.85227272727273	2152.91934950557	COX8A;PGAM1;ACTB;NME1;LDHB;TUBA1C;TUBA1B;LGALS1;PKM;GNG5;BASP1;TUBB3;S100A16;TMSB4X;CFL1;COTL1;SH3BGRL3;TGFBI;PPIB;PFN1;TMSB10;GAPDH;S100A11	2.2629418091590102e-24
SRRS_d7_wound_alignment	100	Gene_Perturbations_from_GEO_up	42	PCGF2 KD human GSE7578 sample 130	7.166225546502472e-26	26.854453675465347	1554.814682934009	CXCL8;TNC;ACTB;TUBA1C;TUBA1B;PRDX4;S100A16;TMSB10;CTSB;CTHRC1;TNFRSF12A;FN1;INHBA;PDIA6;CKAP4;COL1A1;RCN3;RCN1;COL5A2;COL6A3;KDELR2;TGFBI;CALR;P4HB;PPIB;GAPDH	3.724731040003547e-24
SRRS_d7_wound_alignment	100	Gene_Perturbations_from_GEO_up	43	TBK1 knockdown human GSE17643 sample 1890	1.5264500571021506e-25	24.001905107502495	1371.5092412749468	GSTP1;UQCR11;UQCR10;LDHB;TUBA1B;LGALS1;GNG5;BASP1;TUBB3;TMSB4X;CFL1;AP2S1;SEC61B;TIMP1;TMSB10;S100A11;COX8A;TPI1;GSTO1;PGAM1;MIF;CKAP4;ATOX1;RAB13;KDELR2;TGFBI;CALR	7.74939645268371e-24
SRRS_d7_wound_alignment	100	Gene_Perturbations_from_GEO_up	44	ADRB1 Beta-1 receptor blocker (NEBIVOLOL) human GSE3356 sample 2279	3.486033512603476e-25	18.954545454545453	1067.4415805781719	TAGLN;ARPC1B;GSTP1;UQCR11;UQCR10;YBX1;GNG5;TUBB3;SEC61G;TMSB4X;AP2S1;SH3BGRL3;SEC61B;TIMP1;RABAC1;S100A11;AP2M1;CTSB;COX8A;VKORC1;GSTO1;TPM2;MIF;PDIA6;ATOX1;NME1;PKM;FAP;P4HB;PFN1	1.7295479904575882e-23
SRRS_d7_wound_alignment	100	Gene_Perturbations_from_GEO_up	45	Abcb4 KO mouse GSE4612 sample 313	3.656786407894011e-25	21.534309096632043	1211.693421476541	ENO1;ACTB;MYL12A;ACTG1;PTMS;TUBA1B;LGALS1;GNG5;TMSB4X;CFL1;TMSB10;S100A11;CTSB;OST4;TPI1;TPM4;LUM;PGAM1;SSR3;FN1;MIF;ATOX1;COL3A1;OSTC;PLIN2;CALR;PFN1;GAPDH	1.7739477174294727e-23
SRRS_d7_wound_alignment	100	Gene_Perturbations_from_GEO_up	46	IRS4 KO mouse GSE2556 sample 2540	4.227240410591661e-25	21.410798122065728	1201.6398915458738	BRI3;GSTP1;UQCR11;UQCR10;MYL12A;ACTG1;PTMS;TUBA1C;LGALS1;TUBB3;CFL1;SEC61B;RAC1;RABAC1;TMSB10;S100A11;CTSB;POSTN;TPI1;GSTO1;PGAM1;FN1;ATOX1;LSM7;PKM;PLIN2;TGFBI;GAPDH	2.0061012644177382e-23
SRRS_d7_wound_alignment	100	Gene_Perturbations_from_GEO_up	47	Dmd Deficiency mouse GSE897 sample 907	4.969753797487573e-25	32.724386724386726	1831.2978164263125	POSTN;LUM;TPM2;YBX1;ACTB;ACTG1;PTMS;COL1A1;TUBA1C;COL3A1;TUBA1B;LGALS1;BASP1;TMSB4X;COL5A2;CFL1;COL6A3;TIMP1;RAC1;TMSB10;GAPDH;S100A11;CTSB	2.3031862337540885e-23
SRRS_d7_wound_alignment	100	Gene_Perturbations_from_GEO_up	48	Dmd Deficiency mouse GSE897 sample 905	5.064266569866984e-25	22.84866686832894	1278.2096727185835	GSTP1;UQCR10;MYL12A;ACTG1;PTMS;TUBA1C;TUBA1B;LGALS1;SEC61G;TMSB4X;CFL1;TIMP1;RAC1;TMSB10;S100A11;CTSB;POSTN;TPM4;LUM;PGAM1;ATOX1;COL1A1;COL3A1;PKM;OSTC;COL5A2;COL6A3	2.3031862337540885e-23
SRRS_d7_wound_alignment	100	Gene_Perturbations_from_GEO_up	49	UPF1 KD human GSE1703 sample 1039	8.03527924075467e-25	20.871794871794872	1157.9835758101965	TAGLN;ENO1;ACTB;ACTG1;SRM;TUBA1B;PRDX4;LGALS1;GNG5;TUBB3;TMSB4X;CFL1;AP2S1;SEC61B;TIMP1;RABAC1;TMSB10;S100A11;AP2M1;SSR4;GSTO1;NME2;CKAP4;NME1;KDELR2;P4HB;PPIB;PFN1	3.579798894401519e-23
SRRS_d7_wound_alignment	100	Gene_Perturbations_from_GEO_up	50	Dmd Deficiency mouse GSE1026 sample 928	2.137077075687669e-24	21.535714285714285	1173.7524901045097	BRI3;GSTP1;PSMA7;ACTG1;TUBA1C;TUBA1B;LGALS1;BASP1;TUBB3;SEC61G;TMSB4X;CFL1;TIMP1;TMSB10;S100A11;CTSB;VKORC1;POSTN;PPP1R14B;TPM4;LUM;SSR3;OSTC;COL5A2;COL6A3;PLIN2;PPIB	9.330478512452363e-23
SRRS_d7_wound_alignment	100	Gene_Perturbations_from_GEO_up	51	CMAHP KO mouse GSE16438 sample 1147	2.4299198181807774e-24	23.11137311808453	1256.6620537609247	GSTP1;ACTG1;TUBA1B;LGALS1;BASP1;CFL1;SH3BGRL3;TIMP1;TMSB10;S100A11;AP2M1;CTSB;PRELID1;POSTN;TPM4;PGAM1;FN1;CKAP4;COL3A1;COL5A2;COL6A3;KDELR2;PLIN2;TGFBI;PPIB;PFN1	1.0401009731546348e-22
SRRS_d7_wound_alignment	100	Gene_Perturbations_from_GEO_up	52	KDM4C natural variation human GSE41040 sample 616	3.2901042888038306e-24	29.874678620871514	1615.3574213642462	VKORC1;OST4;TAGLN;SSR4;LUM;FN1;CKAP4;ACTG1;LDHB;COL3A1;PRDX4;LGALS1;PKM;S100A16;TMSB4X;RAB13;SH3BGRL3;P4HB;PPIB;RABAC1;TMSB10;GAPDH;SERF2	1.3812110889343775e-22
SRRS_d7_wound_alignment	100	Gene_Perturbations_from_GEO_up	53	Mef2d KD mouse GSE47150 sample 366	3.611171532006075e-24	22.724199446971724	1226.6070647192496	UQCR11;THY1;ACTB;ACTG1;EEF1B2;LDHB;TUBA1B;BASP1;TUBB3;C1QBP;TMSB4X;CFL1;SH3BGRL3;TMSB10;AP2M1;COX8A;EIF5A;TPI1;PGAM1;NME2;NME1;PKM;VDAC1;CALR;PPIB;GAPDH	1.4873938593149552e-22
SRRS_d7_wound_alignment	100	Gene_Perturbations_from_GEO_up	54	Dysf Deficiency mouse GSE2629 sample 870	6.715808424573494e-24	22.130616146693317	1180.836077639706	BRI3;UQCR11;ACTB;ACTG1;PTMS;TUBA1C;TUBA1B;LGALS1;GNG5;BASP1;TMSB4X;CFL1;RAC1;RABAC1;TMSB10;S100A11;VKORC1;POSTN;TPI1;TPM4;LUM;FN1;COL1A1;COL3A1;COL5A2;COL6A3	2.7149277390451737e-22
SRRS_d7_wound_alignment	100	Gene_Perturbations_from_GEO_up	55	RELA KD human GSE1676 sample 1787	1.3197639964750804e-23	18.67241379310345	983.7001820367102	UQCR11;UQCR10;ENO1;YBX1;ACTB;SRM;LDHB;PRDX4;BASP1;C1QBP;AP2S1;RABAC1;AP2M1;COX8A;EIF5A;MAP2K2;TPI1;SSR4;GSTO1;PGAM1;MIF;NME1;PKM;VDAC1;P4HB;PPIB;PFN1;GAPDH	5.238263280554728e-22
SRRS_d7_wound_alignment	100	Gene_Perturbations_from_GEO_up	56	SYNCRIP OE human GSE4425 sample 110	1.426506173839373e-23	21.430243327439587	1127.3214257916025	GSTP1;UQCR10;ENO1;ACTG1;TUBA1C;TUBA1B;PRDX4;TMSB4X;CFL1;COTL1;AP2S1;SH3BGRL3;TIMP1;RAC1;TMSB10;CTSB;COX8A;TPI1;GSTO1;CKAP4;LSM7;PKM;TGFBI;P4HB;PFN1;GAPDH	5.56082674552027e-22
SRRS_d7_wound_alignment	100	Gene_Perturbations_from_GEO_up	57	Rb1 Deficiency mouse GSE6787 sample 671	1.7697553371561103e-23	19.74017516281159	1034.1604530101338	BRI3;GSTP1;MYL12A;ACTG1;PTMS;PRDX4;GNG5;BASP1;TMSB4X;RAC1;RABAC1;TMSB10;S100A11;POSTN;TPI1;TPM4;LUM;PGAM1;SSR3;PDIA6;COL1A1;COL3A1;PKM;OSTC;COL5A2;COL6A3;GAPDH	6.777852457915419e-22
SRRS_d7_wound_alignment	100	Gene_Perturbations_from_GEO_up	58	AMER1 OE human GSE34715 sample 61	1.997438411314851e-23	24.922003804692455	1302.6131160584678	COX8A;OST4;PRELID1;TPI1;SSR4;GSTO1;UQCR11;UQCR10;MIF;ENO1;YBX1;SRM;LDHB;PRDX4;PKM;GNG5;C1QBP;CFL1;RAB13;AP2S1;PPIB;PFN1;TMSB10;SERF2	7.517944917069517e-22
SRRS_d7_wound_alignment	100	Gene_Perturbations_from_GEO_up	59	Dmd Deficiency mouse GSE897 sample 910	2.3486366729527056e-23	22.699074074074073	1182.749376137231	YBX1;ACTB;MYL12A;ACTG1;TUBA1C;TUBA1B;LGALS1;GNG5;BASP1;TUBB3;TMSB4X;RAC1;TMSB10;S100A11;CTSB;POSTN;TPI1;TPM4;LUM;COL1A1;COL3A1;PKM;COL5A2;COL6A3;GAPDH	8.68995568992501e-22
SRRS_d7_wound_alignment	100	Gene_Perturbations_from_GEO_up	60	Slc39a13 Deficiency mouse GSE10556 sample 597	3.0354202849689975e-23	26.8435628298642	1391.8147679912377	VKORC1;OST4;POSTN;LUM;SSR3;FN1;NME1;COL1A1;RCN3;COL3A1;OSTC;SEC61G;COL5A2;COL6A3;KDELR2;PLIN2;TGFBI;CALR;TIMP1;P4HB;PPIB;RABAC1;CTHRC1	1.1043870803478869e-21
SRRS_d7_wound_alignment	100	Gene_Perturbations_from_GEO_up	61	IGF1 OE human GSE7561 sample 567	3.670912149668948e-23	24.231907894736842	1251.796541041466	PPP1R14B;TPI1;TNFRSF12A;ARPC1B;PGAM1;ENO1;ACTB;MYL12A;PSMA7;ACTG1;NME1;SRM;TUBA1C;TUBA1B;PRDX4;GNG5;TUBB3;C1QBP;TMSB4X;CFL1;SEC61B;PFN1;TMSB10;SERF2	1.3137051184798875e-21
SRRS_d7_wound_alignment	100	Gene_Perturbations_from_GEO_up	62	Tcof1 KD mouse GSE1956 sample 182	5.356007556469953e-23	26.11976911976912	1339.4541045769047	COX8A;EIF5A;PRELID1;PPP1R14B;TPI1;TPM4;PGAM1;GSTP1;UQCR11;MIF;PSMA7;SRM;TUBA1B;PKM;TUBB3;OSTC;SEC61G;VDAC1;CALR;P4HB;PFN1;TMSB10;GAPDH	1.88583298318934e-21
SRRS_d7_wound_alignment	100	Gene_Perturbations_from_GEO_up	63	Socs3 DELETION mouse GSE2202 sample 107	5.612920819509993e-23	23.761645493042952	1217.4133150383398	VKORC1;TPM4;ARPC1B;SSR3;YBX1;CKAP4;ACTG1;RCN3;RCN1;LGALS1;BASP1;SEC61G;AP2S1;KDELR2;VDAC1;PLIN2;CALR;TIMP1;P4HB;RAC1;PPIB;TMSB10;S100A11;AP2M1	1.9145322107797367e-21
SRRS_d7_wound_alignment	100	Gene_Perturbations_from_GEO_up	64	RNF185 KD human GSE47685 sample 1780	5.612920819509993e-23	23.761645493042952	1217.4133150383398	PRELID1;TPM4;SSR4;YBX1;PDIA6;ACTB;ACTG1;TUBA1C;LSM7;TUBA1B;PRDX4;LGALS1;PKM;BASP1;S100A16;C1QBP;CFL1;COTL1;P4HB;PPIB;PFN1;TMSB10;GAPDH;S100A11	1.9145322107797367e-21
SRRS_d7_wound_alignment	100	Gene_Perturbations_from_GEO_up	65	Dmd Deficiency mouse GSE1472 sample 1642	8.091245732361687e-23	21.486842105263158	1093.0071756979983	YBX1;ACTG1;PTMS;TUBA1C;TUBA1B;LGALS1;BASP1;TMSB4X;CFL1;TIMP1;RAC1;TMSB10;S100A11;CTSB;VKORC1;POSTN;TPM4;LUM;FN1;COL1A1;COL3A1;COL5A2;COL6A3;PLIN2;PPIB	2.7174137590377788e-21
SRRS_d7_wound_alignment	100	Gene_Perturbations_from_GEO_up	66	ADRB1 Beta-1 receptor blocker (METOPROLOL) human GSE3356 sample 2278	1.0941922024623912e-22	17.159611992945326	867.7076229917521	TAGLN;CXCL8;UQCR11;UQCR10;ENO1;YBX1;MYL12A;LDHB;PRDX4;GNG5;BASP1;SEC61G;TMSB4X;SEC61B;AP2M1;VKORC1;POSTN;TPI1;PGAM1;FN1;INHBA;PDIA6;COL3A1;FAP;COL5A2;COL6A3;KDELR2;P4HB	3.619123602993031e-21
SRRS_d7_wound_alignment	100	Gene_Perturbations_from_GEO_up	67	FAM60A KD human GSE39733 sample 3034	1.1814568541113397e-22	22.95906432748538	1159.2059990050732	COX8A;VKORC1;TAGLN;SSR4;FN1;MIF;ACTB;SRM;EEF1B2;LSM7;LGALS1;PKM;BASP1;TUBB3;COL5A2;SH3BGRL3;TGFBI;TIMP1;P4HB;PFN1;RABAC1;TMSB10;AP2M1;CTSB	3.849433302276201e-21
SRRS_d7_wound_alignment	100	Gene_Perturbations_from_GEO_up	68	CMAHP KO mouse GSE16438 sample 1149	1.2652036394733172e-22	21.06451612903226	1062.1074270582726	ACTB;ACTG1;TUBA1B;LGALS1;BASP1;TMSB4X;CFL1;SH3BGRL3;TIMP1;TMSB10;S100A11;CTSB;POSTN;PGAM1;FN1;CKAP4;COL1A1;COL3A1;COL5A2;COL6A3;KDELR2;PLIN2;TGFBI;P4HB;PPIB	4.0616758014268404e-21
SRRS_d7_wound_alignment	100	Gene_Perturbations_from_GEO_up	69	MYB Oncogenic mutation human GSE2815 sample 1740	1.3780781642790195e-22	17.00187265917603	855.8093590956437	ENO1;YBX1;ACTB;ACTG1;SRM;EEF1B2;TUBA1C;LGALS1;GNG5;TUBB3;C1QBP;AP2S1;SH3BGRL3;RAC1;TMSB10;S100A11;CTSB;PPP1R14B;TPI1;TPM4;SSR4;PGAM1;MIF;PKM;RAB13;TGFBI;CALR;P4HB	4.359919757421884e-21
SRRS_d7_wound_alignment	100	Gene_Perturbations_from_GEO_up	70	Ksr2 knockout mouse GSE17923 sample 2043	1.696272270117281e-22	20.791932059447984	1042.2670976172753	TAGLN;ARPC1B;ACTB;MYL12A;ACTG1;TUBA1B;LGALS1;TMSB4X;CFL1;SH3BGRL3;RABAC1;TMSB10;S100A11;CTSB;EIF5A;POSTN;TPI1;TPM4;NME2;COL3A1;COL6A3;PLIN2;CALR;P4HB;GAPDH	5.289946236665749e-21
SRRS_d7_wound_alignment	100	Gene_Perturbations_from_GEO_up	71	Scd1 Null mutation (low far, high carbohydrate) mouse GSE3889 sample 1403	1.9141167588808034e-22	22.45308924485126	1122.825459405226	EIF5A;TPI1;TNFRSF12A;GSTP1;NME2;ACTB;MYL12A;ACTG1;SRM;EEF1B2;TUBA1B;LGALS1;SEC61G;TMSB4X;CFL1;PLIN2;CALR;P4HB;PPIB;PFN1;TMSB10;GAPDH;S100A11;CTSB	5.885235048784217e-21
SRRS_d7_wound_alignment	100	Gene_Perturbations_from_GEO_up	72	Dmd Deficiency mouse GSE897 sample 914	2.0264460077454696e-22	17.84863691848637	891.5499183982425	UQCR10;ACTB;ACTG1;PTMS;TUBA1C;TUBA1B;LGALS1;GNG5;BASP1;TMSB4X;CFL1;TIMP1;RAC1;RABAC1;TMSB10;S100A11;CTSB;VKORC1;POSTN;TPM4;LUM;FN1;ATOX1;COL1A1;COL3A1;COL5A2;COL6A3	6.1440717151505e-21
SRRS_d7_wound_alignment	100	Gene_Perturbations_from_GEO_up	73	St6gal1 Deficiency mouse GSE9447 sample 635	2.614914347252473e-22	20.395833333333332	1013.5840051774234	ARPC1B;THY1;ACTG1;TUBA1B;LGALS1;S100A16;SEC61G;TMSB4X;CFL1;SEC61B;TIMP1;EIF5A;POSTN;LUM;SSR3;FN1;NME2;PDIA6;COL1A1;COL3A1;COL5A2;COL6A3;CALR;P4HB;PPIB	7.74405331794661e-21
SRRS_d7_wound_alignment	100	Gene_Perturbations_from_GEO_up	74	RAF1 overexpression human GSE42964 sample 1982	2.6251028196429186e-22	22.127819548872182	1099.5701209074102	VKORC1;FKBP11;TAGLN;PPP1R14B;TPI1;TNFRSF12A;SSR4;BRI3;GSTP1;MIF;ACTB;CKAP4;ATOX1;ACTG1;TUBA1B;SEC61G;COL5A2;CFL1;AP2S1;KDELR2;SEC61B;P4HB;RABAC1;SERF2	7.74405331794661e-21
SRRS_d7_wound_alignment	100	Gene_Perturbations_from_GEO_up	75	PARK7 KD human GSE5519 sample 1132	3.5840189352213076e-22	21.8117123795404	1077.0708042691467	TPM4;TNFRSF12A;UQCR10;MIF;YBX1;PDIA6;ACTB;ACTG1;SRM;TUBA1B;PRDX4;LGALS1;GNG5;BASP1;TMSB4X;CFL1;KDELR2;TIMP1;P4HB;RAC1;PPIB;RABAC1;TMSB10;S100A11	1.0431884447450818e-20
SRRS_d7_wound_alignment	100	Gene_Perturbations_from_GEO_up	76	Dmd mutation leading to lack of expression (mdx mutant) mouse GSE7187 sample 1298	3.6771176846949426e-22	18.648354876615745	920.3847592952234	ARPC1B;ACTG1;TUBA1B;LGALS1;BASP1;TMSB4X;CFL1;COTL1;SH3BGRL3;TIMP1;TMSB10;S100A11;CTSB;VKORC1;PRELID1;POSTN;LUM;PGAM1;COL3A1;RCN1;FAP;COL5A2;COL6A3;PLIN2;TGFBI;PPIB	1.056203671801192e-20
SRRS_d7_wound_alignment	100	Gene_Perturbations_from_GEO_up	77	FLI1 EWS-FLI1 fusion protein expression human GSE1822 sample 1187	3.9219530527724294e-22	18.596865157840767	916.644733309148	GSTP1;ENO1;YBX1;ACTB;ACTG1;SRM;EEF1B2;PRDX4;GNG5;TUBB3;GUK1;SEC61G;C1QBP;AP2S1;RABAC1;TMSB10;PPP1R14B;TPI1;SSR4;PDIA6;NME1;PKM;KDELR2;P4HB;PPIB;GAPDH	1.1118991576885992e-20
SRRS_d7_wound_alignment	100	Gene_Perturbations_from_GEO_up	78	BRCA1 DEPLETION human GSE22259 sample 529	4.753620789807944e-22	18.444056960185993	905.5656713275391	UQCR11;UQCR10;ACTB;ACTG1;EEF1B2;TUBA1C;TUBA1B;PRDX4;GNG5;TUBB3;SEC61G;TMSB4X;CFL1;SEC61B;TIMP1;S100A11;COX8A;TNFRSF12A;SSR4;GSTO1;CKAP4;OSTC;RAB13;P4HB;PPIB;PFN1	1.3304043825834284e-20
SRRS_d7_wound_alignment	100	Gene_Perturbations_from_GEO_up	79	Abcb4 KO mouse GSE4612 sample 312	5.661973363544473e-22	19.706948640483382	964.1250104334271	GSTP1;ACTB;ACTG1;TUBA1B;LGALS1;GNG5;SEC61G;TMSB4X;CFL1;TMSB10;S100A11;CTSB;EIF5A;OST4;TPI1;LUM;FN1;MIF;ATOX1;COL3A1;VDAC1;CALR;P4HB;PFN1;GAPDH	1.5645680826098208e-20
SRRS_d7_wound_alignment	100	Gene_Perturbations_from_GEO_up	80	Dmd Deficiency mouse GSE1026 sample 929	7.108016448922385e-22	21.132028022274117	1029.0378154574291	POSTN;PPP1R14B;LUM;PGAM1;TNC;UQCR10;ACTG1;TUBA1C;LSM7;TUBA1B;LGALS1;BASP1;TUBB3;OSTC;SEC61G;TMSB4X;COL5A2;CFL1;COL6A3;TIMP1;PPIB;TMSB10;S100A11;CTSB	1.9395999884996957e-20
SRRS_d7_wound_alignment	100	Gene_Perturbations_from_GEO_up	81	CFTR D508 mutation human GSE15568 sample 2425	7.440040522102693e-22	23.011713776419658	1119.519777434991	COX8A;TPM4;SSR4;GSTP1;ENO1;YBX1;ACTB;CKAP4;ACTG1;TUBA1C;TUBA1B;PKM;TUBB3;TMSB4X;CFL1;SH3BGRL3;TIMP1;P4HB;RAC1;PPIB;PFN1;TMSB10;S100A11	2.005136846882738e-20
SRRS_d7_wound_alignment	100	Gene_Perturbations_from_GEO_up	82	Dmd Deficiency mouse GSE897 sample 911	7.659859418798932e-22	21.05907626208378	1023.9107864693484	POSTN;LUM;GSTP1;FN1;ACTB;MYL12A;ATOX1;ACTG1;PTMS;COL1A1;TUBA1C;COL3A1;TUBA1B;LGALS1;BASP1;TMSB4X;COL5A2;CFL1;COL6A3;TIMP1;TMSB10;GAPDH;S100A11;CTSB	2.039204037955862e-20
SRRS_d7_wound_alignment	100	Gene_Perturbations_from_GEO_up	83	Muc2 &quot;missense mutation (G9492A, Accession AJ511872) resulting i mouse GSE9913 sample 1057	8.38534854318162e-22	18.00007093707881	873.5503921157182	UQCR11;ACTB;PSMA7;ACTG1;TUBA1B;GNG5;S100A16;SEC61G;C1QBP;CFL1;SEC61B;RAC1;TMSB10;S100A11;EIF5A;TPI1;TPM4;PGAM1;SSR3;NME2;NME1;PKM;CALR;P4HB;PPIB;GAPDH	2.2054476951524668e-20
SRRS_d7_wound_alignment	100	Gene_Perturbations_from_GEO_up	84	Irs1 KO mouse GSE2556 sample 2537	8.768373674582414e-22	22.83030976805296	1106.944022875792	TAGLN;POSTN;TPI1;GSTO1;PGAM1;GSTP1;THY1;YBX1;PTMS;COL1A1;TUBA1C;TUBA1B;PKM;GNG5;BASP1;COL5A2;CFL1;TIMP1;RAC1;PPIB;TMSB10;GAPDH;AP2M1	2.2787333013825488e-20
SRRS_d7_wound_alignment	100	Gene_Perturbations_from_GEO_up	85	Sox7 OE mouse GSE10809 sample 1004	1.2608396407951304e-21	24.663817663817664	1186.8847892836752	OST4;TAGLN;TPI1;SSR4;GSTP1;FN1;ACTB;ACTG1;TUBA1C;TUBA1B;LGALS1;PKM;GNG5;S100A16;TMSB4X;CFL1;P4HB;PFN1;RABAC1;TMSB10;GAPDH;S100A11	3.2381328657126705e-20
SRRS_d7_wound_alignment	100	Gene_Perturbations_from_GEO_up	86	Mef2a KD mouse GSE47150 sample 367	1.3805638979761403e-21	20.492854653189266	984.3085919340531	EIF5A;TPI1;PGAM1;NME2;UQCR11;MIF;THY1;ACTB;ACTG1;NME1;EEF1B2;LDHB;TUBA1B;PKM;BASP1;TUBB3;TMSB4X;CFL1;VDAC1;CALR;PPIB;TMSB10;GAPDH;AP2M1	3.4641045853815107e-20
SRRS_d7_wound_alignment	100	Gene_Perturbations_from_GEO_up	87	MIR34A OE human GSE7754 sample 672	1.3805638979761403e-21	20.492854653189266	984.3085919340531	EIF5A;PRELID1;TPI1;GSTO1;PGAM1;GSTP1;MIF;ENO1;YBX1;ACTB;ACTG1;NME1;LDHB;TUBA1C;TUBA1B;LGALS1;PKM;TUBB3;C1QBP;CFL1;AP2S1;PFN1;TMSB10;GAPDH	3.4641045853815107e-20
SRRS_d7_wound_alignment	100	Gene_Perturbations_from_GEO_up	88	Dmd Deficiency mouse GSE1025 sample 924	1.6704740044938197e-21	22.132075471698112	1058.8245960505017	POSTN;TPM4;LUM;FN1;ACTG1;PTMS;COL1A1;TUBA1C;COL3A1;TUBA1B;LGALS1;PKM;TUBB3;TMSB4X;COL5A2;CFL1;COL6A3;TIMP1;PPIB;TMSB10;GAPDH;S100A11;CTSB	4.0973536537191103e-20
SRRS_d7_wound_alignment	100	Gene_Perturbations_from_GEO_up	89	PPARGC1A KD human GSE36879 sample 2869	1.6704740044938197e-21	22.132075471698112	1058.8245960505017	VKORC1;TPI1;TNFRSF12A;PGAM1;TNC;MIF;INHBA;PDIA6;CKAP4;ATOX1;ACTG1;PRDX4;LGALS1;SEC61G;RAB13;COTL1;SH3BGRL3;TGFBI;TIMP1;P4HB;TMSB10;GAPDH;CTSB	4.0973536537191103e-20
SRRS_d7_wound_alignment	100	Gene_Perturbations_from_GEO_up	90	Dmd Deficiency mouse GSE897 sample 909	1.808141878646689e-21	22.047749243237966	1053.0443176135393	VKORC1;POSTN;TPI1;LUM;TPM2;GSTP1;SSR3;YBX1;ACTB;ACTG1;COL1A1;TUBA1C;COL3A1;TUBA1B;LGALS1;PKM;COL5A2;COL6A3;RAC1;RABAC1;TMSB10;GAPDH;CTSB	4.385748578984136e-20
SRRS_d7_wound_alignment	100	Gene_Perturbations_from_GEO_up	91	PPARGC1A KD human GSE36879 sample 2868	2.2889551608412812e-21	21.79853232269589	1036.0012216106913	VKORC1;TPI1;TNFRSF12A;PGAM1;MIF;INHBA;PDIA6;ACTB;CKAP4;ATOX1;ACTG1;RCN1;PRDX4;LGALS1;SEC61G;RAB13;COTL1;SH3BGRL3;TGFBI;TIMP1;P4HB;SERF2;CTSB	5.490977050677491e-20
SRRS_d7_wound_alignment	100	Gene_Perturbations_from_GEO_up	92	PPARGC1A KD human GSE36879 sample 3090	2.474670697231766e-21	21.716690716690717	1030.4174418195437	VKORC1;TPI1;SSR4;LUM;GSTO1;PGAM1;UQCR11;MIF;INHBA;PDIA6;ACTB;ATOX1;ACTG1;PRDX4;LGALS1;SEC61G;COL5A2;RAB13;COTL1;TGFBI;P4HB;TMSB10;CTSB	5.808823797910693e-20
SRRS_d7_wound_alignment	100	Gene_Perturbations_from_GEO_up	93	PPARGC1A KD human GSE36879 sample 3117	2.474670697231766e-21	21.716690716690717	1030.4174418195437	VKORC1;TPI1;SSR4;LUM;GSTO1;PGAM1;UQCR11;MIF;INHBA;PDIA6;ACTB;ATOX1;ACTG1;PRDX4;LGALS1;SEC61G;COL5A2;RAB13;COTL1;TGFBI;P4HB;TMSB10;CTSB	5.808823797910693e-20
SRRS_d7_wound_alignment	100	Gene_Perturbations_from_GEO_up	94	Dmd Deficiency mouse GSE897 sample 915	2.506697377206453e-21	17.172187224818803	814.5682107418056	GSTP1;UQCR11;ACTB;ACTG1;TUBA1C;TUBA1B;LGALS1;GNG5;TUBB3;SEC61G;TMSB4X;RAC1;TMSB10;S100A11;CTSB;POSTN;TPI1;LUM;TPM2;ATOX1;COL1A1;COL3A1;PKM;COL5A2;COL6A3;PPIB	5.82140465366137e-20
SRRS_d7_wound_alignment	100	Gene_Perturbations_from_GEO_up	95	RNF185 KD human GSE47685 sample 1779	2.8208683304636683e-21	19.82591093117409	938.1074293009234	TPI1;SSR4;GSTO1;ARPC1B;UQCR11;MIF;YBX1;PDIA6;LDHB;TUBA1C;RCN1;TUBA1B;PRDX4;LGALS1;S100A16;C1QBP;CFL1;RAB13;P4HB;PPIB;TMSB10;GAPDH;S100A11;AP2M1	6.48205848989704e-20
SRRS_d7_wound_alignment	100	Gene_Perturbations_from_GEO_up	96	JAK2 knockdown human GSE54645 sample 2067	3.121806651151137e-21	21.47476333190619	1013.9497425036341	EIF5A;TPI1;GSTO1;PGAM1;UQCR10;MIF;ENO1;ACTB;PSMA7;ACTG1;SRM;LSM7;TUBA1B;LGALS1;TUBB3;SEC61G;AP2S1;SH3BGRL3;SEC61B;TIMP1;RAC1;GAPDH;AP2M1	7.02567414377622e-20
SRRS_d7_wound_alignment	100	Gene_Perturbations_from_GEO_up	97	PPARGC1A DEPLETION human GSE36879 sample 310	3.121806651151137e-21	21.47476333190619	1013.9497425036341	VKORC1;TPI1;TNFRSF12A;PGAM1;TNC;MIF;INHBA;PDIA6;CKAP4;ATOX1;ACTG1;RCN1;PRDX4;LGALS1;SEC61G;RAB13;COTL1;SH3BGRL3;TGFBI;TIMP1;P4HB;SERF2;CTSB	7.02567414377622e-20
SRRS_d7_wound_alignment	100	Gene_Perturbations_from_GEO_up	98	GPLD1 OE human GSE4731 sample 2885	3.3712259453597817e-21	21.39529813252441	1008.5531831626024	COX8A;PPP1R14B;PGAM1;FN1;UQCR11;UQCR10;MIF;ENO1;ACTB;ACTG1;SRM;MZT2B;TUBA1C;TUBA1B;PKM;TUBB3;CFL1;TGFBI;CALR;P4HB;PFN1;GAPDH;AP2M1	7.509577794612657e-20
SRRS_d7_wound_alignment	100	Gene_Perturbations_from_GEO_up	99	Dmd Deficiency mouse GSE897 sample 904	3.561979369664111e-21	25.921669382128087	1220.4951180492114	POSTN;PPP1R14B;LUM;UQCR10;YBX1;ACTB;MYL12A;ACTG1;COL1A1;TUBA1C;COL3A1;TUBA1B;LGALS1;TMSB4X;COL5A2;COL6A3;RAC1;TMSB10;GAPDH;S100A11;CTSB	7.854344408057327e-20
SRRS_d7_wound_alignment	100	Gene_Perturbations_from_GEO_up	100	SOX17 OE human GSE10809 sample 1272	3.8991879207296695e-21	23.301228183581124	1095.0067011402139	TAGLN;SSR4;GSTO1;GSTP1;FN1;ENO1;ACTB;MYL12A;ACTG1;TUBA1C;TUBA1B;LGALS1;PKM;GNG5;S100A16;TMSB4X;CFL1;P4HB;PPIB;PFN1;TMSB10;S100A11	8.490194090096584e-20
SRRS_d7_wound_alignment	100	Gene_Perturbations_from_GEO_down	1	Pfkl OE mouse GSE4695 sample 230	2.411139618423163e-39	34.33487383307145	3053.0816721421143	TAGLN;GSTP1;TNC;THY1;PTMS;SRM;TUBA1B;BASP1;TMSB4X;CFL1;SEC61B;TMSB10;S100A11;CTHRC1;EIF5A;PRELID1;POSTN;TPI1;TPM4;TPM2;PGAM1;SSR3;PDIA6;CKAP4;COL1A1;RCN3;COL3A1;RCN1;PKM;OSTC;COL5A2;ADAM12;COL6A3;CALR;P4HB;PPIB;PFN1;GAPDH	5.063393198688642e-36
SRRS_d7_wound_alignment	100	Gene_Perturbations_from_GEO_down	2	LMNA OE human GSE40404 sample 2715	1.1068119480546862e-36	39.350928285402254	3257.9255108364587	FKBP11;GSTP1;TNC;ENO1;ACTB;ACTG1;EEF1B2;PRDX4;LGALS1;S100A16;SEC61G;RABAC1;TMSB10;CTHRC1;POSTN;TPI1;PGAM1;MIF;PDIA6;CKAP4;COL1A1;RCN3;COL3A1;FAP;OSTC;COL5A2;ADAM12;COL6A3;KDELR2;TGFBI;P4HB;PPIB;GAPDH	1.1621525454574204e-33
SRRS_d7_wound_alignment	100	Gene_Perturbations_from_GEO_down	3	NFKB1 Inactivation  (IKK Inhibition) human GSE20667 sample 2576	2.911097608164205e-35	30.884953755921497	2456.031688407356	ARPC1B;GSTP1;UQCR10;ENO1;YBX1;ACTB;PSMA7;TUBA1C;TUBA1B;PRDX4;GNG5;TUBB3;SEC61G;C1QBP;TMSB4X;CFL1;AP2S1;SH3BGRL3;TIMP1;SERF2;COX8A;EIF5A;OST4;TPI1;SSR4;GSTO1;PGAM1;MIF;PDIA6;NME1;LSM7;OSTC;PPIB;PFN1;GAPDH	2.0377683257149436e-32
SRRS_d7_wound_alignment	100	Gene_Perturbations_from_GEO_down	4	FOXP1 KD human GSE51382 sample 2764	8.993166592372095e-32	30.811492854971117	2202.59832618991	FKBP11;GSTP1;UQCR11;UQCR10;ENO1;YBX1;ACTB;PSMA7;ACTG1;SRM;PRDX4;TUBB3;C1QBP;TMSB4X;CFL1;COTL1;RABAC1;SERF2;EIF5A;PRELID1;TPI1;SSR4;PGAM1;MIF;ATOX1;NME1;LSM7;OSTC;P4HB;PPIB;PFN1	3.555727381645044e-29
SRRS_d7_wound_alignment	100	Gene_Perturbations_from_GEO_down	5	NRAS KD human GSE12445 sample 2758	9.393201457210458e-32	26.88593346118569	1920.8046678209025	CXCL8;ARPC1B;ENO1;YBX1;ACTB;ACTG1;SRM;EEF1B2;PRDX4;GNG5;C1QBP;TMSB4X;COTL1;TIMP1;RAC1;S100A11;AP2M1;EIF5A;PPP1R14B;TPM4;TNFRSF12A;SSR4;FN1;PDIA6;NME1;LSM7;PKM;COL5A2;KDELR2;TGFBI;P4HB;PPIB;PFN1	3.555727381645044e-29
SRRS_d7_wound_alignment	100	Gene_Perturbations_from_GEO_down	6	E2f4 KO mouse GSE11039 sample 1167	1.015922109041441e-31	28.612349287541104	2041.9014571161918	GSTP1;TNC;THY1;ACTB;TUBA1B;LGALS1;GNG5;BASP1;SH3BGRL3;SEC61B;TIMP1;RAC1;RABAC1;S100A11;CTSB;VKORC1;OST4;TNFRSF12A;LUM;GSTO1;TPM2;FN1;NME2;INHBA;CKAP4;COL1A1;RCN3;COL3A1;COL6A3;KDELR2;P4HB;PFN1	3.555727381645044e-29
SRRS_d7_wound_alignment	100	Gene_Perturbations_from_GEO_down	7	Suz12 KO mouse GSE31354 sample 1332	2.352894071890071e-31	26.06977308579056	1838.5574980186918	TAGLN;YBX1;ACTB;MYL12A;ACTG1;EEF1B2;TUBA1B;LGALS1;GNG5;BASP1;TMSB4X;CFL1;RAC1;TMSB10;S100A11;AP2M1;EIF5A;TPI1;TPM4;TNFRSF12A;TPM2;PGAM1;SSR3;FN1;NME2;NME1;COL1A1;PKM;PLIN2;CALR;P4HB;PPIB;GAPDH	7.058682215670214e-29
SRRS_d7_wound_alignment	100	Gene_Perturbations_from_GEO_down	8	ERG KD human GSE14801 sample 2614	8.63528199788748e-30	32.825226514067715	2196.7198437319767	TAGLN;CXCL8;ARPC1B;ENO1;ACTG1;LGALS1;BASP1;CFL1;COTL1;AP2S1;TIMP1;TMSB10;AP2M1;CTHRC1;TPI1;TPM4;TNFRSF12A;TPM2;SPHK1;PGAM1;FN1;NME1;PKM;COL5A2;RAB13;P4HB;PFN1;GAPDH	2.2667615244454636e-27
SRRS_d7_wound_alignment	100	Gene_Perturbations_from_GEO_down	9	NRAS DEPLETION - siRNA siMut10 human GSE12445 sample 1021	1.1330317287526824e-29	24.303765950824776	1619.8477191655502	CXCL8;ARPC1B;ENO1;YBX1;ACTB;ACTG1;SRM;PRDX4;GNG5;SEC61G;C1QBP;TMSB4X;COTL1;TIMP1;RAC1;S100A11;AP2M1;EIF5A;PPP1R14B;TNFRSF12A;SSR4;TPM2;FN1;PDIA6;NME1;LSM7;COL5A2;VDAC1;TGFBI;P4HB;PPIB;PFN1	2.439261300355527e-27
SRRS_d7_wound_alignment	100	Gene_Perturbations_from_GEO_down	10	BRAF Drug human GSE50791 sample 2545	1.1615530001692986e-29	29.920538154298928	1993.4621316748883	ENO1;YBX1;ACTB;EEF1B2;LDHB;TUBA1C;TUBA1B;PRDX4;LGALS1;C1QBP;TMSB4X;CFL1;AP2S1;TIMP1;TMSB10;COX8A;EIF5A;PRELID1;PPP1R14B;TPI1;TNFRSF12A;GSTO1;PGAM1;MIF;NME1;PKM;TGFBI;PFN1;GAPDH	2.439261300355527e-27
SRRS_d7_wound_alignment	100	Gene_Perturbations_from_GEO_down	11	JAG1 OE human GSE16906 sample 2860	3.4638635706357e-29	31.070009033423666	2036.0979486465324	TAGLN;BRI3;ARPC1B;TNC;YBX1;ACTB;ACTG1;TUBA1C;TUBA1B;TUBB3;S100A16;TMSB4X;CFL1;COTL1;SH3BGRL3;TMSB10;VKORC1;TNFRSF12A;FN1;MIF;PDIA6;LSM7;PKM;CALR;P4HB;PPIB;PFN1;GAPDH	6.61283045303179e-27
SRRS_d7_wound_alignment	100	Gene_Perturbations_from_GEO_down	12	NRAS DEPLETION - siRNA siMut12 human GSE12445 sample 1024	1.5955179483646012e-28	23.584541062801932	1509.532894709221	CXCL8;ENO1;YBX1;ACTB;ACTG1;SRM;EEF1B2;PRDX4;GNG5;C1QBP;TMSB4X;COTL1;TIMP1;RAC1;S100A11;AP2M1;EIF5A;PPP1R14B;TPM4;TNFRSF12A;FN1;PDIA6;NME1;LSM7;PKM;COL5A2;KDELR2;TGFBI;P4HB;PPIB;PFN1	2.792156409638052e-26
SRRS_d7_wound_alignment	100	Gene_Perturbations_from_GEO_down	13	BRAF Drug human GSE50791 sample 2542	5.771935422316442e-28	30.170692889217303	1892.2870058868148	ENO1;ACTB;ACTG1;TUBA1C;LGALS1;S100A16;SEC61G;TMSB4X;CFL1;AP2S1;TIMP1;TMSB10;S100A11;CTSB;COX8A;TPI1;GSTO1;TPM2;PGAM1;MIF;PDIA6;NME1;PKM;PLIN2;TGFBI;PFN1;GAPDH	9.323895682203484e-26
SRRS_d7_wound_alignment	100	Gene_Perturbations_from_GEO_down	14	Emd KO mouse GSE5304 sample 1199	1.2570434694807506e-27	26.95700824499411	1669.7449911958606	ENO1;ACTB;ACTG1;TUBA1B;LGALS1;S100A16;SEC61G;TMSB4X;RAC1;TMSB10;S100A11;VKORC1;POSTN;TPM4;TNFRSF12A;LUM;SSR3;COL1A1;RCN3;COL3A1;OSTC;COL5A2;COL6A3;KDELR2;CALR;P4HB;PPIB;PFN1	1.8138000382590415e-25
SRRS_d7_wound_alignment	100	Gene_Perturbations_from_GEO_down	15	SOX4 RNAi Knock down human GSE4225 sample 64	1.2955714558993155e-27	24.992077464788732	1547.2806500038978	GSTP1;UQCR11;UQCR10;ENO1;YBX1;ACTB;PSMA7;ACTG1;LDHB;TUBA1C;TUBA1B;PRDX4;GNG5;TUBB3;C1QBP;TMSB4X;CFL1;AP2S1;SSR4;MIF;PDIA6;NME1;RCN1;PKM;KDELR2;VDAC1;P4HB;PPIB;PFN1	1.8138000382590415e-25
SRRS_d7_wound_alignment	100	Gene_Perturbations_from_GEO_down	16	ABL1 druginhibition human GSE24493 sample 1904	2.3039592349872836e-27	24.448335271568247	1499.5427624802255	CXCL8;ARPC1B;ENO1;YBX1;ACTB;MYL12A;ACTG1;SRM;LDHB;TUBA1C;TUBA1B;PRDX4;GNG5;C1QBP;TMSB4X;CFL1;TIMP1;EIF5A;PRELID1;TPI1;PGAM1;MIF;PDIA6;NME1;LSM7;PKM;VDAC1;PPIB;PFN1	3.0239464959208096e-25
SRRS_d7_wound_alignment	100	Gene_Perturbations_from_GEO_down	17	NRAS DEPLETION - siRNA siMut10 human GSE12445 sample 1023	3.344470446342883e-27	25.933862433862434	1580.9928070291912	CXCL8;ENO1;YBX1;ACTB;ACTG1;SRM;EEF1B2;TUBA1C;TUBA1B;PRDX4;LGALS1;TUBB3;C1QBP;TMSB4X;COTL1;SH3BGRL3;TIMP1;RAC1;S100A11;PPP1R14B;TPM4;TNFRSF12A;TPM2;FN1;NME1;LSM7;PFN1;GAPDH	4.131404669011797e-25
SRRS_d7_wound_alignment	100	Gene_Perturbations_from_GEO_down	18	Gata3 OE mouse GSE12999 sample 2531	4.350505771391373e-27	17.791125541125542	1079.912520912773	TAGLN;ACTB;MYL12A;ACTG1;EEF1B2;TUBA1B;LGALS1;GNG5;BASP1;SEC61G;C1QBP;TMSB4X;CFL1;TMSB10;S100A11;AP2M1;COX8A;EIF5A;TPI1;TPM4;PGAM1;SSR3;FN1;NME2;NME1;COL1A1;PKM;VDAC1;PLIN2;CALR;P4HB;PPIB;PFN1;GAPDH	5.075590066623268e-25
SRRS_d7_wound_alignment	100	Gene_Perturbations_from_GEO_down	19	Srf homozygous Srf mutant 81 (non-binding Srf treatment) mouse GSE1948 sample 1396	6.499932249327782e-27	23.497928748964373	1416.8782429866783	TAGLN;UQCR11;UQCR10;ACTB;MYL12A;PSMA7;ACTG1;SRM;EEF1B2;LGALS1;GNG5;BASP1;SEC61G;TMSB4X;CFL1;RAC1;RABAC1;TMSB10;S100A11;AP2M1;TPI1;TPM4;CKAP4;ATOX1;LSM7;PKM;PLIN2;PPIB;PFN1	7.184135643993864e-25
SRRS_d7_wound_alignment	100	Gene_Perturbations_from_GEO_down	20	Rora KO mouse GSE23736 sample 1155	1.1038600979789173e-26	24.737373737373737	1478.5132287163594	ARPC1B;ACTG1;TUBA1C;TUBA1B;GNG5;SEC61G;TMSB4X;COTL1;SH3BGRL3;SEC61B;S100A11;SERF2;CTSB;VKORC1;POSTN;TPI1;TPM4;LUM;GSTO1;PGAM1;FN1;NME2;CKAP4;COL1A1;COL3A1;COL5A2;PLIN2;P4HB	1.1590531028778631e-24
SRRS_d7_wound_alignment	100	Gene_Perturbations_from_GEO_down	21	NRAS DEPLETION - siRNA siMut10 human GSE12445 sample 1022	1.6463833519122437e-26	26.29779630732579	1561.264176748778	CXCL8;ARPC1B;ENO1;ACTB;ACTG1;SRM;TUBA1C;TUBA1B;TUBB3;C1QBP;TMSB4X;COTL1;SH3BGRL3;TIMP1;RAC1;TMSB10;S100A11;PPP1R14B;TPM4;TNFRSF12A;TPM2;FN1;NME1;LSM7;TGFBI;PFN1;GAPDH	1.6463833519122438e-24
SRRS_d7_wound_alignment	100	Gene_Perturbations_from_GEO_down	22	Srf KO mouse GSE1948 sample 1158	1.9682489926436912e-26	26.105942643145756	1545.2125230339007	UQCR11;UQCR10;YBX1;ACTB;MYL12A;PSMA7;ACTG1;SRM;EEF1B2;LGALS1;SEC61G;TMSB4X;CFL1;RAC1;RABAC1;TMSB10;S100A11;AP2M1;SERF2;VKORC1;TPI1;TPM4;CKAP4;ATOX1;LSM7;PKM;PFN1	1.8787831293417052e-24
SRRS_d7_wound_alignment	100	Gene_Perturbations_from_GEO_down	23	Ebf1 OE mouse GSE2192 sample 860	1.3583831335482004e-25	26.133087633087634	1496.3370132315315	THY1;ACTB;ACTG1;TUBA1C;TUBA1B;PRDX4;LGALS1;BASP1;SEC61G;TMSB4X;CFL1;RAC1;RABAC1;TMSB10;S100A11;VKORC1;POSTN;TPM4;LUM;FN1;COL1A1;COL3A1;COL5A2;COL6A3;PPIB;PFN1	1.2402628610657482e-23
SRRS_d7_wound_alignment	100	Gene_Perturbations_from_GEO_down	24	Pparg OE mouse GSE2192 sample 865	6.530281402939195e-25	24.44259152769791	1361.163370387914	TAGLN;THY1;ACTB;MYL12A;ACTG1;TUBA1C;TUBA1B;PRDX4;LGALS1;BASP1;SEC61G;TMSB4X;CFL1;RAC1;RABAC1;TMSB10;S100A11;VKORC1;POSTN;LUM;FN1;COL1A1;COL3A1;COL5A2;PPIB;PFN1	5.713996227571796e-23
SRRS_d7_wound_alignment	100	Gene_Perturbations_from_GEO_down	25	Bcl2 OE mouse GSE5811 sample 2587	1.7345938854186203e-24	25.477302204928662	1393.8955322303998	TAGLN;ARPC1B;THY1;YBX1;ACTB;ACTG1;EEF1B2;LGALS1;TMSB4X;CFL1;COTL1;SEC61B;TMSB10;S100A11;EIF5A;TPM4;PGAM1;NME2;MIF;NME1;COL3A1;PKM;CALR;PFN1;GAPDH	1.457058863751641e-22
SRRS_d7_wound_alignment	100	Gene_Perturbations_from_GEO_down	26	Lmna KO mouse GSE5304 sample 1204	2.9408934423273857e-24	24.88846641318124	1348.5399591107343	TAGLN;BRI3;TNC;ACTG1;TUBA1B;PRDX4;GNG5;RAC1;EIF5A;POSTN;TPI1;LUM;SSR3;FN1;MIF;NME1;COL1A1;COL3A1;OSTC;COL5A2;ADAM12;COL6A3;KDELR2;PPIB;GAPDH	2.287361566254633e-22
SRRS_d7_wound_alignment	100	Gene_Perturbations_from_GEO_down	27	Srf homozygous Srf mutant (constitutive Srf treatment) mouse GSE1948 sample 1398	2.9408934423273857e-24	24.88846641318124	1348.5399591107343	TAGLN;UQCR10;YBX1;MYL12A;PTMS;TUBA1C;TUBA1B;LGALS1;GNG5;BASP1;SEC61G;TMSB4X;SEC61B;RAC1;TMSB10;S100A11;AP2M1;TPM4;GSTO1;SSR3;CKAP4;ATOX1;PKM;PLIN2;PFN1	2.287361566254633e-22
SRRS_d7_wound_alignment	100	Gene_Perturbations_from_GEO_down	28	Emd KO mouse GSE5304 sample 1202	4.5248802838637955e-24	24.417910447761194	1312.5225375921725	TAGLN;TNC;GNG5;SEC61G;RAC1;RABAC1;S100A11;POSTN;TPM4;TNFRSF12A;LUM;TPM2;SSR3;FN1;NME2;COL1A1;RCN3;COL3A1;FAP;OSTC;COL5A2;COL6A3;KDELR2;PPIB;GAPDH	3.3936602128978467e-22
SRRS_d7_wound_alignment	100	Gene_Perturbations_from_GEO_down	29	Gykl1 KO mouse GSE4656 sample 189	8.16248276646187e-24	23.78787878787879	1264.6229597309714	ACTB;ACTG1;PTMS;LDHB;TUBA1B;LGALS1;SEC61G;C1QBP;TMSB4X;CFL1;TMSB10;S100A11;TPI1;TPM4;LUM;PGAM1;COL3A1;PKM;VDAC1;PLIN2;CALR;P4HB;PPIB;PFN1;GAPDH	5.91076338261032e-22
SRRS_d7_wound_alignment	100	Gene_Perturbations_from_GEO_down	30	Emd KO mouse GSE5304 sample 1200	1.4507933896640664e-23	23.189125295508273	1219.4545684955024	TAGLN;TNC;GNG5;SEC61G;TIMP1;RAC1;POSTN;TPI1;TPM4;LUM;PGAM1;SSR3;FN1;NME2;NME1;COL1A1;COL3A1;OSTC;COL5A2;ADAM12;COL6A3;KDELR2;P4HB;PPIB;GAPDH	1.0155553727648465e-21
SRRS_d7_wound_alignment	100	Gene_Perturbations_from_GEO_down	31	Vdr KO mouse GSE2421 sample 1153	1.573191991561164e-23	23.10600706713781	1213.2121049795562	BRI3;ARPC1B;UQCR11;UQCR10;ACTB;ACTG1;LGALS1;SEC61G;C1QBP;CFL1;AP2S1;TMSB10;CTSB;COX8A;TPI1;PGAM1;NME2;MIF;PKM;PLIN2;CALR;P4HB;PPIB;PFN1;GAPDH	1.0324072444620138e-21
SRRS_d7_wound_alignment	100	Gene_Perturbations_from_GEO_down	32	PTEN KD human GSE7562 sample 1366	1.573191991561164e-23	23.10600706713781	1213.2121049795562	CXCL8;TNC;YBX1;ACTG1;EEF1B2;LDHB;TUBA1C;GNG5;BASP1;SEC61G;C1QBP;TMSB4X;COTL1;TMSB10;S100A11;CTSB;EIF5A;TPI1;TNFRSF12A;SSR4;NME1;RCN1;PLIN2;TGFBI;PFN1	1.0324072444620138e-21
SRRS_d7_wound_alignment	100	Gene_Perturbations_from_GEO_down	33	VGLL4 OE human GSE44590 sample 1418	9.311968128942711e-23	25.43357508292573	1290.1983814965388	TAGLN;PPP1R14B;TPI1;TNFRSF12A;LUM;TPM2;GSTP1;MIF;YBX1;ACTB;CKAP4;MYL12A;ACTG1;COL1A1;LSM7;COL3A1;PRDX4;LGALS1;BASP1;TMSB4X;COL6A3;TGFBI;CTHRC1	5.92579790023627e-21
SRRS_d7_wound_alignment	100	Gene_Perturbations_from_GEO_down	34	GSK3A KD human GSE35200 sample 2706	2.1082696986552155e-22	20.592008412197686	1027.7678241717758	GSTP1;UQCR10;ENO1;YBX1;ACTB;PSMA7;ACTG1;SRM;TUBA1C;TUBA1B;PRDX4;GNG5;BASP1;SEC61G;TMSB4X;CFL1;COX8A;PPP1R14B;TPI1;MIF;ATOX1;NME1;MZT2B;P4HB;GAPDH	1.3021665785811625e-20
SRRS_d7_wound_alignment	100	Gene_Perturbations_from_GEO_down	35	BRD4 druginhibition mouse GSE50865 sample 1986	2.2428744966382754e-22	22.289284361984098	1111.1010714606637	EIF5A;TPI1;TPM4;GSTP1;SSR3;TNC;THY1;PDIA6;SRM;RCN3;LSM7;COL3A1;LGALS1;OSTC;SEC61G;C1QBP;COL6A3;SH3BGRL3;TGFBI;CALR;SEC61B;TIMP1;P4HB;PPIB	1.3457246979829653e-20
SRRS_d7_wound_alignment	100	Gene_Perturbations_from_GEO_down	36	BRCA1 DEPLETION human GSE4754 sample 148	2.32993292078168e-22	19.016770232836716	947.244961407332	ARPC1B;GSTP1;ENO1;YBX1;TUBA1C;TUBA1B;PRDX4;GNG5;BASP1;TUBB3;S100A16;AP2S1;TIMP1;RAC1;TMSB10;AP2M1;COX8A;PRELID1;PPP1R14B;TPI1;MIF;NME1;LSM7;OSTC;P4HB;PPIB	1.3591275371226466e-20
SRRS_d7_wound_alignment	100	Gene_Perturbations_from_GEO_down	37	DPP3 OE human GSE6451 sample 677	3.2081573638697886e-22	23.9631592896899	1185.9649172315567	TPI1;TPM4;SSR4;PGAM1;GSTP1;MIF;ENO1;YBX1;ACTG1;NME1;PTMS;LDHB;TUBA1C;TUBA1B;PKM;TUBB3;SEC61G;CFL1;KDELR2;VDAC1;CALR;PFN1;GAPDH	1.8208460713855557e-20
SRRS_d7_wound_alignment	100	Gene_Perturbations_from_GEO_down	38	NRAS DEPLETION - siRNA siMut10 human GSE12445 sample 1026	3.316993170306195e-22	21.889901432025294	1082.6266591634414	EIF5A;PPP1R14B;TNFRSF12A;ARPC1B;TNC;ENO1;ACTB;PSMA7;ACTG1;SRM;EEF1B2;TUBA1C;LSM7;TUBA1B;GNG5;TUBB3;C1QBP;TMSB4X;COTL1;SH3BGRL3;RAC1;PFN1;TMSB10;S100A11	1.8330751730639497e-20
SRRS_d7_wound_alignment	100	Gene_Perturbations_from_GEO_down	39	PIK3CA OE human GSE3737 sample 1590	3.468278666668656e-22	26.318993802406126	1300.506063455177	SPHK1;ARPC1B;FN1;UQCR10;MIF;ENO1;ACTB;MYL12A;ACTG1;NME1;EEF1B2;TUBA1B;LGALS1;PKM;BASP1;CFL1;AP2S1;CALR;PPIB;PFN1;TMSB10;GAPDH	1.867534666667738e-20
SRRS_d7_wound_alignment	100	Gene_Perturbations_from_GEO_down	40	AMER1 OE human GSE34715 sample 352	4.1437290905531113e-22	23.669669040636784	1165.3826860786428	COX8A;OST4;PRELID1;TPI1;SSR4;GSTO1;UQCR11;UQCR10;MIF;ENO1;YBX1;SRM;LDHB;PRDX4;PKM;GNG5;C1QBP;CFL1;RAB13;AP2S1;PPIB;PFN1;TMSB10	2.1754577725403834e-20
SRRS_d7_wound_alignment	100	Gene_Perturbations_from_GEO_down	41	TWIST2 Q119X Homozygous Mutation human GSE16524 sample 2262	7.333919547944388e-22	28.17435688035933	1371.087100822079	TAGLN;POSTN;TPI1;CXCL8;LUM;GSTO1;TPM2;PGAM1;FN1;MIF;ACTG1;LGALS1;BASP1;SEC61G;CFL1;RAB13;PLIN2;TGFBI;RABAC1;GAPDH;S100A11	3.7563978172398084e-20
SRRS_d7_wound_alignment	100	Gene_Perturbations_from_GEO_down	42	BRAF Drug human GSE50791 sample 2549	1.3148453227087275e-21	22.388916427084364	1076.4718169159955	TPI1;GSTO1;TPM2;PGAM1;GSTP1;MIF;ENO1;ACTB;MYL12A;TUBA1C;LGALS1;PKM;GUK1;SEC61G;TMSB4X;VDAC1;TGFBI;TIMP1;P4HB;RAC1;PFN1;GAPDH;S100A11	6.574226613543638e-20
SRRS_d7_wound_alignment	100	Gene_Perturbations_from_GEO_down	43	Myod1 Mutation - MyoD altered at lysine residues 99, 102, and 104, ren mouse GSE6487 sample 1179	1.9565715896280494e-21	21.96405467191984	1047.3140659757748	TAGLN;POSTN;PPP1R14B;TPI1;TPM2;PGAM1;FN1;MIF;ACTB;MYL12A;ACTG1;TUBA1B;LGALS1;PKM;TMSB4X;COL5A2;P4HB;PPIB;PFN1;TMSB10;GAPDH;S100A11;SERF2	9.555349623764893e-20
SRRS_d7_wound_alignment	100	Gene_Perturbations_from_GEO_down	44	SQSTM1 OE human GSE6451 sample 678	2.333878855806706e-21	23.911140583554378	1135.9407052318722	TPI1;TPM4;GSTP1;YBX1;ACTB;ACTG1;NME1;PTMS;SRM;LDHB;TUBA1C;TUBA1B;PKM;TUBB3;CFL1;KDELR2;VDAC1;CALR;P4HB;PFN1;TMSB10;GAPDH	1.1138967266350187e-19
SRRS_d7_wound_alignment	100	Gene_Perturbations_from_GEO_down	45	ADRB1 Beta-1 receptor blocker (NEBIVOLOL) human GSE3356 sample 2279	2.490744764847405e-21	38.78310104529617	1839.9364459421704	EIF5A;CXCL8;PGAM1;FN1;ENO1;ACTB;CKAP4;ACTG1;COL1A1;EEF1B2;TUBA1C;COL3A1;TUBA1B;LGALS1;CFL1;TGFBI;TMSB10;GAPDH	1.162347556928789e-19
SRRS_d7_wound_alignment	100	Gene_Perturbations_from_GEO_down	46	Pax3 Knock-in mouse GSE11400 sample 625	2.8208683304636683e-21	19.82591093117409	938.1074293009234	VKORC1;TPI1;LUM;GSTP1;SSR3;FN1;PDIA6;CKAP4;SRM;COL1A1;RCN3;COL3A1;RCN1;TUBA1B;OSTC;COL5A2;COL6A3;VDAC1;CALR;P4HB;PPIB;PFN1;RABAC1;CTHRC1	1.28778771608124e-19
SRRS_d7_wound_alignment	100	Gene_Perturbations_from_GEO_down	47	NRAS DEPLETION - siRNA siMut10 human GSE12445 sample 1025	3.2451717204159838e-21	19.697619845792826	929.2769492898805	EIF5A;PPP1R14B;TPM4;TNFRSF12A;TNC;ENO1;ACTB;PSMA7;ACTG1;NME1;SRM;EEF1B2;LDHB;TUBA1C;LSM7;TUBA1B;TUBB3;C1QBP;TMSB4X;COTL1;TGFBI;RAC1;PPIB;PFN1	1.4499703431645885e-19
SRRS_d7_wound_alignment	100	Gene_Perturbations_from_GEO_down	48	MCAM KD human GSE11951 sample 2759	3.3712259453597817e-21	21.39529813252441	1008.5531831626024	PPP1R14B;TPI1;PGAM1;FN1;UQCR11;MIF;PDIA6;ACTG1;NME1;EEF1B2;TUBA1C;RCN1;TUBA1B;LGALS1;PKM;GNG5;S100A16;C1QBP;SH3BGRL3;TGFBI;PPIB;PFN1;S100A11	1.4749113510949046e-19
SRRS_d7_wound_alignment	100	Gene_Perturbations_from_GEO_down	49	Utrn OE mouse GSE7187 sample 1296	3.5806188644880425e-21	15.842194194677448	745.8307205411153	ARPC1B;TNC;TUBA1B;LGALS1;BASP1;CFL1;COTL1;SH3BGRL3;TIMP1;TMSB10;S100A11;CTSB;VKORC1;POSTN;LUM;PGAM1;COL1A1;RCN3;COL3A1;RCN1;FAP;COL5A2;COL6A3;PLIN2;TGFBI;PPIB;PFN1	1.5345509419234466e-19
SRRS_d7_wound_alignment	100	Gene_Perturbations_from_GEO_down	50	PRKCDBP KD human GSE50982 sample 1768	4.238405350609998e-21	21.16034507009236	992.6339001181118	EIF5A;TAGLN;PPP1R14B;TPM2;ENO1;ACTB;CKAP4;MYL12A;ACTG1;NME1;SRM;TUBA1C;TUBB3;SEC61G;C1QBP;CFL1;COL6A3;VDAC1;PLIN2;CALR;P4HB;PFN1;GAPDH	1.7801302472561991e-19
SRRS_d7_wound_alignment	100	Gene_Perturbations_from_GEO_down	51	Rbp2 deficiency mouse GSE6945 sample 89	4.9275558404264366e-21	28.50722543352601	1332.9820072772714	TPM4;TNFRSF12A;TPM2;PGAM1;FN1;PDIA6;ACTB;ACTG1;PTMS;SRM;COL1A1;TUBA1B;LGALS1;COL5A2;COL6A3;KDELR2;P4HB;PPIB;GAPDH;S100A11	2.0289935813520623e-19
SRRS_d7_wound_alignment	100	Gene_Perturbations_from_GEO_down	52	Cav1 KO mouse GSE10849 sample 393	6.4524842013728365e-21	19.079922027290447	887.0221740281686	EIF5A;POSTN;TPM4;LUM;NME2;ACTB;ACTG1;COL1A1;EEF1B2;COL3A1;TUBA1B;LGALS1;S100A16;TMSB4X;COL5A2;CFL1;COL6A3;TGFBI;CALR;P4HB;RAC1;PFN1;TMSB10;S100A11	2.605810927477492e-19
SRRS_d7_wound_alignment	100	Gene_Perturbations_from_GEO_down	53	KDM4C natural variation human GSE41040 sample 615	1.1011542795175789e-20	18.612555485098287	855.3463692882135	COX8A;EIF5A;CXCL8;TNFRSF12A;GSTO1;ARPC1B;ENO1;YBX1;ACTB;PSMA7;NME1;TUBA1C;TUBA1B;GNG5;BASP1;TUBB3;S100A16;C1QBP;COL5A2;CFL1;COTL1;COL6A3;RAC1;PFN1	4.363064126390407e-19
SRRS_d7_wound_alignment	100	Gene_Perturbations_from_GEO_down	54	NRAS KD human GSE12445 sample 2376	1.322184532784696e-20	17.12280701754386	783.7522551773963	ARPC1B;ENO1;ACTB;ACTG1;SRM;LDHB;TUBA1C;TUBA1B;GNG5;TUBB3;C1QBP;TMSB4X;CFL1;COTL1;RAC1;EIF5A;TNFRSF12A;FN1;NME1;LSM7;KDELR2;VDAC1;PPIB;PFN1;GAPDH	5.141828738607151e-19
SRRS_d7_wound_alignment	100	Gene_Perturbations_from_GEO_down	55	NR2F2 KD human GSE33182 sample 822	2.6043903004178027e-20	19.383933946847854	874.1088725929011	COX8A;CXCL8;PGAM1;SSR3;ENO1;YBX1;PDIA6;MYL12A;ACTG1;NME1;SRM;LDHB;TUBA1C;RCN1;TUBA1B;PRDX4;SEC61G;TMSB4X;SH3BGRL3;P4HB;PPIB;GAPDH;SERF2	9.944035692504337e-19
SRRS_d7_wound_alignment	100	Gene_Perturbations_from_GEO_down	56	KLF4 OE human GSE3113 sample 2071	4.9670292825197326e-20	28.22824450466727	1254.7138505763266	COX8A;TAGLN;TNFRSF12A;GSTO1;ARPC1B;PGAM1;UQCR10;ENO1;ACTB;ACTG1;EEF1B2;TUBA1C;LGALS1;SEC61G;AP2S1;SEC61B;TMSB10;GAPDH;AP2M1	1.8626359809448997e-18
SRRS_d7_wound_alignment	100	Gene_Perturbations_from_GEO_down	57	Srf homozygous Srf mutant 81 (vector control treatment) mouse GSE1948 sample 1393	6.308848987502025e-20	18.571634714491857	821.0473020197026	VKORC1;TAGLN;TPI1;TPM4;SSR3;ACTB;CKAP4;MYL12A;ATOX1;ACTG1;PTMS;SRM;PRDX4;LGALS1;BASP1;TMSB4X;CFL1;PLIN2;RAC1;PFN1;S100A11;AP2M1;SERF2	2.3243127848691673e-18
SRRS_d7_wound_alignment	100	Gene_Perturbations_from_GEO_down	58	DDIT4 Repression human GSE11670 sample 100	6.479261358324146e-20	17.140350877192983	757.3137570353767	EIF5A;PRELID1;TPI1;PGAM1;UQCR10;MIF;ENO1;YBX1;PDIA6;PSMA7;NME1;SRM;LSM7;TUBA1B;PRDX4;GNG5;TUBB3;C1QBP;CFL1;CALR;SEC61B;TIMP1;PPIB;PFN1	2.3459394573242597e-18
SRRS_d7_wound_alignment	100	Gene_Perturbations_from_GEO_down	59	Src overexpression mouse GSE15161 sample 2015	7.031211149197743e-20	22.148895086891226	976.7960167716778	VKORC1;TAGLN;POSTN;TPM4;TPM2;CKAP4;ACTG1;PTMS;SRM;COL1A1;RCN3;COL3A1;TUBA1B;COL5A2;COL6A3;KDELR2;P4HB;PPIB;S100A11;AP2M1;CTHRC1	2.5026344768330948e-18
SRRS_d7_wound_alignment	100	Gene_Perturbations_from_GEO_down	60	Egfr druginhibition mouse GSE27640 sample 1910	9.510018654367303e-20	19.835584964617222	868.7858477653918	VKORC1;FKBP11;OST4;TNFRSF12A;SSR4;GSTP1;SSR3;NME2;MIF;ACTB;ATOX1;NME1;SRM;TUBA1B;PRDX4;OSTC;TMSB4X;COTL1;CALR;P4HB;RABAC1;S100A11	3.2739408482248093e-18
SRRS_d7_wound_alignment	100	Gene_Perturbations_from_GEO_down	61	BRAF Drug human GSE50791 sample 2541	9.510018654367303e-20	19.835584964617222	868.7858477653918	EIF5A;PRELID1;PPP1R14B;TPI1;TNFRSF12A;GSTO1;MIF;ENO1;YBX1;ACTB;NME1;LDHB;TUBA1C;TUBA1B;PRDX4;PKM;C1QBP;CFL1;TGFBI;TIMP1;PFN1;TMSB10	3.2739408482248093e-18
SRRS_d7_wound_alignment	100	Gene_Perturbations_from_GEO_down	62	Kdm1a KD mouse GSE25423 sample 302	1.137926699841368e-19	21.593158280154828	941.8915958483326	COX8A;VKORC1;OST4;POSTN;ARPC1B;GSTP1;SSR3;THY1;COL1A1;RCN3;LDHB;COL3A1;BASP1;COL5A2;COL6A3;SH3BGRL3;CALR;P4HB;PPIB;TMSB10;SERF2	3.854267854301407e-18
SRRS_d7_wound_alignment	100	Gene_Perturbations_from_GEO_down	63	Srf homozygous Srf mutant (non-binding Srf treatment) mouse GSE1948 sample 1395	1.1788653120695476e-19	19.62156755773777	855.1974746722681	TAGLN;TPI1;TPM4;ACTB;CKAP4;MYL12A;ATOX1;ACTG1;PTMS;LGALS1;PKM;GNG5;BASP1;SEC61G;TMSB4X;CFL1;PLIN2;RAC1;PFN1;TMSB10;S100A11;AP2M1	3.9295510402318256e-18
SRRS_d7_wound_alignment	100	Gene_Perturbations_from_GEO_down	64	UBR5 DEPLETION human GSE6015 sample 143	1.3821570152331958e-19	17.879145319512293	776.4103143278625	TAGLN;TPM4;ARPC1B;PGAM1;FN1;ENO1;THY1;ACTB;ACTG1;SRM;COL1A1;TUBA1C;TUBA1B;PKM;BASP1;TUBB3;CFL1;COTL1;COL6A3;TGFBI;CALR;P4HB;GAPDH	4.465430356907248e-18
SRRS_d7_wound_alignment	100	Gene_Perturbations_from_GEO_down	65	NRAS KD human GSE12445 sample 2377	1.3821570152331958e-19	17.879145319512293	776.4103143278625	EIF5A;PPP1R14B;TPM4;TNFRSF12A;ARPC1B;ACTB;ACTG1;NME1;SRM;TUBA1C;LSM7;TUBA1B;PKM;TUBB3;SEC61G;C1QBP;TMSB4X;CFL1;COTL1;RAC1;PPIB;PFN1;TMSB10	4.465430356907248e-18
SRRS_d7_wound_alignment	100	Gene_Perturbations_from_GEO_down	66	Ncoa2 KO mouse GSE41558 sample 3047	1.570656855911774e-19	17.76864169265385	769.3399466623525	POSTN;TPM4;LUM;BRI3;GSTP1;NME2;ACTB;MYL12A;PSMA7;EEF1B2;COL3A1;TUBA1B;TMSB4X;COL5A2;COL6A3;KDELR2;CALR;P4HB;PPIB;RABAC1;TMSB10;S100A11;SERF2	4.997544541537463e-18
SRRS_d7_wound_alignment	100	Gene_Perturbations_from_GEO_down	67	NRAS DEPLETION - siRNA siMut12 human GSE12445 sample 1029	2.0671988246833688e-19	19.072502210433246	820.5547806819878	EIF5A;PPP1R14B;TNFRSF12A;ENO1;ACTB;PSMA7;ACTG1;NME1;SRM;EEF1B2;TUBA1C;GNG5;TUBB3;C1QBP;TMSB4X;COTL1;SH3BGRL3;SEC61B;RAC1;PFN1;S100A11;SERF2	6.383996370345698e-18
SRRS_d7_wound_alignment	100	Gene_Perturbations_from_GEO_down	68	PTEN KD human GSE7562 sample 1368	2.0671988246833688e-19	19.072502210433246	820.5547806819878	EIF5A;TPI1;CXCL8;TNFRSF12A;SSR4;GSTO1;PGAM1;GSTP1;ACTG1;LDHB;LSM7;RCN1;PKM;TUBB3;SEC61G;C1QBP;TMSB4X;COTL1;TGFBI;TIMP1;PFN1;S100A11	6.383996370345698e-18
SRRS_d7_wound_alignment	100	Gene_Perturbations_from_GEO_down	69	Ksr1 knockout mouse GSE28228 sample 1912	2.3833670360854943e-19	22.997663551401867	986.1536705087519	PPP1R14B;TPI1;TPM4;GSTO1;PDIA6;ACTB;MYL12A;PSMA7;ACTG1;TUBA1C;TUBA1B;LGALS1;PKM;BASP1;CFL1;PLIN2;TIMP1;TMSB10;GAPDH;S100A11	7.25372576199933e-18
SRRS_d7_wound_alignment	100	Gene_Perturbations_from_GEO_down	70	TYROBP KD human GSE3624 sample 2470	2.441911181425151e-19	17.392238713667286	745.3676219849565	TPM4;GSTO1;ARPC1B;PGAM1;UQCR11;ENO1;YBX1;ACTG1;TUBA1C;TUBA1B;LGALS1;PKM;TUBB3;ADAM12;COTL1;AP2S1;SH3BGRL3;PLIN2;P4HB;PFN1;TMSB10;GAPDH;S100A11	7.325733544275452e-18
SRRS_d7_wound_alignment	100	Gene_Perturbations_from_GEO_down	71	Zfp42 KD mouse GSE9978 sample 1335	2.595067670643083e-19	22.88953488372093	979.5691856409442	EIF5A;TAGLN;TPI1;TPM4;PGAM1;GSTP1;FN1;ACTB;ACTG1;EEF1B2;LGALS1;PKM;BASP1;TMSB4X;CFL1;SH3BGRL3;CALR;P4HB;GAPDH;S100A11	7.675552265282359e-18
SRRS_d7_wound_alignment	100	Gene_Perturbations_from_GEO_down	72	Dmd Deficiency mouse GSE1025 sample 916	2.878004096539761e-19	20.56045051330609	877.7671590750601	TPI1;LUM;BRI3;TNC;YBX1;ACTB;ATOX1;PSMA7;COL1A1;TUBA1C;LSM7;PKM;TUBB3;OSTC;SEC61G;TIMP1;RAC1;PPIB;RABAC1;GAPDH;AP2M1	8.394178614907637e-18
SRRS_d7_wound_alignment	100	Gene_Perturbations_from_GEO_down	73	FTO OE human GSE33870 sample 2666	4.160845730761301e-19	15.715359828141784	665.1274352040134	COX8A;EIF5A;PRELID1;SSR4;GSTO1;PGAM1;UQCR11;ENO1;YBX1;PDIA6;ACTB;ATOX1;PSMA7;NME1;SRM;TUBA1B;GNG5;TUBB3;VDAC1;SEC61B;PFN1;RABAC1;AP2M1;SERF2	1.1969556211779085e-17
SRRS_d7_wound_alignment	100	Gene_Perturbations_from_GEO_down	74	DLX4 OE human GSE21657 sample 2160	4.983356836904005e-19	18.24210882626724	768.7774301295972	COX8A;EIF5A;FKBP11;TPI1;TNFRSF12A;ARPC1B;UQCR10;MIF;ENO1;PSMA7;EEF1B2;PRDX4;PKM;GNG5;BASP1;TUBB3;CFL1;TIMP1;RAC1;PFN1;TMSB10;S100A11	1.4141958591214067e-17
SRRS_d7_wound_alignment	100	Gene_Perturbations_from_GEO_down	75	Zmpste24 Deficiency mouse GSE25257 sample 533	5.950477085470131e-19	21.86111111111111	917.4156362417777	EIF5A;PRELID1;POSTN;TPI1;TPM4;TNFRSF12A;GSTO1;PGAM1;MIF;THY1;ACTG1;SRM;PKM;CFL1;COL6A3;PLIN2;PFN1;GAPDH;S100A11;CTSB	1.6661335839316368e-17
SRRS_d7_wound_alignment	100	Gene_Perturbations_from_GEO_down	76	SUZ12 DEPLETION human GSE6015 sample 146	6.482574985891968e-19	18.00075169130544	753.8714621306915	COX8A;TAGLN;TPM4;SSR4;LUM;MIF;THY1;CKAP4;PSMA7;ACTG1;EEF1B2;COL3A1;TUBA1B;BASP1;TUBB3;TMSB4X;COL5A2;CFL1;COTL1;CALR;SEC61B;PFN1	1.7912378250490965e-17
SRRS_d7_wound_alignment	100	Gene_Perturbations_from_GEO_down	77	APP Induced  expression / Over-expression human GSE4097 sample 315	6.919369377132746e-19	17.94139194139194	750.2155745859282	TPI1;TPM4;GSTP1;FN1;UQCR11;UQCR10;YBX1;MYL12A;ACTG1;EEF1B2;LDHB;TUBA1B;PKM;GNG5;C1QBP;TMSB4X;COL5A2;COTL1;SEC61B;P4HB;PPIB;S100A11	1.8871007392180216e-17
SRRS_d7_wound_alignment	100	Gene_Perturbations_from_GEO_down	78	MIR142 OE human GSE28456 sample 497	7.384000205383815e-19	17.882416396979504	746.5873302982801	EIF5A;VKORC1;FKBP11;PRELID1;PPP1R14B;TPI1;BRI3;NME2;UQCR10;MIF;ENO1;YBX1;NME1;LDHB;TUBA1C;PRDX4;PKM;BASP1;TUBB3;C1QBP;P4HB;GAPDH	1.9880000552956426e-17
SRRS_d7_wound_alignment	100	Gene_Perturbations_from_GEO_down	79	FH KD human GSE2725 sample 1517	8.642152667429711e-19	19.399134158392545	806.8578097505437	TAGLN;POSTN;LUM;TPM2;FN1;UQCR11;THY1;CKAP4;TUBA1C;TUBA1B;BASP1;CFL1;COL6A3;TGFBI;CALR;SEC61B;RAC1;PPIB;PFN1;RABAC1;TMSB10	2.2972810888104294e-17
SRRS_d7_wound_alignment	100	Gene_Perturbations_from_GEO_down	80	Prkaca knockout mouse GSE20984 sample 2058	1.4148221290191652e-18	23.22222222222222	954.4223690672923	TPI1;TNFRSF12A;LUM;TNC;MIF;ENO1;ACTB;NME1;COL1A1;COL3A1;TUBA1B;LGALS1;PKM;OSTC;SH3BGRL3;TIMP1;P4HB;S100A11;CTSB	3.7139080886753087e-17
SRRS_d7_wound_alignment	100	Gene_Perturbations_from_GEO_down	81	WTAP KD human GSE2327 sample 96	1.5432242300483895e-18	23.104938271604937	947.5949265978338	EIF5A;ARPC1B;MIF;ENO1;YBX1;ACTB;ACTG1;NME1;EEF1B2;LDHB;TUBA1C;TUBA1B;LGALS1;PKM;GNG5;S100A16;C1QBP;PFN1;GAPDH	4.0009517075328617e-17
SRRS_d7_wound_alignment	100	Gene_Perturbations_from_GEO_down	82	Emd KO mouse GSE6399 sample 839	2.0304921175454635e-18	16.988165680473372	692.0681997835715	COX8A;TPI1;TNFRSF12A;GSTP1;UQCR11;ACTB;MYL12A;ACTG1;PTMS;COL3A1;TUBA1B;LGALS1;PKM;C1QBP;CFL1;PLIN2;CALR;RAC1;PPIB;PFN1;TMSB10;AP2M1	5.200040788835943e-17
SRRS_d7_wound_alignment	100	Gene_Perturbations_from_GEO_down	83	Mycn OE mouse GSE6077 sample 40	2.1593219596845414e-18	16.935189554821456	688.8682584936114	POSTN;TPM4;FN1;ACTB;ACTG1;PTMS;COL1A1;COL3A1;LGALS1;GNG5;S100A16;TMSB4X;COL5A2;COL6A3;SH3BGRL3;PLIN2;CALR;RAC1;PPIB;RABAC1;TMSB10;S100A11	5.4633447172741406e-17
SRRS_d7_wound_alignment	100	Gene_Perturbations_from_GEO_down	84	Srf homozygous Srf mutant 100 (non-binding Srf treatment) mouse GSE1948 sample 1397	2.7275783609469048e-18	25.177538287010776	1018.2581394440094	TAGLN;TPI1;TPM4;YBX1;ACTB;MYL12A;ACTG1;TUBA1C;TUBA1B;LGALS1;PKM;GNG5;TMSB4X;CFL1;PFN1;TMSB10;GAPDH;S100A11	6.818945902367261e-17
SRRS_d7_wound_alignment	100	Gene_Perturbations_from_GEO_down	85	LAMC2 KD human GSE50767 sample 2208	3.1925032211940863e-18	18.101793248945146	729.243889379545	COX8A;CXCL8;GSTO1;GSTP1;MIF;ACTB;ATOX1;ACTG1;NME1;LDHB;LGALS1;BASP1;GUK1;SEC61G;TMSB4X;CFL1;AP2S1;TGFBI;TIMP1;PFN1;TMSB10	7.887360899420684e-17
SRRS_d7_wound_alignment	100	Gene_Perturbations_from_GEO_down	86	BRD4 knockdown mouse GSE50865 sample 1985	3.5080177781101735e-18	16.522800552740673	664.0758167416546	VKORC1;PRELID1;TPI1;GSTO1;GSTP1;NME2;MIF;THY1;PDIA6;SRM;RCN3;COL3A1;PRDX4;SEC61G;C1QBP;TMSB4X;COL5A2;COL6A3;CALR;P4HB;PFN1;SERF2	8.566089923292284e-17
SRRS_d7_wound_alignment	100	Gene_Perturbations_from_GEO_down	87	Alkbh1 KO mouse GSE30561 sample 1543	5.054152383973412e-18	17.665951512550954	703.5698647934618	EIF5A;TAGLN;TPM4;FN1;NME2;MIF;ACTB;MYL12A;PSMA7;NME1;COL3A1;LGALS1;PKM;GNG5;BASP1;GUK1;C1QBP;COL5A2;PFN1;GAPDH;S100A11	1.2199678168211683e-16
SRRS_d7_wound_alignment	100	Gene_Perturbations_from_GEO_down	88	Ppara KO mouse GSE6864 sample 1372	5.632127021045155e-18	16.129704603388813	640.6403252389109	EIF5A;OST4;TAGLN;TPI1;TPM4;PGAM1;GSTP1;UQCR11;ACTB;ACTG1;COL3A1;TUBA1B;GNG5;TMSB4X;CFL1;KDELR2;SH3BGRL3;CALR;SEC61B;PFN1;TMSB10;GAPDH	1.3419673108931671e-16
SRRS_d7_wound_alignment	100	Gene_Perturbations_from_GEO_down	89	Nr4a2 OE mouse GSE3571 sample 3121	5.751288475256431e-18	17.545198823679836	696.4936484011412	POSTN;BRI3;GSTP1;TNC;UQCR11;MYL12A;ATOX1;PTMS;COL3A1;LGALS1;GNG5;TUBB3;SEC61G;PLIN2;TGFBI;SEC61B;RABAC1;TMSB10;S100A11;AP2M1;CTSB	1.3419673108931671e-16
SRRS_d7_wound_alignment	100	Gene_Perturbations_from_GEO_down	90	PTEN Deletion human GSE6263 sample 2960	5.751288475256431e-18	17.545198823679836	696.4936484011412	PPP1R14B;TNFRSF12A;PGAM1;UQCR11;PDIA6;ACTG1;SRM;LDHB;TUBA1B;PRDX4;LGALS1;PKM;SEC61G;C1QBP;COTL1;VDAC1;SEC61B;PFN1;GAPDH;S100A11;SERF2	1.3419673108931671e-16
SRRS_d7_wound_alignment	100	Gene_Perturbations_from_GEO_down	91	CXCR4 Stimulation of gene product human GSE20484 sample 2951	8.42992216958335e-18	17.192505326482014	675.9189479412229	TPM4;PGAM1;FN1;MIF;ENO1;PDIA6;ACTB;ACTG1;NME1;LDHB;LGALS1;GNG5;C1QBP;CFL1;COTL1;VDAC1;PLIN2;PFN1;GAPDH;AP2M1;CTSB	1.9453666545192346e-16
SRRS_d7_wound_alignment	100	Gene_Perturbations_from_GEO_down	92	Kdm1a KD mouse GSE25423 sample 3082	9.567403291845916e-18	18.73854961832061	734.3294650656986	VKORC1;POSTN;SSR3;FN1;NME2;THY1;NME1;COL1A1;RCN3;LDHB;COL3A1;TUBA1B;BASP1;COL5A2;COL6A3;CALR;TIMP1;P4HB;PPIB;TMSB10	2.183863794877872e-16
SRRS_d7_wound_alignment	100	Gene_Perturbations_from_GEO_down	93	Trpv4 DEPLETION mouse GSE40280 sample 116	1.2261541691091303e-17	16.853508664126828	656.2767060327773	VKORC1;POSTN;TPM4;GSTO1;SSR3;INHBA;THY1;CKAP4;ACTG1;COL1A1;RCN3;RCN1;LGALS1;GNG5;COL5A2;KDELR2;TGFBI;TIMP1;PFN1;RABAC1;S100A11	2.7687352205690044e-16
SRRS_d7_wound_alignment	100	Gene_Perturbations_from_GEO_down	94	NR4A2 OE human GSE58475 sample 1431	2.1120745940984623e-17	13.990134865134864	537.169078111005	COX8A;EIF5A;PRELID1;TNFRSF12A;ARPC1B;GSTP1;SSR3;ENO1;YBX1;CKAP4;RCN1;PRDX4;PKM;BASP1;SEC61G;C1QBP;COL5A2;RAB13;AP2S1;COL6A3;KDELR2;P4HB;S100A11	4.718464518730607e-16
SRRS_d7_wound_alignment	100	Gene_Perturbations_from_GEO_down	95	Srf KO mouse GSE1948 sample 1185	2.311943635097159e-17	17.84090909090909	683.4113303997775	TPI1;TPM4;UQCR10;YBX1;ACTB;MYL12A;ATOX1;ACTG1;SRM;LSM7;PRDX4;LGALS1;PKM;TMSB4X;CFL1;PFN1;RABAC1;TMSB10;S100A11;AP2M1	5.110612246004245e-16
SRRS_d7_wound_alignment	100	Gene_Perturbations_from_GEO_down	96	Foxo1 KO mouse GSE18308 sample 1168	2.5378545676550226e-17	16.213533656689933	619.5617223281988	EIF5A;PPP1R14B;TPM4;GSTP1;TNC;NME2;YBX1;ACTB;ACTG1;NME1;SRM;TUBA1B;LGALS1;BASP1;C1QBP;TMSB4X;CFL1;CALR;PPIB;PFN1;AP2M1	5.551556866745362e-16
SRRS_d7_wound_alignment	100	Gene_Perturbations_from_GEO_down	97	Dhcr7 KO mouse GSE39811 sample 3083	2.5769912055573384e-17	13.854050711193569	529.1876645854749	EIF5A;PPP1R14B;PGAM1;TNC;FN1;NME2;ENO1;PDIA6;CKAP4;PSMA7;SRM;RCN3;GUK1;SEC61G;CFL1;AP2S1;KDELR2;TGFBI;CALR;RAC1;PPIB;PFN1;GAPDH	5.579053125433414e-16
SRRS_d7_wound_alignment	100	Gene_Perturbations_from_GEO_down	98	RARA Activation - AM580 (RARA Agonist) human GSE5679 sample 2385	2.638058330992584e-17	17.71028880866426	676.0708544341261	TPI1;PGAM1;MIF;ENO1;YBX1;ACTB;ACTG1;TUBA1C;TUBA1B;LGALS1;PKM;CFL1;ADAM12;RAB13;COTL1;AP2S1;SH3BGRL3;TGFBI;GAPDH;S100A11	5.652982137841251e-16
SRRS_d7_wound_alignment	100	Gene_Perturbations_from_GEO_down	99	Gata1 Truncated Expression ( GATA-1deltaNeodeltaHS mutant) mouse GSE2433 sample 2658	2.8571683215957924e-17	16.111494297919034	613.7531253695122	TPM4;PDIA6;MYL12A;ACTG1;TUBA1C;BASP1;TUBB3;SEC61G;CFL1;COTL1;AP2S1;CALR;P4HB;RAC1;PPIB;PFN1;TMSB10;S100A11;AP2M1;SERF2;CTSB	6.060660076112286e-16
SRRS_d7_wound_alignment	100	Gene_Perturbations_from_GEO_down	100	Tgfbr1 activemutant mouse GSE14523 sample 2023	2.922913697750332e-17	19.461217898629993	740.9151420377227	PRELID1;TAGLN;POSTN;TPI1;TPM4;GSTO1;TPM2;TNC;THY1;TUBA1B;LGALS1;PKM;TMSB4X;CFL1;COL6A3;PFN1;TMSB10;GAPDH;S100A11	6.138118765275697e-16
SRRS_d7_wound_alignment	100	LINCS_L1000_Chem_Pert_up	1	LJP009 PC3 24H-mitoxantrone-10	7.171952382849713e-14	21.725958516656192	657.5581512781173	EIF5A;PPP1R14B;TPM2;INHBA;THY1;YBX1;SRM;GUK1;SEC61G;COTL1;AP2S1;TGFBI;RABAC1;CTSB	1.2408194817568289e-09
SRRS_d7_wound_alignment	100	LINCS_L1000_Chem_Pert_up	2	LJP008 HEPG2 24H-entinostat-1.11	3.3967753348795065e-12	26.90443264600568	710.4974919839041	COL1A1;POSTN;COL3A1;LGALS1;LUM;BASP1;TNC;COTL1;COL6A3;TIMP1;CTSB	2.3724044143216237e-08
SRRS_d7_wound_alignment	100	LINCS_L1000_Chem_Pert_up	3	LJP009 MCF7 24H-CGP-60474-0.12	4.113758304701966e-12	21.572727272727274	565.5653755643917	COX8A;EIF5A;COL3A1;TPI1;TPM2;ARPC1B;GSTP1;COL5A2;COTL1;UQCR11;ENO1;P4HB	2.3724044143216237e-08
SRRS_d7_wound_alignment	100	LINCS_L1000_Chem_Pert_up	4	LJP007 MCF7 24H-dinaciclib-0.12	3.9994971798293206e-11	17.48465171192444	418.6222062414295	EIF5A;SSR4;TPM2;GSTP1;COL5A2;SSR3;COTL1;FN1;UQCR11;ENO1;RABAC1;CTSB	1.5525867179618913e-07
SRRS_d7_wound_alignment	100	LINCS_L1000_Chem_Pert_up	5	LJP005 MDAMB231 3H-BX-912-3.33	4.486985486277936e-11	47.98067632850242	1143.247806620004	EIF5A;COL1A1;TAGLN;POSTN;COL3A1;FN1;COL6A3;PPIB	1.5525867179618913e-07
SRRS_d7_wound_alignment	100	LINCS_L1000_Chem_Pert_up	6	LJP006 HEPG2 24H-sirolimus-0.37	6.552152861094106e-11	45.45080091533181	1065.7595750123219	COL1A1;POSTN;BASP1;COTL1;FN1;COL6A3;SH3BGRL3;INHBA	1.8893132774964854e-07
SRRS_d7_wound_alignment	100	LINCS_L1000_Chem_Pert_up	7	LJP007 A375 24H-everolimus-3.33	8.873367717856638e-11	31.141287284144425	720.7769784417769	EIF5A;LGALS1;TPM2;SSR3;COL5A2;FN1;PLIN2;TIMP1;INHBA	2.1931162126662527e-07
SRRS_d7_wound_alignment	100	LINCS_L1000_Chem_Pert_up	8	LJP009 PC3 24H-saracatinib-10	2.7680187024341927e-10	14.611660079051383	321.5693111238635	EIF5A;PRDX4;SSR4;GUK1;AP2S1;KDELR2;TGFBI;INHBA;P4HB;RABAC1;AP2M1;CTSB	5.664666173728804e-07
SRRS_d7_wound_alignment	100	LINCS_L1000_Chem_Pert_up	9	LJP008 HEPG2 24H-entinostat-0.04	2.9467658264585426e-10	36.73080481036078	806.0627527190821	COL1A1;COL3A1;LGALS1;COL6A3;SH3BGRL3;VDAC1;ENO1;TIMP1	5.664666173728804e-07
SRRS_d7_wound_alignment	100	LINCS_L1000_Chem_Pert_up	10	LJP006 BT20 3H-THZ-2-98-01-3.33	3.7842821207002547e-10	53.41935483870968	1158.9326214557811	COL1A1;TAGLN;COL3A1;RCN1;LUM;TPM2;COL6A3	6.547186497023511e-07
SRRS_d7_wound_alignment	100	LINCS_L1000_Chem_Pert_up	11	LJP006 HEPG2 24H-mitoxantrone-10	1.008352797396205e-09	15.15311605834322	313.8960071121018	EIF5A;LDHB;POSTN;COL3A1;GUK1;GSTP1;COL5A2;COL6A3;UQCR11;SH3BGRL3;CTSB	1.5859556134319766e-06
SRRS_d7_wound_alignment	100	LINCS_L1000_Chem_Pert_up	12	LJP006 BT20 24H-alvocidib-0.37	1.1626431280695754e-09	18.012750455373407	370.5685672062447	TAGLN;TPM4;SSR4;GUK1;COL5A2;SSR3;TNC;THY1;CKAP4;CTSB	1.6762407298943103e-06
SRRS_d7_wound_alignment	100	LINCS_L1000_Chem_Pert_up	13	LJP006 BT20 24H-alvocidib-3.33	3.517701686488563e-09	19.781218781218783	385.0504831879472	PRDX4;SSR4;GUK1;COL5A2;SSR3;COL6A3;ENO1;THY1;NME1	4.208910391514382e-06
SRRS_d7_wound_alignment	100	LINCS_L1000_Chem_Pert_up	14	LJP005 HEPG2 24H-mitoxantrone-10	3.5527852499817125e-09	15.911433172302738	309.56542849359715	POSTN;COL3A1;LUM;GUK1;ARPC1B;GSTP1;COL5A2;COL6A3;THY1;CTSB	4.208910391514382e-06
SRRS_d7_wound_alignment	100	LINCS_L1000_Chem_Pert_up	15	LJP006 BT20 3H-selumetinib-0.04	3.649133337536311e-09	60.422492401215806	1173.935078642783	COL1A1;COL3A1;FN1;TIMP1;INHBA;TGFBI	4.208910391514382e-06
SRRS_d7_wound_alignment	100	LINCS_L1000_Chem_Pert_up	16	LJP006 LNCAP 24H-JNK-9L-3.33	4.316304796796274e-09	15.570527974783294	299.9018555472073	COL3A1;LGALS1;TPM4;GUK1;GSTP1;COL6A3;TGFBI;THY1;S100A11;CTSB	4.667274330585771e-06
SRRS_d7_wound_alignment	100	LINCS_L1000_Chem_Pert_up	17	LJP006 LNCAP 24H-alvocidib-0.37	8.019551634445368e-09	14.532008830022075	270.89674704727236	COL1A1;LDHB;COL3A1;TPM4;GUK1;GSTP1;COL5A2;FN1;COL6A3;ENO1	8.161544872208196e-06
SRRS_d7_wound_alignment	100	LINCS_L1000_Chem_Pert_up	18	LJP006 LNCAP 24H-CGP-60474-0.04	1.1399688099223212e-08	13.9723991507431	255.5507070866591	COL1A1;LDHB;COL3A1;LGALS1;TPM4;GUK1;GSTP1;COL5A2;COL6A3;SH3BGRL3	1.0957000211370044e-05
SRRS_d7_wound_alignment	100	LINCS_L1000_Chem_Pert_up	19	LJP005 MCF7 24H-CGP-60474-1.11	1.4742695338845673e-08	16.580182529335072	298.98244169571836	EIF5A;LDHB;COL3A1;SSR4;GUK1;COL6A3;UQCR11;THY1;CTSB	1.342438800301942e-05
SRRS_d7_wound_alignment	100	LINCS_L1000_Chem_Pert_up	20	LJP006 HEPG2 24H-alvocidib-10	1.774947870252866e-08	20.761655316919853	370.5313874627844	LDHB;POSTN;COL3A1;GUK1;GSTP1;COL5A2;COL6A3;ENO1	1.5354186551622415e-05
SRRS_d7_wound_alignment	100	LINCS_L1000_Chem_Pert_up	21	LJP008 HT29 24H-entinostat-3.33	1.9360467649976495e-08	20.51345755693582	364.31967494816774	LGALS1;COL5A2;RAB13;FN1;PLIN2;RABAC1;CKAP4;CTSB	1.595025956248778e-05
SRRS_d7_wound_alignment	100	LINCS_L1000_Chem_Pert_up	22	LJP005 BT20 3H-CGP-60474-0.37	2.315653324093377e-08	42.276595744680854	743.2643597897634	FKBP11;POSTN;COL3A1;LUM;COL5A2;COL6A3	1.821050825460887e-05
SRRS_d7_wound_alignment	100	LINCS_L1000_Chem_Pert_up	23	LJP006 LNCAP 24H-CGP-60474-3.33	3.244794630036178e-08	15.040574809805578	259.35408721306123	COL1A1;COL3A1;GUK1;GSTP1;COL6A3;TGFBI;INHBA;THY1;TIMP1	2.4407909519241702e-05
SRRS_d7_wound_alignment	100	LINCS_L1000_Chem_Pert_up	24	LJP007 MCF7 24H-mitoxantrone-10	4.727560161028709e-08	18.128146453089244	305.77236795661634	EIF5A;GSTP1;COL5A2;COTL1;ENO1;THY1;YBX1;CTSB	3.407979931081571e-05
SRRS_d7_wound_alignment	100	LINCS_L1000_Chem_Pert_up	25	LJP005 MDAMB231 3H-CGP-60474-3.33	5.2389469557141196e-08	36.22796352583587	607.3458764835119	POSTN;COL3A1;COL5A2;ENO1;THY1;INHBA	3.625560851232399e-05
SRRS_d7_wound_alignment	100	LINCS_L1000_Chem_Pert_up	26	LJP005 MCF7 24H-CGP-60474-3.33	5.5909605958164556e-08	14.060320973990038	234.80074670853205	EIF5A;LDHB;COL3A1;SSR4;GUK1;GSTP1;COL5A2;UQCR11;CTSB	3.7203542026238653e-05
SRRS_d7_wound_alignment	100	LINCS_L1000_Chem_Pert_up	27	LJP008 HEPG2 24H-entinostat-0.12	5.850138446829928e-08	23.700119474313023	394.70689513061944	COL1A1;POSTN;COL3A1;LGALS1;LUM;TPM2;TIMP1	3.748638713652022e-05
SRRS_d7_wound_alignment	100	LINCS_L1000_Chem_Pert_up	28	LJP009 A549 24H-CGP-60474-3.33	6.375766578633071e-08	17.392182696530522	288.15675111469244	EIF5A;COL3A1;FAP;SSR4;GUK1;ADAM12;UQCR11;THY1	3.939540627747527e-05
SRRS_d7_wound_alignment	100	LINCS_L1000_Chem_Pert_up	29	LJP008 HEPG2 24H-mocetinostat-0.37	7.130623278655486e-08	22.96856906534326	377.97725190338394	COL1A1;POSTN;COL3A1;LUM;COL5A2;COTL1;COL6A3	4.25403149462133e-05
SRRS_d7_wound_alignment	100	LINCS_L1000_Chem_Pert_up	30	LJP005 MCF10A 24H-GSK-690693-10	9.766629039526003e-08	16.393374741200827	264.6170906530633	TAGLN;LGALS1;BASP1;TPM2;FN1;TGFBI;INHBA;CTSB	5.632414967094646e-05
SRRS_d7_wound_alignment	100	LINCS_L1000_Chem_Pert_up	31	LJP006 LNCAP 24H-CGP-60474-10	1.0367722141110608e-07	13.021978021978022	209.41923444142978	COL1A1;COL3A1;TPM4;GUK1;GSTP1;COL5A2;COL6A3;RABAC1;S100A11	5.7861922826888596e-05
SRRS_d7_wound_alignment	100	LINCS_L1000_Chem_Pert_up	32	LJP009 HEPG2 24H-sirolimus-10	1.1405989708521149e-07	21.322580645161292	340.8743334524742	COL1A1;POSTN;COL6A3;TIMP1;INHBA;TGFBI;CTSB	6.166719623347637e-05
SRRS_d7_wound_alignment	100	LINCS_L1000_Chem_Pert_up	33	LJP006 HCC515 24H-sorafenib-10	1.280380755546345e-07	15.78859194256083	250.5797662273943	RCN1;TNFRSF12A;BASP1;KDELR2;PPIB;RABAC1;S100A11;CKAP4	6.515255132855093e-05
SRRS_d7_wound_alignment	100	LINCS_L1000_Chem_Pert_up	34	LJP007 MCF7 24H-dinaciclib-1.11	1.280380755546345e-07	15.78859194256083	250.5797662273943	EIF5A;TPM2;GSTP1;COL5A2;COTL1;UQCR11;TGFBI;CTSB	6.515255132855093e-05
SRRS_d7_wound_alignment	100	LINCS_L1000_Chem_Pert_up	35	LJP009 PC3 24H-CGP-60474-3.33	1.3584316340022065e-07	10.570585077831455	167.1396053340595	EIF5A;SSR4;GUK1;SSR3;AP2S1;SH3BGRL3;TGFBI;PPIB;AP2M1;CTSB	6.553854411145965e-05
SRRS_d7_wound_alignment	100	LINCS_L1000_Chem_Pert_up	36	LJP006 MCF10A 3H-alvocidib-10	1.3637290260751097e-07	20.72819593787336	327.6686841895205	POSTN;COL3A1;GSTO1;TPM2;COL6A3;THY1;NME1	6.553854411145965e-05
SRRS_d7_wound_alignment	100	LINCS_L1000_Chem_Pert_up	37	LJP006 HEPG2 24H-JNK-9L-10	1.488426487203257e-07	20.44321696862572	321.3750602148893	LDHB;POSTN;BASP1;GSTP1;COL5A2;COL6A3;KDELR2	6.959801798676635e-05
SRRS_d7_wound_alignment	100	LINCS_L1000_Chem_Pert_up	38	LJP006 HCC515 24H-alvocidib-10	1.610293387598706e-07	10.368088467614534	162.1743143522336	EIF5A;COL3A1;SSR4;GSTP1;COL5A2;COL6A3;VDAC1;THY1;PDIA6;CTSB	7.01817374575194e-05
SRRS_d7_wound_alignment	100	LINCS_L1000_Chem_Pert_up	39	LJP006 HCC515 24H-CGP-60474-10	1.610293387598706e-07	10.368088467614534	162.1743143522336	EIF5A;POSTN;SSR4;GSTP1;COL5A2;COL6A3;VDAC1;THY1;RABAC1;CTSB	7.01817374575194e-05
SRRS_d7_wound_alignment	100	LINCS_L1000_Chem_Pert_up	40	LJP005 HEPG2 24H-PF-477736-10	1.6226053397495962e-07	20.16594013368207	315.2755696135512	EIF5A;TNFRSF12A;BASP1;RAB13;FN1;TIMP1;INHBA	7.01817374575194e-05
SRRS_d7_wound_alignment	100	LINCS_L1000_Chem_Pert_up	41	LJP006 MDAMB231 3H-AT-7519-0.37	1.7855601447493074e-07	28.804642166344294	447.57699984508275	EIF5A;POSTN;COL3A1;PGAM1;THY1;TGFBI	7.534628308367748e-05
SRRS_d7_wound_alignment	100	LINCS_L1000_Chem_Pert_up	42	LJP007 HT29 24H-mitoxantrone-10	1.8867613297298195e-07	14.960302457466918	231.63386177326504	POSTN;SSR4;GUK1;GSTP1;COL5A2;UQCR11;TGFBI;THY1	7.772108991822763e-05
SRRS_d7_wound_alignment	100	LINCS_L1000_Chem_Pert_up	43	LJP008 A549 24H-entinostat-3.33	2.0154987540902773e-07	28.163120567375888	434.19727817155456	EIF5A;COL1A1;LGALS1;TNC;COL6A3;PLIN2	7.925032714662701e-05
SRRS_d7_wound_alignment	100	LINCS_L1000_Chem_Pert_up	44	LJP006 MDAMB231 3H-AZD-5438-10	2.0154987540902773e-07	28.163120567375888	434.19727817155456	POSTN;COL3A1;TPM2;COL5A2;THY1;TGFBI	7.925032714662701e-05
SRRS_d7_wound_alignment	100	LINCS_L1000_Chem_Pert_up	45	LJP008 HEPG2 24H-mocetinostat-10	2.1372187434743802e-07	14.703084355258268	225.8186490496887	COL1A1;LDHB;POSTN;COL3A1;LUM;BASP1;TPM2;COTL1	8.216893662411166e-05
SRRS_d7_wound_alignment	100	LINCS_L1000_Chem_Pert_up	46	LJP009 MCF7 24H-CGP-60474-10	2.2727915998927021e-07	14.577745025792188	222.99703093982438	COL1A1;EIF5A;ARPC1B;GSTP1;COL5A2;FN1;TGFBI;THY1	8.548166841248618e-05
SRRS_d7_wound_alignment	100	LINCS_L1000_Chem_Pert_up	47	LJP006 HCC515 24H-mitoxantrone-10	2.456833944180479e-07	18.88485095957534	287.4127419193502	POSTN;FAP;GSTP1;COL5A2;VDAC1;THY1;CTSB	8.893572040321834e-05
SRRS_d7_wound_alignment	100	LINCS_L1000_Chem_Pert_up	48	LJP009 PC3 24H-CGP-60474-10	2.467438055230611e-07	11.686319668355596	177.8063634928278	COL1A1;EIF5A;GUK1;ADAM12;AP2S1;SH3BGRL3;P4HB;RABAC1;AP2M1	8.893572040321834e-05
SRRS_d7_wound_alignment	100	LINCS_L1000_Chem_Pert_up	49	LJP008 HEPG2 24H-CX-5461-1.11	2.855683560400491e-07	26.398936170212767	397.7998778233708	LDHB;LGALS1;BASP1;VDAC1;TIMP1;S100A11	0.0001008289413846712
SRRS_d7_wound_alignment	100	LINCS_L1000_Chem_Pert_up	50	LJP005 A375 24H-GSK-1059615-0.37	3.192473546551611e-07	25.858879722101605	386.7790120528343	POSTN;TAGLN;COL3A1;LUM;TPM2;COL5A2	0.00011046596965777884
SRRS_d7_wound_alignment	100	LINCS_L1000_Chem_Pert_up	51	LJP006 HEPG2 24H-AZD-5438-10	3.277946687534792e-07	11.277583687988312	168.38423108009812	LDHB;COL3A1;SSR4;GUK1;GSTP1;COL5A2;UQCR11;ATOX1;CTSB	0.00011119952086478322
SRRS_d7_wound_alignment	100	LINCS_L1000_Chem_Pert_up	52	LJP006 HME1 24H-gefitinib-0.37	3.64925894758043e-07	13.646652864044169	202.29213490303718	COL1A1;TAGLN;COL3A1;RCN1;LUM;BASP1;TPM2;RABAC1	0.00012141505586940195
SRRS_d7_wound_alignment	100	LINCS_L1000_Chem_Pert_up	53	LJP007 HA1E 24H-everolimus-0.37	3.9641622577741776e-07	24.842302878598247	366.19544566121186	COL1A1;POSTN;COL3A1;FAP;COL5A2;INHBA	0.00012940371928632272
SRRS_d7_wound_alignment	100	LINCS_L1000_Chem_Pert_up	54	LJP006 MCF7 24H-AZD-5438-10	4.530308463484209e-07	17.14139166975652	250.38954687735105	EIF5A;LDHB;COL3A1;GUK1;GSTP1;COL6A3;UQCR11	0.0001437897357029865
SRRS_d7_wound_alignment	100	LINCS_L1000_Chem_Pert_up	55	LJP006 LNCAP 24H-CGP-60474-0.37	4.5710857543866006e-07	13.224080267558529	193.0496846154435	COL1A1;EIF5A;COL3A1;GUK1;GSTP1;COL6A3;ENO1;ATOX1	0.0001437897357029865
SRRS_d7_wound_alignment	100	LINCS_L1000_Chem_Pert_up	56	LJP007 MCF7 24H-CGP-60474-0.37	5.685352404187425e-07	12.82673588578845	184.4510599294963	EIF5A;ARPC1B;GSTP1;COL5A2;COTL1;FN1;UQCR11;THY1	0.000175646932044369
SRRS_d7_wound_alignment	100	LINCS_L1000_Chem_Pert_up	57	LJP007 HCC515 24H-dinaciclib-0.04	5.997662897784454e-07	12.731078904991948	182.3946762872212	COL1A1;EIF5A;GSTO1;GSTP1;SSR3;FN1;SH3BGRL3;THY1	0.0001820448522711734
SRRS_d7_wound_alignment	100	LINCS_L1000_Chem_Pert_up	58	LJP009 HCC515 24H-GSK-1059615-3.33	7.245226156745013e-07	22.22060470324748	314.14941769673527	COL1A1;POSTN;COL3A1;BASP1;COL5A2;FN1	0.00021248357680031765
SRRS_d7_wound_alignment	100	LINCS_L1000_Chem_Pert_up	59	LJP009 PC3 24H-CGP-60474-0.37	7.246130877532363e-07	10.205454231632242	144.28091546324455	COL1A1;EIF5A;SSR4;GUK1;AP2S1;INHBA;P4HB;RABAC1;CTSB	0.00021248357680031765
SRRS_d7_wound_alignment	100	LINCS_L1000_Chem_Pert_up	60	LJP005 A375 24H-BX-912-3.33	7.962603863129701e-07	21.836390315480557	306.6558445351368	COL1A1;POSTN;TAGLN;COL3A1;LUM;FN1	0.00022960168239334494
SRRS_d7_wound_alignment	100	LINCS_L1000_Chem_Pert_up	61	LJP007 MCF7 24H-dinaciclib-0.04	8.197189360580768e-07	12.185630588960839	170.77313536030636	EIF5A;TPM2;GSTP1;COL5A2;COTL1;ENO1;RABAC1;CTSB	0.00023249110348755387
SRRS_d7_wound_alignment	100	LINCS_L1000_Chem_Pert_up	62	LJP006 LNCAP 24H-AZD-5438-10	8.623635840729554e-07	12.099203919167177	168.948309108267	COL1A1;LDHB;COL3A1;GUK1;GSTP1;COL5A2;COL6A3;INHBA	0.00024064116722655166
SRRS_d7_wound_alignment	100	LINCS_L1000_Chem_Pert_up	63	LJP008 MCF7 24H-belinostat-0.37	1.0272000000379626e-06	15.054523731943087	207.58191851939728	FN1;VDAC1;PLIN2;ENO1;RABAC1;ACTB;S100A11	0.00028208868572471095
SRRS_d7_wound_alignment	100	LINCS_L1000_Chem_Pert_up	64	LJP006 MCF7 24H-BMS-387032-10	1.0524319167348553e-06	11.765336509827279	161.9428797504911	EIF5A;LDHB;COL3A1;SSR4;GUK1;GSTP1;UQCR11;CTSB	0.00028450194674108954
SRRS_d7_wound_alignment	100	LINCS_L1000_Chem_Pert_up	65	LJP006 MCF10A 3H-geldanamycin-0.37	1.0946416834616564e-06	14.903225806451612	204.54801828447367	FKBP11;COL3A1;ADAM12;COL6A3;TGFBI;P4HB;PDIA6	0.00029135993485492485
SRRS_d7_wound_alignment	100	LINCS_L1000_Chem_Pert_up	66	LJP006 BT20 24H-AT-7519-3.33	1.1438701789268336e-06	20.42347288949897	279.41543507643144	POSTN;COL3A1;SSR3;COL5A2;COL6A3;THY1	0.0002995800789613537
SRRS_d7_wound_alignment	100	LINCS_L1000_Chem_Pert_up	67	LJP007 HCC515 24H-dinaciclib-10	1.1601563661297439e-06	11.605170387779083	158.6073503181533	COL1A1;EIF5A;POSTN;GSTO1;SSR3;ADAM12;FN1;THY1	0.0002995800789613537
SRRS_d7_wound_alignment	100	LINCS_L1000_Chem_Pert_up	68	LJP008 HCC515 24H-decitabine-10	1.2439270235903317e-06	31.68580542264753	430.83941309441906	COL1A1;TAGLN;POSTN;COL3A1;FN1	0.000312866394469839
SRRS_d7_wound_alignment	100	LINCS_L1000_Chem_Pert_up	69	LJP006 HME1 24H-AS-605240-0.37	1.247776499532911e-06	20.098277608915907	273.2189481201897	COL1A1;TAGLN;COL3A1;LUM;TGFBI;CTSB	0.000312866394469839
SRRS_d7_wound_alignment	100	LINCS_L1000_Chem_Pert_up	70	LJP008 HT29 24H-GSK-J4-10	1.421224010449179e-06	30.75232198142415	414.0490195519079	GSTP1;COL5A2;VDAC1;TIMP1;CTSB	0.0003512656657825892
SRRS_d7_wound_alignment	100	LINCS_L1000_Chem_Pert_up	71	LJP006 MCF7 3H-AZD-5438-3.33	1.478778454731084e-06	19.477905073649755	261.4771277074381	EIF5A;TPI1;SEC61G;UQCR11;THY1;INHBA	0.00036034290204651386
SRRS_d7_wound_alignment	100	LINCS_L1000_Chem_Pert_up	72	LJP005 MCF10A 3H-NVP-AUY922-0.37	1.6178435705615912e-06	29.872180451127818	398.32809365039157	COL1A1;POSTN;COL3A1;COL5A2;INHBA	0.0003887543279761957
SRRS_d7_wound_alignment	100	LINCS_L1000_Chem_Pert_up	73	LJP008 HEPG2 24H-GSK-1070916-3.33	1.7058808579487874e-06	59.18452380952381	786.055047821626	COTL1;VDAC1;TIMP1;S100A11	0.0004042937633338626
SRRS_d7_wound_alignment	100	LINCS_L1000_Chem_Pert_up	74	CPC006 HA1E 24H-15-deoxy-?12,14-prostaglandin j2-10.0	1.7692338367247179e-06	10.9349210744946	144.8326355994243	COL1A1;MAP2K2;TPI1;GNG5;AP2S1;GAPDH;ACTG1;CTSB	0.0004136420893131668
SRRS_d7_wound_alignment	100	LINCS_L1000_Chem_Pert_up	75	LJP006 MCF7 3H-AT-7519-3.33	1.8898091670928132e-06	18.615769712140175	245.33787507392182	EIF5A;COL3A1;TPM2;AP2S1;TGFBI;P4HB	0.00043594117866497015
SRRS_d7_wound_alignment	100	LINCS_L1000_Chem_Pert_up	76	LJP009 HT29 24H-mitoxantrone-10	2.045889017738323e-06	18.34505087881591	240.3142618906808	EIF5A;LDHB;GSTO1;ARPC1B;GSTP1;COL5A2	0.00046573586705119375
SRRS_d7_wound_alignment	100	LINCS_L1000_Chem_Pert_up	77	LJP006 HME1 24H-JNK-9L-3.33	2.311455719227145e-06	10.529207788743665	136.64419499402297	EIF5A;LDHB;COL3A1;GUK1;GSTP1;COL6A3;THY1;CTSB	0.0005193570830954394
SRRS_d7_wound_alignment	100	LINCS_L1000_Chem_Pert_up	78	LJP006 SKBR3 3H-XMD11-85H-10	2.5783886632343107e-06	17.578014184397162	226.1999668175285	LGALS1;COL5A2;FN1;TIMP1;TGFBI;S100A11	0.0005719064392643181
SRRS_d7_wound_alignment	100	LINCS_L1000_Chem_Pert_up	79	LJP006 LNCAP 3H-imatinib-10	2.6282556274495593e-06	26.802968960863698	344.3964458710792	POSTN;COL3A1;TPM4;TNC;COL6A3	0.000572116433209415
SRRS_d7_wound_alignment	100	LINCS_L1000_Chem_Pert_up	80	LJP006 HT29 24H-BMS-387032-10	2.645472207199191e-06	12.949509116409537	166.30615544395562	EIF5A;COL3A1;GUK1;GSTP1;AP2S1;COL6A3;UQCR11	0.000572116433209415
SRRS_d7_wound_alignment	100	LINCS_L1000_Chem_Pert_up	81	LJP006 LNCAP 24H-alvocidib-3.33	2.9923709722656677e-06	17.10120759056929	217.5178611301748	COL1A1;COL3A1;GSTP1;COL5A2;FN1;COL6A3	0.000639148273965041
SRRS_d7_wound_alignment	100	LINCS_L1000_Chem_Pert_up	82	LJP005 HCC515 24H-AS-601245-10	3.1111141050519163e-06	12.618370694368508	160.00762388599009	COL3A1;TPM4;GSTP1;FN1;VDAC1;THY1;CTSB	0.0006564071357500392
SRRS_d7_wound_alignment	100	LINCS_L1000_Chem_Pert_up	83	LJP008 HEPG2 24H-sirolimus-10	3.2187820878903624e-06	16.872340425531913	213.37617979361434	COL1A1;TAGLN;LGALS1;FN1;SH3BGRL3;INHBA	0.000670941553043267
SRRS_d7_wound_alignment	100	LINCS_L1000_Chem_Pert_up	84	LJP006 MCF10A 3H-JNK-9L-0.37	3.2912385559521554e-06	25.49293966623877	321.82915698849536	EIF5A;LUM;RAB13;COL6A3;TGFBI	0.0006778775982920029
SRRS_d7_wound_alignment	100	LINCS_L1000_Chem_Pert_up	85	LJP008 PC3 24H-ABT-737-10	3.6432484594175528e-06	12.303652359370835	154.0741456995294	FKBP11;RCN1;PRDX4;BASP1;KDELR2;RABAC1;CKAP4	0.0007415510776045068
SRRS_d7_wound_alignment	100	LINCS_L1000_Chem_Pert_up	86	LJP006 BT20 24H-CGP-60474-0.12	3.8366556767495706e-06	12.202185792349727	152.17235457638435	COL1A1;TAGLN;SSR4;TNC;COL6A3;THY1;CKAP4	0.0007718369751563293
SRRS_d7_wound_alignment	100	LINCS_L1000_Chem_Pert_up	87	LJP009 MCF7 24H-CGP-60474-3.33	4.2492190987662204e-06	12.004162330905308	148.47678693635794	EIF5A;ARPC1B;GSTP1;COL5A2;COTL1;UQCR11;ENO1	0.0008450085014684412
SRRS_d7_wound_alignment	100	LINCS_L1000_Chem_Pert_up	88	LJP005 MDAMB231 24H-AS-601245-10	4.468968944275115e-06	11.90752688172043	146.6811175472521	COL1A1;EIF5A;POSTN;COL3A1;ADAM12;COL6A3;THY1	0.0008786094511920883
SRRS_d7_wound_alignment	100	LINCS_L1000_Chem_Pert_up	89	LJP008 MCF7 24H-mocetinostat-10	4.672928001963715e-06	9.526570048309178	116.9264981235073	COL1A1;LGALS1;BASP1;COTL1;COL6A3;PLIN2;TGFBI;TIMP1	0.0009083857006963398
SRRS_d7_wound_alignment	100	LINCS_L1000_Chem_Pert_up	90	LJP006 MDAMB231 24H-CGP-60474-0.04	4.936944406403647e-06	11.718821437642875	143.18951302837365	SSR4;GUK1;COL5A2;COL6A3;UQCR11;TGFBI;THY1	0.0009490452797243277
SRRS_d7_wound_alignment	100	LINCS_L1000_Chem_Pert_up	91	LJP007 HA1E 24H-WZ-7043-10	5.007413746042903e-06	23.22222222222222	283.4177242058149	COL1A1;POSTN;COL3A1;COL6A3;INHBA	0.0009520139035196514
SRRS_d7_wound_alignment	100	LINCS_L1000_Chem_Pert_up	92	LJP009 MCF7 24H-CGP-60474-0.37	5.185808428072518e-06	11.626680107526882	141.49186964751644	EIF5A;COL3A1;TPM2;GSTP1;COL5A2;COTL1;UQCR11	0.0009752138218922026
SRRS_d7_wound_alignment	100	LINCS_L1000_Chem_Pert_up	93	LJP006 LNCAP 24H-CGP-60474-1.11	5.4450283811934554e-06	11.535967325164625	139.8252403042247	COL3A1;SSR4;GUK1;GSTP1;COL6A3;ENO1;S100A11	0.0009852492205017418
SRRS_d7_wound_alignment	100	LINCS_L1000_Chem_Pert_up	94	LJP005 HCC515 24H-WZ-3105-0.37	5.457753134119031e-06	9.31758034026465	112.91484919651788	EIF5A;LGALS1;SSR3;FN1;COL6A3;VDAC1;THY1;CTSB	0.0009852492205017418
SRRS_d7_wound_alignment	100	LINCS_L1000_Chem_Pert_up	95	LJP006 MCF10A 3H-JNK-9L-3.33	5.5297955748273015e-06	22.716247139588102	274.98834287894533	POSTN;COL3A1;LUM;COL5A2;COL6A3	0.0009852492205017418
SRRS_d7_wound_alignment	100	LINCS_L1000_Chem_Pert_up	96	LJP008 HT29 24H-mocetinostat-10	5.5808579624975836e-06	15.23993847731351	184.34485669010323	LGALS1;TNC;FN1;THY1;TGFBI;CTSB	0.0009852492205017418
SRRS_d7_wound_alignment	100	LINCS_L1000_Chem_Pert_up	97	LJP006 LNCAP 24H-mitoxantrone-10	5.5808579624975836e-06	15.23993847731351	184.34485669010323	TPM4;GUK1;ARPC1B;GSTP1;COL6A3;THY1	0.0009852492205017418
SRRS_d7_wound_alignment	100	LINCS_L1000_Chem_Pert_up	98	LJP006 SKBR3 3H-AT-7519-10	5.5808579624975836e-06	15.23993847731351	184.34485669010323	EIF5A;COL3A1;TPM2;COL5A2;RABAC1;CKAP4	0.0009852492205017418
SRRS_d7_wound_alignment	100	LINCS_L1000_Chem_Pert_up	99	LJP008 HEPG2 24H-entinostat-10	5.714942831324485e-06	11.446650124069478	138.18883959303975	COL1A1;POSTN;COL3A1;BASP1;TPM2;COL5A2;COTL1	0.000998729554795403
SRRS_d7_wound_alignment	100	LINCS_L1000_Chem_Pert_up	100	LJP007 HA1E 24H-tivozanib-3.33	5.788898332949143e-06	41.416666666666664	499.4671309916732	POSTN;COL5A2;INHBA;CTSB	0.0010015373005835312
SRRS_d7_wound_alignment	100	LINCS_L1000_Chem_Pert_down	1	LJP005 HS578T 24H-LDN-193189-10	1.1384670729255737e-20	35.29506246281975	1620.8205352085722	EIF5A;UQCR10;ENO1;YBX1;ACTB;PSMA7;COL1A1;COL3A1;PRDX4;BASP1;RAB13;COL6A3;KDELR2;TGFBI;P4HB;RAC1;PPIB;AP2M1	1.7148729519477917e-16
SRRS_d7_wound_alignment	100	LINCS_L1000_Chem_Pert_down	2	LJP007 HA1E 24H-NVP-BGT226-1.11	1.4220667258391007e-17	29.892668178382465	1159.591461450934	VKORC1;FKBP11;TPM4;PGAM1;ENO1;THY1;PDIA6;ACTB;CKAP4;COL1A1;COL3A1;PRDX4;BASP1;KDELR2;P4HB;PPIB	1.0710295545657186e-13
SRRS_d7_wound_alignment	100	LINCS_L1000_Chem_Pert_down	3	LJP009 HEPG2 24H-chelerythrine chloride-10	6.806587262869605e-15	26.17489128379656	853.848132499123	SSR4;UQCR11;UQCR10;MIF;ENO1;PSMA7;NME1;LSM7;PRDX4;KDELR2;TGFBI;P4HB;PPIB;PFN1	3.417587464686829e-11
SRRS_d7_wound_alignment	100	LINCS_L1000_Chem_Pert_down	4	LJP006 HA1E 24H-QL-X-138-10	1.470915327999792e-14	18.48182031433263	588.651640262571	EIF5A;FKBP11;PPP1R14B;TPM4;TPM2;TNC;FN1;INHBA;ENO1;COL1A1;BASP1;COTL1;KDELR2;SH3BGRL3;TGFBI;S100A11	5.5390993964152164e-11
SRRS_d7_wound_alignment	100	LINCS_L1000_Chem_Pert_down	5	LJP006 HS578T 24H-QL-X-138-10	3.16960015560106e-14	17.52202937249666	544.629982339577	VKORC1;FKBP11;LUM;TPM2;ARPC1B;GSTP1;ENO1;PDIA6;CKAP4;NME1;COL3A1;RCN1;PRDX4;ADAM12;KDELR2;P4HB	9.548737428763752e-11
SRRS_d7_wound_alignment	100	LINCS_L1000_Chem_Pert_down	6	LJP006 HEPG2 24H-AS-605240-10	7.987686950328605e-14	31.05485893416928	936.561444040872	COL1A1;COL3A1;TNFRSF12A;FAP;LUM;TNC;COL6A3;ENO1;THY1;INHBA;TIMP1;NME1	2.0053088088799963e-10
SRRS_d7_wound_alignment	100	LINCS_L1000_Chem_Pert_down	7	LJP006 HME1 24H-nintedanib-10	1.2145510164078476e-13	37.715643906655146	1121.6342741462915	FKBP11;COL1A1;POSTN;COL3A1;FAP;LUM;SPHK1;COL5A2;TNC;COL6A3;INHBA	2.6135402800216293e-10
SRRS_d7_wound_alignment	100	LINCS_L1000_Chem_Pert_down	8	LJP006 HA1E 24H-nintedanib-10	2.0732365956185453e-13	28.428229665071772	830.2320982192115	COL1A1;EIF5A;FKBP11;TNFRSF12A;SPHK1;PGAM1;ADAM12;TNC;TGFBI;INHBA;ENO1;SRM	3.9036453549752683e-10
SRRS_d7_wound_alignment	100	LINCS_L1000_Chem_Pert_down	9	LJP005 HEPG2 24H-trametinib-0.37	6.8593178932290395e-12	20.578417765440665	528.9767298439135	COL1A1;TAGLN;COL3A1;TNFRSF12A;TPM2;C1QBP;TNC;COL6A3;INHBA;ENO1;NME1;SRM	1.148021171396767e-08
SRRS_d7_wound_alignment	100	LINCS_L1000_Chem_Pert_down	10	LJP005 HEPG2 24H-PHA-665752-0.04	8.696711526798343e-12	24.471910112359552	623.252470207734	COL1A1;POSTN;COL3A1;TNFRSF12A;LUM;C1QBP;TNC;COL6A3;ENO1;TIMP1;NME1	1.3099856572816344e-08
SRRS_d7_wound_alignment	100	LINCS_L1000_Chem_Pert_down	11	LJP005 MDAMB231 3H-torin-2-0.04	1.0058461531171341e-11	59.583208395802096	1508.802163586434	EIF5A;COL1A1;TAGLN;COL3A1;TPM4;TNC;FN1;COL6A3	1.3773691458548536e-08
SRRS_d7_wound_alignment	100	LINCS_L1000_Chem_Pert_down	12	LJP005 HEPG2 24H-PD-184352-3.33	1.708683617276121e-11	22.86285834295915	566.8322798458639	COL1A1;EIF5A;POSTN;COL3A1;FAP;TNFRSF12A;LUM;C1QBP;TNC;COL6A3;TIMP1	2.1448251105858507e-08
SRRS_d7_wound_alignment	100	LINCS_L1000_Chem_Pert_down	13	LJP005 HEPG2 24H-PD-184352-0.37	2.203535097793628e-11	37.03566245075679	908.794902835649	COL1A1;LDHB;COL3A1;TPM4;TNFRSF12A;LUM;C1QBP;COL6A3;TIMP1	2.5532191675434936e-08
SRRS_d7_wound_alignment	100	LINCS_L1000_Chem_Pert_down	14	LJP007 HA1E 24H-dacomitinib-10	4.8716839874604523e-11	25.599483204134366	607.8596354394149	COL1A1;PRDX4;BASP1;LUM;PGAM1;TNC;VDAC1;ENO1;TGFBI;ACTB	5.2415839930797706e-08
SRRS_d7_wound_alignment	100	LINCS_L1000_Chem_Pert_down	15	LJP005 HEPG2 24H-AZD-8330-3.33	5.4094087098121765e-11	25.303959131545337	598.193089707919	COL1A1;EIF5A;COL3A1;TNFRSF12A;FAP;C1QBP;ENO1;TIMP1;NME1;SRM	5.4321282263933876e-08
SRRS_d7_wound_alignment	100	LINCS_L1000_Chem_Pert_down	16	LJP006 HA1E 24H-JNK-9L-0.37	6.488814118317729e-11	16.718520609824957	392.1890121601272	COL1A1;EIF5A;RCN3;TPM4;GSTP1;COL5A2;ADAM12;FN1;KDELR2;TGFBI;INHBA;ENO1	6.108812941513747e-08
SRRS_d7_wound_alignment	100	LINCS_L1000_Chem_Pert_down	17	LJP008 HA1E 24H-GSK-1070916-10	8.076925220997431e-11	19.552808988764045	454.3960334345299	FKBP11;PRDX4;TPI1;TPM4;SPHK1;SEC61G;ADAM12;TNC;VDAC1;TGFBI;NME1	7.091715705434857e-08
SRRS_d7_wound_alignment	100	LINCS_L1000_Chem_Pert_down	18	LJP006 HME1 24H-radicicol-3.33	8.474466088948246e-11	16.3099173553719	378.2494645719681	POSTN;LSM7;LGALS1;LUM;TUBB3;C1QBP;TNC;INHBA;ENO1;TIMP1;NME1;SRM	7.091715705434857e-08
SRRS_d7_wound_alignment	100	LINCS_L1000_Chem_Pert_down	19	LJP007 HA1E 24H-NVP-BGT226-0.37	1.2007653812973386e-10	23.16374269005848	529.1268669958015	COL1A1;FKBP11;PRDX4;BASP1;PGAM1;TNC;KDELR2;ENO1;PPIB;CKAP4	9.519541546569375e-08
SRRS_d7_wound_alignment	100	LINCS_L1000_Chem_Pert_down	20	LJP007 HA1E 24H-INK-128-1.11	1.3204158112358672e-10	22.921296296296298	521.4114530772559	FKBP11;PRDX4;TPM4;PGAM1;KDELR2;VDAC1;ENO1;PPIB;CKAP4;NME1	9.944711682322934e-08
SRRS_d7_wound_alignment	100	LINCS_L1000_Chem_Pert_down	21	LJP006 HA1E 24H-WZ-4-145-10	1.450576561215146e-10	22.68384879725086	513.8774114398492	EIF5A;FKBP11;TUBB3;TNC;FN1;KDELR2;TGFBI;ENO1;NME1;SRM	1.0404778448373212e-07
SRRS_d7_wound_alignment	100	LINCS_L1000_Chem_Pert_down	22	LJP006 HA1E 24H-AT-7519-0.37	2.2889211611090158e-10	21.56644880174292	478.7270773793685	COL1A1;EIF5A;FKBP11;FAP;GSTP1;COL5A2;ADAM12;CALR;RABAC1;CKAP4	1.4683760194129296e-07
SRRS_d7_wound_alignment	100	LINCS_L1000_Chem_Pert_down	23	LJP006 MCF10A 24H-A443654-1.11	2.2889211611090158e-10	21.56644880174292	478.7270773793685	COL1A1;EIF5A;FKBP11;LDHB;ARPC1B;COTL1;PPIB;PSMA7;NME1;SRM	1.4683760194129296e-07
SRRS_d7_wound_alignment	100	LINCS_L1000_Chem_Pert_down	24	LJP007 HA1E 24H-INK-128-0.04	2.339575414320541e-10	27.621266057885776	612.525921982682	RCN1;PRDX4;TPM4;PGAM1;TNC;KDELR2;VDAC1;ENO1;CKAP4	1.4683760194129296e-07
SRRS_d7_wound_alignment	100	LINCS_L1000_Chem_Pert_down	25	LJP006 HS578T 24H-afatinib-10	3.0945617933291045e-10	17.076058772687986	373.9008769759563	EIF5A;TAGLN;COL3A1;BASP1;TPM2;GSTP1;TNC;INHBA;ENO1;CKAP4;SRM	1.8273761474372268e-07
SRRS_d7_wound_alignment	100	LINCS_L1000_Chem_Pert_down	26	LJP006 BT20 24H-GSK-1059615-10	3.245450427822543e-10	20.748427672955973	453.3240301012675	EIF5A;LDHB;C1QBP;PGAM1;COTL1;UQCR10;MIF;ENO1;PPIB;SRM	1.8273761474372268e-07
SRRS_d7_wound_alignment	100	LINCS_L1000_Chem_Pert_down	27	LJP005 HEPG2 24H-WH-4-025-10	3.275519881883099e-10	26.4974754974755	578.6882862130004	FKBP11;COL1A1;TAGLN;COL3A1;TNFRSF12A;LUM;TNC;ENO1;SRM	1.8273761474372268e-07
SRRS_d7_wound_alignment	100	LINCS_L1000_Chem_Pert_down	28	LJP006 HME1 24H-MK-2206-10	3.653557849144377e-10	26.142857142857142	568.0881936510308	COL1A1;POSTN;COL3A1;PRDX4;C1QBP;TNC;COL6A3;NME1;SRM	1.9654836386307764e-07
SRRS_d7_wound_alignment	100	LINCS_L1000_Chem_Pert_down	29	LJP005 BT20 24H-GSK-1059615-3.33	4.069481019411893e-10	25.79757085020243	557.8037307768958	EIF5A;PRDX4;C1QBP;PGAM1;GSTP1;COTL1;ENO1;PSMA7;NME1	2.0458931969655545e-07
SRRS_d7_wound_alignment	100	LINCS_L1000_Chem_Pert_down	30	LJP006 HA1E 24H-radicicol-1.11	4.074672768304231e-10	16.60804096919667	359.08345839428495	COL1A1;POSTN;FAP;ADAM12;TNC;FN1;VDAC1;INHBA;THY1;CKAP4;SRM	2.0458931969655545e-07
SRRS_d7_wound_alignment	100	LINCS_L1000_Chem_Pert_down	31	LJP005 BT20 24H-torin-2-10	4.5265199549584833e-10	25.461253032681604	547.8217106647859	EIF5A;LGALS1;PGAM1;GSTP1;VDAC1;YBX1;ENO1;P4HB;ACTB	2.199450647791601e-07
SRRS_d7_wound_alignment	100	LINCS_L1000_Chem_Pert_down	32	LJP008 HA1E 24H-dasatinib-3.33	5.799599710456549e-10	19.456243854473943	413.79660117181055	COL1A1;PRDX4;TPM4;TNFRSF12A;SPHK1;TGFBI;INHBA;ENO1;CKAP4;NME1	2.729980326206469e-07
SRRS_d7_wound_alignment	100	LINCS_L1000_Chem_Pert_down	33	LJP006 HA1E 24H-NVP-TAE684-10	6.066914342876244e-10	33.19063545150502	704.404882726866	TUBB3;ADAM12;TNC;VDAC1;ENO1;TGFBI;P4HB;NME1	2.769270628689238e-07
SRRS_d7_wound_alignment	100	LINCS_L1000_Chem_Pert_down	34	LJP008 HA1E 24H-EX-527-0.04	8.515918696454475e-10	46.73252688172043	975.9580597877414	TPI1;PGAM1;TNC;ENO1;TGFBI;AP2M1;NME1	3.6975650009624693e-07
SRRS_d7_wound_alignment	100	LINCS_L1000_Chem_Pert_down	35	LJP005 HEPG2 24H-NVP-AUY922-0.12	8.591567087146413e-10	18.627118644067796	388.842401476954	COL1A1;TAGLN;POSTN;COL3A1;PPP1R14B;TNFRSF12A;LUM;TNC;NME1;SRM	3.6975650009624693e-07
SRRS_d7_wound_alignment	100	LINCS_L1000_Chem_Pert_down	36	LJP006 HEPG2 24H-PD-0325901-1.11	1.0131946562006378e-09	23.055591467356173	477.4849298989334	TAGLN;COL3A1;TNFRSF12A;C1QBP;TNC;TIMP1;INHBA;NME1;SRM	4.2393753073195024e-07
SRRS_d7_wound_alignment	100	LINCS_L1000_Chem_Pert_down	37	LJP006 PC3 24H-A443654-1.11	1.2115984766160046e-09	14.873664017539053	305.376034259374	EIF5A;ARPC1B;TNC;COTL1;COL6A3;TGFBI;ENO1;CALR;PDIA6;CKAP4;CTSB	4.932515636018075e-07
SRRS_d7_wound_alignment	100	LINCS_L1000_Chem_Pert_down	38	LJP006 HME1 24H-withaferin-a-0.37	1.6153824370702966e-09	21.76923076923077	440.68964859706927	COL1A1;POSTN;COL3A1;LUM;TPM2;COL5A2;INHBA;CALR;TIMP1	6.403290960418389e-07
SRRS_d7_wound_alignment	100	LINCS_L1000_Chem_Pert_down	39	LJP009 A375 24H-regorafenib-3.33	1.6962820399640973e-09	28.753623188405797	580.6744463804018	EIF5A;TNC;FN1;VDAC1;THY1;INHBA;TGFBI;CTSB	6.551563171276717e-07
SRRS_d7_wound_alignment	100	LINCS_L1000_Chem_Pert_down	40	LJP007 HA1E 24H-INK-128-0.37	1.7678744766196076e-09	21.528921627822726	433.8828609373099	FKBP11;PRDX4;TPI1;PGAM1;KDELR2;VDAC1;ENO1;P4HB;ACTB	6.657373310330287e-07
SRRS_d7_wound_alignment	100	LINCS_L1000_Chem_Pert_down	41	LJP005 HEPG2 24H-NVP-AUY922-0.37	2.068241148595772e-09	16.897435897435898	337.89071374076275	COL1A1;POSTN;COL3A1;TNFRSF12A;LUM;COL5A2;TNC;INHBA;NME1;SRM	7.598516200316612e-07
SRRS_d7_wound_alignment	100	LINCS_L1000_Chem_Pert_down	42	LJP009 HA1E 24H-vorinostat-10	2.3751853192658518e-09	16.63973063973064	330.4349388048589	COL1A1;FKBP11;COL3A1;RCN1;TPM4;PGAM1;COL5A2;ADAM12;THY1;CKAP4	8.255915557666313e-07
SRRS_d7_wound_alignment	100	LINCS_L1000_Chem_Pert_down	43	LJP009 HT29 24H-PF 573228-10	2.4116064830201007e-09	27.380262249827467	543.3057969185713	FKBP11;POSTN;TAGLN;PPP1R14B;TPM4;TNC;COL6A3;SRM	8.255915557666313e-07
SRRS_d7_wound_alignment	100	LINCS_L1000_Chem_Pert_down	44	LJP009 HEPG2 24H-GSK-429286A-0.04	2.4116064830201007e-09	27.380262249827467	543.3057969185713	EIF5A;COL3A1;FAP;TPM2;COL5A2;FN1;THY1;INHBA	8.255915557666313e-07
SRRS_d7_wound_alignment	100	LINCS_L1000_Chem_Pert_down	45	LJP009 HA1E 24H-dasatinib-10	3.022120414076132e-09	26.535117056856187	520.5475409835573	EIF5A;POSTN;TPM4;BASP1;LUM;KDELR2;PLIN2;INHBA	1.0116044399384173e-06
SRRS_d7_wound_alignment	100	LINCS_L1000_Chem_Pert_down	46	LJP007 HA1E 24H-HG-14-8-02-10	3.517701686488563e-09	19.781218781218783	385.0504831879472	COL1A1;FKBP11;PRDX4;ADAM12;TNC;TGFBI;P4HB;NME1;SRM	1.151894358773418e-06
SRRS_d7_wound_alignment	100	LINCS_L1000_Chem_Pert_down	47	LJP005 HEPG2 24H-PD-184352-10	4.141822811537131e-09	19.38755304101839	374.2210663367914	COL1A1;POSTN;COL3A1;TNFRSF12A;C1QBP;TNC;COL6A3;NME1;SRM	1.327410149152847e-06
SRRS_d7_wound_alignment	100	LINCS_L1000_Chem_Pert_down	48	LJP006 HME1 24H-AZD-7762-10	4.488814485075897e-09	19.19650937297996	368.9891066217265	TNFRSF12A;TUBB3;C1QBP;TNC;COTL1;KDELR2;ENO1;NME1;SRM	1.4020398753602088e-06
SRRS_d7_wound_alignment	100	LINCS_L1000_Chem_Pert_down	49	LJP006 A549 24H-nintedanib-10	4.5662525907540154e-09	35.587813620071685	683.4487635254073	FKBP11;COL1A1;POSTN;COL3A1;TNC;KDELR2;TGFBI	1.4020398753602088e-06
SRRS_d7_wound_alignment	100	LINCS_L1000_Chem_Pert_down	50	LJP005 HA1E 24H-PF-477736-10	4.653919788090715e-09	24.991808443604285	479.48174061753224	COL1A1;POSTN;PRDX4;TPM4;ADAM12;TNC;KDELR2;ENO1	1.4020398753602088e-06
SRRS_d7_wound_alignment	100	LINCS_L1000_Chem_Pert_down	51	LJP006 HA1E 24H-GSK-2126458-1.11	5.260078178179816e-09	18.825443786982248	358.87169297682794	PRDX4;TPM4;PGAM1;KDELR2;VDAC1;ENO1;PDIA6;NME1;SRM	1.5535795607435797e-06
SRRS_d7_wound_alignment	100	LINCS_L1000_Chem_Pert_down	52	LJP007 HA1E 24H-NVP-BGT226-0.12	5.6875477630323455e-09	18.645211930926216	353.9790996847162	FKBP11;PRDX4;TPM4;PGAM1;TNC;KDELR2;ENO1;P4HB;CKAP4	1.6265337919918774e-06
SRRS_d7_wound_alignment	100	LINCS_L1000_Chem_Pert_down	53	LJP005 BT20 24H-NVP-BEZ235-0.37	5.7230492581537205e-09	24.285364360073483	460.90620094465936	LSM7;C1QBP;PGAM1;VDAC1;P4HB;CKAP4;NME1;SRM	1.6265337919918774e-06
SRRS_d7_wound_alignment	100	LINCS_L1000_Chem_Pert_down	54	LJP006 HT29 24H-GDC-0941-10	6.145176038186436e-09	18.468380675927847	349.192725785907	TAGLN;POSTN;COL3A1;LUM;C1QBP;COL5A2;TNC;NME1;SRM	1.7141627159852276e-06
SRRS_d7_wound_alignment	100	LINCS_L1000_Chem_Pert_down	55	LJP006 SKBR3 24H-OSI-027-10	8.314756434246682e-09	17.793206793206792	331.0467763016267	POSTN;C1QBP;PGAM1;TNC;COTL1;TGFBI;ENO1;NME1;SRM	2.2771850212555958e-06
SRRS_d7_wound_alignment	100	LINCS_L1000_Chem_Pert_down	56	LJP008 HT29 24H-PD-0325901-10	9.224468280382786e-09	31.79386867993594	588.2312819041273	TPM4;C1QBP;PGAM1;FN1;TGFBI;NME1;SRM	2.481217244775105e-06
SRRS_d7_wound_alignment	100	LINCS_L1000_Chem_Pert_down	57	LJP008 HT29 24H-PD-0325901-0.12	1.0300774886516241e-08	22.386222473178996	411.706063228263	EIF5A;COL1A1;C1QBP;FN1;ENO1;PPIB;NME1;SRM	2.7221153002735812e-06
SRRS_d7_wound_alignment	100	LINCS_L1000_Chem_Pert_down	58	LJP006 HEPG2 24H-selumetinib-10	1.1128221635229806e-08	17.165413533834588	314.363632225756	COL1A1;COL3A1;TNFRSF12A;C1QBP;TNC;COL6A3;TGFBI;TIMP1;NME1	2.8877186205999315e-06
SRRS_d7_wound_alignment	100	LINCS_L1000_Chem_Pert_down	59	LJP007 HA1E 24H-dasatinib-1.11	1.131085431955095e-08	22.098104793756967	404.3401390457477	EIF5A;COL1A1;POSTN;PRDX4;TPM4;PLIN2;VDAC1;INHBA	2.8877186205999315e-06
SRRS_d7_wound_alignment	100	LINCS_L1000_Chem_Pert_down	60	LJP008 HA1E 24H-belinostat-10	1.2071512852550203e-08	13.883263009845288	253.12544703846066	COL1A1;FKBP11;RCN1;PRDX4;BASP1;COL5A2;ADAM12;PPIB;S100A11;CKAP4	2.980872099966618e-06
SRRS_d7_wound_alignment	100	LINCS_L1000_Chem_Pert_down	61	LJP005 HEPG2 24H-radicicol-1.11	1.2071512852550203e-08	13.883263009845288	253.12544703846066	EIF5A;TAGLN;POSTN;COL3A1;LUM;PGAM1;COL5A2;TNC;INHBA;SRM	2.980872099966618e-06
SRRS_d7_wound_alignment	100	LINCS_L1000_Chem_Pert_down	62	LJP005 HA1E 24H-TWS-119-10	1.4742695338845673e-08	16.580182529335072	298.98244169571836	COL1A1;EIF5A;TNFRSF12A;ADAM12;TNC;FN1;TGFBI;INHBA;CKAP4	3.5817616111134253e-06
SRRS_d7_wound_alignment	100	LINCS_L1000_Chem_Pert_down	63	LJP005 HEPG2 24H-NVP-AEW541-10	1.5407909150819383e-08	29.294328484081806	526.9576555183959	COL1A1;POSTN;COL3A1;PRDX4;LUM;TNC;COL6A3	3.6839577069649585e-06
SRRS_d7_wound_alignment	100	LINCS_L1000_Chem_Pert_down	64	LJP005 HEPG2 24H-geldanamycin-1.11	1.9345794368025715e-08	16.033327328409296	284.76457228999095	TAGLN;POSTN;PPP1R14B;TNFRSF12A;LUM;INHBA;ENO1;NME1;SRM	4.418586730478726e-06
SRRS_d7_wound_alignment	100	LINCS_L1000_Chem_Pert_down	65	LJP006 HEPG2 24H-BI-2536-10	1.9345794368025715e-08	16.033327328409296	284.76457228999095	COL1A1;FKBP11;POSTN;COL3A1;GSTO1;COL6A3;ENO1;PDIA6;NME1	4.418586730478726e-06
SRRS_d7_wound_alignment	100	LINCS_L1000_Chem_Pert_down	66	LJP005 HEPG2 24H-AZD-8330-10	1.9360467649976495e-08	20.51345755693582	364.31967494816774	COL1A1;TNFRSF12A;BASP1;TNC;COL6A3;ENO1;TIMP1;INHBA	4.418586730478726e-06
SRRS_d7_wound_alignment	100	LINCS_L1000_Chem_Pert_down	67	LJP006 HA1E 24H-QL-XII-47-1.11	2.098062451299839e-08	13.05026455026455	230.72432455945642	COL1A1;COL5A2;ADAM12;TNC;FN1;INHBA;CALR;PDIA6;CKAP4;CTSB	4.605363965871715e-06
SRRS_d7_wound_alignment	100	LINCS_L1000_Chem_Pert_down	68	LJP009 HEPG2 24H-KIN001-265-3.33	2.1096070745877204e-08	20.271099744245525	358.2750461035728	FKBP11;COL1A1;TNFRSF12A;LUM;TPM2;TNC;COL6A3;TGFBI	4.605363965871715e-06
SRRS_d7_wound_alignment	100	LINCS_L1000_Chem_Pert_down	69	LJP008 HEPG2 24H-UNC0638-10	2.1096070745877204e-08	20.271099744245525	358.2750461035728	FKBP11;TAGLN;PPP1R14B;COL3A1;COL5A2;AP2S1;P4HB;PPIB	4.605363965871715e-06
SRRS_d7_wound_alignment	100	LINCS_L1000_Chem_Pert_down	70	LJP006 HA1E 24H-AZD-7762-10	2.2085068067575363e-08	27.66268418956591	487.64786914890493	FKBP11;EIF5A;PRDX4;KDELR2;VDAC1;ENO1;TGFBI	4.6856820303906754e-06
SRRS_d7_wound_alignment	100	LINCS_L1000_Chem_Pert_down	71	LJP006 MCF10A 24H-QL-X-138-10	2.2086133184474402e-08	15.77313009571074	278.0537197919908	FKBP11;LDHB;POSTN;COL3A1;TPM4;C1QBP;CKAP4;NME1;SRM	4.6856820303906754e-06
SRRS_d7_wound_alignment	100	LINCS_L1000_Chem_Pert_down	72	LJP006 HEPG2 24H-selumetinib-0.37	2.497346279595495e-08	19.803098450774613	346.66219064905556	EIF5A;POSTN;COL3A1;LUM;COL6A3;THY1;PSMA7;NME1	5.224656529103742e-06
SRRS_d7_wound_alignment	100	LINCS_L1000_Chem_Pert_down	73	LJP008 HA1E 24H-dasatinib-1.11	2.7132452858725002e-08	19.57707509881423	341.0822820396827	EIF5A;PRDX4;TPM4;ADAM12;TNC;ENO1;INHBA;TGFBI	5.5985772248078725e-06
SRRS_d7_wound_alignment	100	LINCS_L1000_Chem_Pert_down	74	LJP005 HA1E 24H-geldanamycin-10	2.8601717061453064e-08	15.27712912087912	265.3606634070782	COL1A1;EIF5A;TNFRSF12A;SPHK1;ADAM12;TNC;TGFBI;INHBA;SRM	5.8219954607657775e-06
SRRS_d7_wound_alignment	100	LINCS_L1000_Chem_Pert_down	75	LJP005 HEPG2 24H-SB590885-10	3.1937273614823346e-08	19.14009661835749	330.34834556219676	COL1A1;COL3A1;TNFRSF12A;LUM;TNC;COL6A3;TIMP1;SRM	6.414282032801121e-06
SRRS_d7_wound_alignment	100	LINCS_L1000_Chem_Pert_down	76	LJP006 HA1E 24H-BMS-387032-0.37	3.460297182195935e-08	18.928810320114668	325.18420834985045	COL1A1;FKBP11;TPM2;GSTP1;COL5A2;INHBA;ACTB;CKAP4	6.85821795466018e-06
SRRS_d7_wound_alignment	100	LINCS_L1000_Chem_Pert_down	77	LJP006 HME1 24H-saracatinib-10	3.745823751155715e-08	18.722117202268432	320.1489378957071	COL1A1;FKBP11;TNFRSF12A;SPHK1;TNC;FN1;INHBA;CKAP4	7.327706904371238e-06
SRRS_d7_wound_alignment	100	LINCS_L1000_Chem_Pert_down	78	LJP005 HEPG2 24H-BYL719-3.33	3.8321924864731144e-08	38.42746615087041	656.2352024554509	COL1A1;POSTN;COL3A1;TNC;COL6A3;ENO1	7.400553259454426e-06
SRRS_d7_wound_alignment	100	LINCS_L1000_Chem_Pert_down	79	LJP005 HCC515 24H-torin-2-0.12	4.296122248565818e-08	24.88888888888889	422.189424054984	EIF5A;LUM;C1QBP;TNC;COTL1;NME1;SRM	8.191454358246446e-06
SRRS_d7_wound_alignment	100	LINCS_L1000_Chem_Pert_down	80	LJP007 HA1E 24H-INK-128-3.33	4.410333592416087e-08	14.47985347985348	245.24137480534998	PGAM1;COL5A2;TNC;KDELR2;VDAC1;ENO1;P4HB;PDIA6;NME1	8.304106862820439e-06
SRRS_d7_wound_alignment	100	LINCS_L1000_Chem_Pert_down	81	LJP009 HEPG2 24H-PD-0325901-1.11	5.100596622054119e-08	17.93840579710145	301.20956990452106	EIF5A;COL3A1;COL5A2;TNC;COL6A3;INHBA;ENO1;THY1	9.485220607160642e-06
SRRS_d7_wound_alignment	100	LINCS_L1000_Chem_Pert_down	82	LJP006 BT20 3H-radicicol-10	5.393912839422759e-08	65.40789473684211	1094.6279146074917	COL1A1;POSTN;COL3A1;FN1;TIMP1	9.908354768320124e-06
SRRS_d7_wound_alignment	100	LINCS_L1000_Chem_Pert_down	83	LJP005 MCF10A 24H-GSK-1059615-10	5.4987042710195405e-08	17.75257731958763	296.75506963927774	C1QBP;TNC;TGFBI;ENO1;ACTB;PSMA7;NME1;SRM	9.979154510164739e-06
SRRS_d7_wound_alignment	100	LINCS_L1000_Chem_Pert_down	84	LJP005 HA1E 24H-geldanamycin-3.33	5.5909605958164556e-08	14.060320973990038	234.80074670853205	COL1A1;TNFRSF12A;SPHK1;ARPC1B;ADAM12;TNC;TGFBI;INHBA;ENO1	1.0025790411283723e-05
SRRS_d7_wound_alignment	100	LINCS_L1000_Chem_Pert_down	85	LJP006 HA1E 24H-QL-XII-47-0.37	5.9232761931355486e-08	17.570541259982253	292.4052760578818	COL1A1;GSTP1;COL5A2;INHBA;ENO1;CALR;P4HB;PDIA6	1.0379460784412374e-05
SRRS_d7_wound_alignment	100	LINCS_L1000_Chem_Pert_down	86	LJP006 HME1 24H-QL-X-138-10	5.926001642829876e-08	13.959183673469388	232.2993962453599	LDHB;TPM4;TPM2;ARPC1B;TNC;FN1;ENO1;CKAP4;NME1	1.0379460784412374e-05
SRRS_d7_wound_alignment	100	LINCS_L1000_Chem_Pert_down	87	LJP006 HS578T 24H-PI-103-10	6.375766578633071e-08	17.392182696530522	288.15675111469244	EIF5A;FKBP11;TAGLN;BASP1;PDIA6;CKAP4;NME1;SRM	1.1038870341833327e-05
SRRS_d7_wound_alignment	100	LINCS_L1000_Chem_Pert_down	88	LJP006 BT20 24H-QL-X-138-3.33	6.463629010997126e-08	23.328629032258064	386.193551770315	EIF5A;PPP1R14B;PGAM1;COTL1;ENO1;NME1;SRM	1.1063823158255647e-05
SRRS_d7_wound_alignment	100	LINCS_L1000_Chem_Pert_down	89	LJP006 HA1E 24H-PI-103-10	6.649005852925815e-08	13.761182479492339	227.4202382409763	EIF5A;FKBP11;TNC;KDELR2;ENO1;PDIA6;CKAP4;NME1;SRM	1.1128219462513506e-05
SRRS_d7_wound_alignment	100	LINCS_L1000_Chem_Pert_down	90	LJP006 HME1 24H-XMD-1150-10	6.649005852925815e-08	13.761182479492339	227.4202382409763	COL1A1;POSTN;COL3A1;LGALS1;COL5A2;TNC;FN1;COL6A3;TIMP1	1.1128219462513506e-05
SRRS_d7_wound_alignment	100	LINCS_L1000_Chem_Pert_down	91	LJP006 HME1 24H-BMS-387032-0.12	7.37063675498008e-08	17.046061127851914	279.9504729743466	COL1A1;POSTN;COL3A1;FAP;LUM;COL5A2;COL6A3;PPIB	1.2200428729699444e-05
SRRS_d7_wound_alignment	100	LINCS_L1000_Chem_Pert_down	92	LJP005 HEPG2 24H-NU-7441-10	7.854858711367004e-08	22.61942000651678	370.0434977224353	COL1A1;POSTN;TAGLN;COL3A1;PRDX4;LUM;COTL1	1.2551836425122173e-05
SRRS_d7_wound_alignment	100	LINCS_L1000_Chem_Pert_down	93	LJP008 HA1E 24H-(+)-JQ1-1.11	7.916248160304098e-08	16.878090366581414	275.98653976959974	EIF5A;FKBP11;TPM4;BASP1;TNC;VDAC1;ENO1;S100A11	1.2551836425122173e-05
SRRS_d7_wound_alignment	100	LINCS_L1000_Chem_Pert_down	94	LJP005 SKBR3 24H-GSK-1059615-10	7.916248160304098e-08	16.878090366581414	275.98653976959974	LUM;ARPC1B;C1QBP;UQCR10;ENO1;PFN1;NME1;SRM	1.2551836425122173e-05
SRRS_d7_wound_alignment	100	LINCS_L1000_Chem_Pert_down	95	LJP007 HA1E 24H-INK-128-10	7.916248160304098e-08	16.878090366581414	275.98653976959974	FKBP11;TPM4;PGAM1;TNC;KDELR2;ENO1;P4HB;CKAP4	1.2551836425122173e-05
SRRS_d7_wound_alignment	100	LINCS_L1000_Chem_Pert_down	96	LJP005 SKBR3 24H-dasatinib-1.11	8.125995834190388e-08	33.36282194848824	544.6685016709359	EIF5A;TAGLN;TNFRSF12A;TPM2;FN1;TGFBI	1.2750195338584355e-05
SRRS_d7_wound_alignment	100	LINCS_L1000_Chem_Pert_down	97	LJP009 HA1E 24H-CH5424802-10	8.329005174149584e-08	13.38145416227608	218.13023754464018	COL1A1;FKBP11;LUM;TPM2;SH3BGRL3;INHBA;ENO1;CALR;RABAC1	1.293400050909435e-05
SRRS_d7_wound_alignment	100	LINCS_L1000_Chem_Pert_down	98	LJP006 HEPG2 24H-GDC-0941-3.33	8.640269416159921e-08	22.280693307655273	362.3786988234392	EIF5A;COL1A1;POSTN;COL3A1;TPM4;LUM;COL6A3	1.3280446756695601e-05
SRRS_d7_wound_alignment	100	LINCS_L1000_Chem_Pert_down	99	LJP008 HA1E 24H-pracinostat-1.11	9.112417966875386e-08	16.551839464882942	268.3225754833184	COL1A1;FKBP11;RCN1;PRDX4;COL5A2;ADAM12;COL6A3;PPIB	1.3864682003539793e-05
SRRS_d7_wound_alignment	100	LINCS_L1000_Chem_Pert_down	100	LJP006 HA1E 24H-geldanamycin-1.11	9.299776315614517e-08	13.1992871992872	213.7055724937476	COL1A1;EIF5A;TNFRSF12A;TUBB3;SPHK1;ARPC1B;TNC;TGFBI;INHBA	1.4008253064210147e-05
SRRS_d7_wound_alignment	100	Diabetes_Perturbations_GEO_2022	1	GSE141891 2D-vs-3D-Growth Hs iPSCs Up	1.0072717273825127e-13	21.149938800489597	632.9406992948676	COX8A;OST4;PPP1R14B;PSMA7;ACTG1;EEF1B2;PRDX4;GNG5;TMSB4X;AP2S1;SH3BGRL3;PFN1;TMSB10;SERF2	2.7599245330280847e-11
SRRS_d7_wound_alignment	100	Diabetes_Perturbations_GEO_2022	2	GSE138252 NoFib-vs-AtrialFib Hs RAtrium Up	2.8771326319669025e-11	15.4189685262081	374.24368158938216	POSTN;TPI1;LUM;UQCR11;UQCR10;MIF;LDHB;PRDX4;LGALS1;TMSB4X;TIMP1;TMSB10;GAPDH	3.941671705794656e-09
SRRS_d7_wound_alignment	100	Diabetes_Perturbations_GEO_2022	3	GSE94846 PAX8-Overexpression Mm Chip Islet Up	1.287084739983365e-09	14.782771535580524	302.616431866264	COL1A1;POSTN;COL3A1;LUM;TNC;FN1;COL6A3;TGFBI;INHBA;TIMP1;TMSB10	1.1755373958514734e-07
SRRS_d7_wound_alignment	100	Diabetes_Perturbations_GEO_2022	4	GSE37248 hFXRBat-AdiposehsFXR Mm Chip BAT Dn	1.610293387598706e-07	10.368088467614534	162.1743143522336	COL1A1;RCN3;COL3A1;LUM;TPM2;COL5A2;FN1;COL6A3;TGFBI;INHBA	1.1030509705051137e-05
SRRS_d7_wound_alignment	100	Diabetes_Perturbations_GEO_2022	5	GSE41203 NonObeseDiab 2Wks Mm Chip Islets Dn	4.924800948097094e-07	10.715010264460814	155.62279244946123	RCN3;POSTN;COL3A1;FAP;TNFRSF12A;LUM;TUBB3;FN1;ACTG1	2.6987909195572075e-05
SRRS_d7_wound_alignment	100	Diabetes_Perturbations_GEO_2022	6	GSE37248 FXR-Overexpression Mm Chip WAT Dn	1.0884534966717879e-06	9.692799737575857	133.08943596935774	COL1A1;RCN3;TUBA1C;COL3A1;TPI1;LUM;COL6A3;INHBA;ENO1	4.970604301467831e-05
SRRS_d7_wound_alignment	100	Diabetes_Perturbations_GEO_2022	7	GSE48009 IRKO Mm Chip MammaryAlveolars Dn	2.2123513944753857e-06	10.594739667203436	137.95892187894216	COL1A1;TUBA1C;TAGLN;POSTN;COL3A1;TPM2;FN1;SRM	8.659775458375081e-05
SRRS_d7_wound_alignment	100	Diabetes_Perturbations_GEO_2022	8	GSE137187 OE-Klf6KO S961-Treated Mm Islet Dn	2.9889818224573427e-06	10.152302546951377	129.1431539525624	COL1A1;POSTN;COL3A1;LGALS1;TNC;FN1;INHBA;TIMP1	0.00010237262741916399
SRRS_d7_wound_alignment	100	Diabetes_Perturbations_GEO_2022	9	GSE59143 PregnantFIslet Mm Chip Islets Dn	9.082576516416438e-06	10.623655913978494	123.3316431882637	FKBP11;MYDGF;PPP1R14B;GSTP1;AP2S1;SEC61B;SRM	0.000276513996166456
SRRS_d7_wound_alignment	100	Diabetes_Perturbations_GEO_2022	10	GSE157585 ResistTrain Metformin Hs Muscle Dn	1.6789009912749784e-05	7.9243156199677935	87.12615489348468	COL1A1;POSTN;COL3A1;LUM;TUBB3;COL5A2;THY1;CTHRC1	0.0004600188716093441
SRRS_d7_wound_alignment	100	Diabetes_Perturbations_GEO_2022	11	GSE153222 FatDiet 16Wks Mm Liver Dn	4.9123432322749706e-05	8.065217391304348	80.01642831537548	COL1A1;POSTN;COL3A1;LGALS1;TNC;TIMP1;S100A11	0.0012236200414939473
SRRS_d7_wound_alignment	100	Diabetes_Perturbations_GEO_2022	12	GSE157585 ResistTrain Placebo Hs Muscle Dn	0.00013330301865289342	6.82726326742976	60.918889679938275	COL1A1;COL3A1;LUM;COL5A2;ADAM12;THY1;CTHRC1	0.0030437522592410664
SRRS_d7_wound_alignment	100	Diabetes_Perturbations_GEO_2022	13	GSE108654 Islets-vs-hESC-OE Hs Islets Up	0.0001936148195544712	6.408927989573151	54.794026063436455	POSTN;LGALS1;CXCL8;FAP;TNFRSF12A;LUM;SPHK1	0.004080804658301932
SRRS_d7_wound_alignment	100	Diabetes_Perturbations_GEO_2022	14	GSE142209 Microves-vs-WholeBr Mm 2Tissues Up	0.0005343384137035765	6.41684759009987	48.34761744232718	COL1A1;RCN3;TAGLN;COL3A1;LUM;COL5A2	0.010457766096769997
SRRS_d7_wound_alignment	100	Diabetes_Perturbations_GEO_2022	15	GSE101722 ML351+ProinflamCytokine Mm Islet Up	0.000834993736088895	5.871743885464307	41.619427596189986	COL1A1;RCN3;COL3A1;FAP;COL6A3;CTHRC1	0.015252552245890482
SRRS_d7_wound_alignment	100	Diabetes_Perturbations_GEO_2022	16	GSE70681 PtenDeletion 15Mnts Mm Chip Liver Dn	0.0009167137688584089	5.762834276790943	40.3093849321142	COL1A1;LGALS1;TNFRSF12A;COL5A2;TIMP1;S100A11	0.015698723291700252
SRRS_d7_wound_alignment	100	Diabetes_Perturbations_GEO_2022	17	GSE136134 Ctrl-vs-Insulin 72Hrs Hs hiPSCs Dn	0.0010744192101797838	5.581560283687943	38.15540674448032	TAGLN;COL3A1;CXCL8;ADAM12;TNC;INHBA	0.017317109622897692
SRRS_d7_wound_alignment	100	Diabetes_Perturbations_GEO_2022	18	GSE59143 PregnantIsletGraft Mm Chip Islets Dn	0.0011891665917527655	6.792913656690747	45.746894412733724	FKBP11;GSTP1;TNC;FN1;SRM	0.017636575111108374
SRRS_d7_wound_alignment	100	Diabetes_Perturbations_GEO_2022	19	GSE70681 PtenDeletion 3Mths Mm Chip Liver Dn	0.001222974186536712	6.748462064251538	45.25835520269405	COL1A1;COL3A1;LGALS1;TMSB10;S100A11	0.017636575111108374
SRRS_d7_wound_alignment	100	Diabetes_Perturbations_GEO_2022	20	GSE153222 FatDiet 12Wks Mm Liver Dn	0.002853285995704656	5.518477043673013	32.33432406935345	COL1A1;COL3A1;LGALS1;TNC;TIMP1	0.03909001814115379
SRRS_d7_wound_alignment	100	Diabetes_Perturbations_GEO_2022	21	GSE120429 D316A Mm HFDiet SubcutWAT Up	0.003395333837381075	5.291084854994629	30.08168616279203	POSTN;TNFRSF12A;LUM;TIMP1;CTHRC1	0.04131381723625399
SRRS_d7_wound_alignment	100	Diabetes_Perturbations_GEO_2022	22	GSE108971 Diabetic Hs EpicardialAdipose Dn	0.003395333837381075	5.291084854994629	30.08168616279203	CXCL8;TNFRSF12A;SPHK1;TNC;INHBA	0.04131381723625399
SRRS_d7_wound_alignment	100	Diabetes_Perturbations_GEO_2022	23	GSE127251 Ucp1-KO 30DegC Mm InguinalWAT Dn	0.003467948162167306	5.2639593908629445	29.81607755254039	LDHB;ADAM12;PLIN2;UQCR10;ENO1	0.04131381723625399
SRRS_d7_wound_alignment	100	Diabetes_Perturbations_GEO_2022	24	GSE109285 Mature Cells Mm 2CellTypes Up	0.004428741559207937	4.958700579199194	26.87437105346752	RCN3;COL3A1;LUM;BASP1;TPM2	0.0475974653276255
SRRS_d7_wound_alignment	100	Diabetes_Perturbations_GEO_2022	25	GSE67543 Fetal-Adult AlphaCells Hs Islet Up	0.004428741559207937	4.958700579199194	26.87437105346752	COL1A1;POSTN;COL3A1;LUM;BASP1	0.0475974653276255
SRRS_d7_wound_alignment	100	Diabetes_Perturbations_GEO_2022	26	GSE101722 ProinflamCytokines Mm Islet Up	0.004516547804811179	4.934837092731829	26.648156507398884	COL1A1;RCN3;COL3A1;COL6A3;CTHRC1	0.0475974653276255
SRRS_d7_wound_alignment	100	Diabetes_Perturbations_GEO_2022	27	GSE44035 Male-vs-Female NoDiabet Hs Islets Up	0.00488021671110292	4.8416133792424985	25.769805073056457	TAGLN;CXCL8;LUM;S100A16;INHBA	0.04952516217934075
SRRS_d7_wound_alignment	100	Diabetes_Perturbations_GEO_2022	28	GSE144441 T2Diabetes Hs RNAseq Skin Dn	0.005669235117624142	4.665244191559981	24.1319136225769	LUM;INHBA;PPIB;PDIA6;AP2M1	0.05547751507960768
SRRS_d7_wound_alignment	100	Diabetes_Perturbations_GEO_2022	29	GSE122348 Ctrl- REGN1193 ChowDiet Mm Liver Dn	0.010502747335962792	4.953313253012048	22.567881677774896	LSM7;TPM2;SPHK1;INHBA	0.09785378777087639
SRRS_d7_wound_alignment	100	Diabetes_Perturbations_GEO_2022	30	GSE40439 Wt-Vs-Ctrl Mm Chip Muscle Up	0.010713918369074057	4.923403193612774	22.333598681504093	LDHB;GNG5;TMSB4X;NME1	0.09785378777087639
SRRS_d7_wound_alignment	100	Diabetes_Perturbations_GEO_2022	31	GSE43106 FatDiet C57BL 6J Mm Chip Liver Up	0.011363864183463674	4.83578431372549	21.65133818718701	GSTO1;GSTP1;MIF;NME1	0.10044189633125956
SRRS_d7_wound_alignment	100	Diabetes_Perturbations_GEO_2022	32	GSE140953 AhsgKnockout Mm Chip BAT Dn	0.011810981064301502	4.77906976744186	21.212979232896856	TAGLN;TPM2;TNC;TIMP1	0.1011315253630816
SRRS_d7_wound_alignment	100	Diabetes_Perturbations_GEO_2022	33	GSE153222 FatDiet 8Wks Mm Liver Dn	0.01250263079178256	4.696428571428571	20.578886765787093	COL1A1;LGALS1;TPM2;TIMP1	0.10380972233177034
SRRS_d7_wound_alignment	100	Diabetes_Perturbations_GEO_2022	34	GSE157585 Metformin NoResisTrain Hs Muscle Up	0.012977852124604112	4.642890772128061	20.17109029670212	POSTN;TNFRSF12A;TUBB3;TNC	0.10458622006298607
SRRS_d7_wound_alignment	100	Diabetes_Perturbations_GEO_2022	35	GSE80780 Beta2-vs-Beta4 Hs Islet Up	0.014731523776918942	4.4646739130434785	18.830948075479636	LGALS1;CXCL8;BASP1;TGFBI	0.11411850599608127
SRRS_d7_wound_alignment	100	Diabetes_Perturbations_GEO_2022	36	GSE153222 FatDiet 20Wks Mm Liver Dn	0.014993672320653014	4.440315315315315	18.64988829841458	LGALS1;TNC;TIMP1;S100A11	0.11411850599608127
SRRS_d7_wound_alignment	100	Diabetes_Perturbations_GEO_2022	37	GSE41203 2Vs4Wk NonObeseDiab Mm Chip Islets Up	0.016628597276537788	4.299520069808028	17.61354865766989	PPP1R14B;LGALS1;GSTO1;C1QBP	0.12082301569807635
SRRS_d7_wound_alignment	100	Diabetes_Perturbations_GEO_2022	38	GSE101537 p300-KO Mm Islet Dn	0.017197436540967073	4.254533678756476	17.28614882835806	COL1A1;COL3A1;LUM;FN1	0.12082301569807635
SRRS_d7_wound_alignment	100	Diabetes_Perturbations_GEO_2022	39	GSE109285 Mature-OE-vs-OE 30C Post DT Mm Dn	0.017197436540967073	4.254533678756476	17.28614882835806	LGALS1;TUBB3;S100A16;THY1	0.12082301569807635
SRRS_d7_wound_alignment	100	Diabetes_Perturbations_GEO_2022	40	GSE100067 Islet-Lung Mm MacrophNODShiLtJ Dn	0.017778331562796207	4.210470085470085	16.967246630417783	SPHK1;FN1;INHBA;TIMP1	0.12178157120515401
SRRS_d7_wound_alignment	100	Diabetes_Perturbations_GEO_2022	41	GSE80780 Beta2-vs-Beta3 Hs Islet Up	0.02054338534245733	4.022875816993464	15.629742580396941	LGALS1;CXCL8;TGFBI;S100A11	0.13728994106910508
SRRS_d7_wound_alignment	100	Diabetes_Perturbations_GEO_2022	42	GSE134431 SkinvsUlcerHealer Hs DiabetFoot Dn	0.021520657417198743	3.9639694041867957	15.216655818861273	CXCL8;TNFRSF12A;TUBB3;ADAM12	0.13908672678796752
SRRS_d7_wound_alignment	100	Diabetes_Perturbations_GEO_2022	43	GSE127251 Ucp1-KO 20DegC Mm InguinalWAT Dn	0.022187784997579976	3.9256379585326955	14.949666947167234	LDHB;TNFRSF12A;ADAM12;PLIN2	0.13908672678796752
SRRS_d7_wound_alignment	100	Diabetes_Perturbations_GEO_2022	44	GSE84759 Ldb1-KO Mm BetaCells Up	0.02252605307882407	3.9067460317460316	14.818610884069741	TUBB3;COL5A2;COL6A3;TGFBI	0.13908672678796752
SRRS_d7_wound_alignment	100	Diabetes_Perturbations_GEO_2022	45	GSE46515 RictorFloxed Mm Chip Liver Dn	0.02284271060386328	5.18486807618382	19.594255356497303	AP2S1;ATOX1;PSMA7	0.13908672678796752
SRRS_d7_wound_alignment	100	Diabetes_Perturbations_GEO_2022	46	GSE110569 C57Bl6-alb-SREBP-1 Mm Chip Liver Dn	0.02588638538472706	4.932490854672431	18.023509556776776	SH3BGRL3;PFN1;S100A11	0.1541928172916351
SRRS_d7_wound_alignment	100	Diabetes_Perturbations_GEO_2022	47	GSE143482 TGF-B1 Hs EsophagusFibroblasts Dn	0.0316007668326221	3.5017806267806266	12.09715992818746	TAGLN;TNFRSF12A;TNC;INHBA	0.18422574706677564
SRRS_d7_wound_alignment	100	Diabetes_Perturbations_GEO_2022	48	GSE150679 CdCl2 F 42D Mm BulkRNAseq Liver Up	0.04281109238449092	4.018176885512751	12.661106772029475	LUM;OSTC;PDIA6	0.24437998569480232
SRRS_d7_wound_alignment	100	Diabetes_Perturbations_GEO_2022	49	GSE149468 Fasting-2Hrs Mm PerigonadalWAT Dn	0.04418858857519868	3.965591109921007	12.369823539042448	TAGLN;LSM7;TPM2	0.24709537284907018
SRRS_d7_wound_alignment	100	Diabetes_Perturbations_GEO_2022	50	GSE109285 30DaysAfterDT Mm 2CellTypes Up	0.05677336978173609	3.5682763610056067	10.236271238751806	COL3A1;LUM;TPM2	0.3111180664039138
SRRS_d7_wound_alignment	100	Diabetes_Perturbations_GEO_2022	51	GSE41203 NOD 2Wk NonObeseDiab Mm Chip Islets Up	0.0583548847938619	3.526667063941362	10.020009516851996	FKBP11;LGALS1;UQCR11	0.31351447908859137
SRRS_d7_wound_alignment	100	Diabetes_Perturbations_GEO_2022	52	GSE40439 NCoR1-MKO Mm Chip Muscle Up	0.06076605484778659	3.4660262417994376	9.707382721802164	GNG5;TMSB4X;NME1	0.31414903826968915
SRRS_d7_wound_alignment	100	Diabetes_Perturbations_GEO_2022	53	GSE150679 CdCl2 F Postnatal 21D Mm Liver Dn	0.06076605484778659	3.4660262417994376	9.707382721802164	COL1A1;TAGLN;TPM2	0.31414903826968915
SRRS_d7_wound_alignment	100	Diabetes_Perturbations_GEO_2022	54	GSE155973 Wt-MacrophTSP1KO LFDiet Mm Liver Dn	0.06322345414735783	3.407418072913667	9.40815367723117	LGALS1;TPM2;TIMP1	0.3208004895625194
SRRS_d7_wound_alignment	100	Diabetes_Perturbations_GEO_2022	55	GSE142025 AdvancedDiabetNephrop Hs Kidney Dn	0.06487838023453162	4.99344923154447	13.658286245847663	COL1A1;FAP	0.32270101982092614
SRRS_d7_wound_alignment	100	Diabetes_Perturbations_GEO_2022	56	GSE84759 Isl1-KO Mm BetaCells Up	0.0682748527071473	3.2959041515742546	8.846911304865927	COL3A1;COL6A3;TGFBI	0.32270101982092614
SRRS_d7_wound_alignment	100	Diabetes_Perturbations_GEO_2022	57	GSE74113 Cre-T-vs-Cre+T Mm Islet Up	0.0682748527071473	3.2959041515742546	8.846911304865927	GSTP1;COL5A2;ADAM12	0.32270101982092614
SRRS_d7_wound_alignment	100	Diabetes_Perturbations_GEO_2022	58	GSE153222 FatDiet 24Wks Mm Liver Dn	0.06913422744171982	3.278017958097772	8.757898079454668	COL1A1;TNC;TIMP1	0.32270101982092614
SRRS_d7_wound_alignment	100	Diabetes_Perturbations_GEO_2022	59	GSE124774 LPS+IFNy Diabet Mm BMDMs-Macroph Dn	0.07262090250728756	3.2083559413998914	8.413921429942212	TNC;INHBA;TIMP1	0.32270101982092614
SRRS_d7_wound_alignment	100	Diabetes_Perturbations_GEO_2022	60	GSE101537 CBP-KO Mm Islet Up	0.07350476030458036	3.191396340476062	8.330837311422199	COL1A1;COL3A1;LUM	0.32270101982092614
SRRS_d7_wound_alignment	100	Diabetes_Perturbations_GEO_2022	61	GSE80780 Beta3-vs-Beta4 Hs Islet Dn	0.07528695361838189	3.1580043801079003	8.168015432674538	SPHK1;THY1;S100A11	0.32270101982092614
SRRS_d7_wound_alignment	100	Diabetes_Perturbations_GEO_2022	62	GSE80780 Beta1-vs-Beta4 Hs Islet Dn	0.07618524594444599	3.141566585184398	8.088237928100623	TGFBI;THY1;CTHRC1	0.32270101982092614
SRRS_d7_wound_alignment	100	Diabetes_Perturbations_GEO_2022	63	GSE134431 SkinvsUlcer-NoHeal Hs DiabetFoot Dn	0.07708830635407195	3.125297383029342	8.009523629556108	CXCL8;TNFRSF12A;TUBB3	0.32270101982092614
SRRS_d7_wound_alignment	100	Diabetes_Perturbations_GEO_2022	64	GSE125856 Epicardial-vs-Subcut Hs Adipose Dn	0.07708830635407195	3.125297383029342	8.009523629556108	POSTN;FAP;CTHRC1	0.32270101982092614
SRRS_d7_wound_alignment	100	Diabetes_Perturbations_GEO_2022	65	GSE41203 2Vs18Wk ObeseDiabetic Mm Chip Islets Up	0.07799611290963554	3.109194193141174	7.931853764874994	EIF5A;PPP1R14B;GSTO1	0.32270101982092614
SRRS_d7_wound_alignment	100	Diabetes_Perturbations_GEO_2022	66	GSE124774 LPS+IFNy Mm BMDMs-Macrophages Dn	0.07799611290963554	3.109194193141174	7.931853764874994	TNC;INHBA;TIMP1	0.32270101982092614
SRRS_d7_wound_alignment	100	Diabetes_Perturbations_GEO_2022	67	GSE80780 Beta1-vs-Beta2 Hs Islet Dn	0.0789086435328542	3.0932544874143075	7.855209980826792	LGALS1;CXCL8;TGFBI	0.32270101982092614
SRRS_d7_wound_alignment	100	Diabetes_Perturbations_GEO_2022	68	GSE43106 FatDiet C57BL 6NTac Mm Chip Liver Dn	0.08260556070072551	3.0310817048776735	7.558542612022745	LGALS1;FN1;PLIN2	0.32802787872462014
SRRS_d7_wound_alignment	100	Diabetes_Perturbations_GEO_2022	69	GSE79164 erbAlpha-KO Mm Chip EpididymalWAT Dn	0.08260556070072551	3.0310817048776735	7.558542612022745	COL1A1;POSTN;TIMP1	0.32802787872462014
SRRS_d7_wound_alignment	100	Diabetes_Perturbations_GEO_2022	70	GSE142209 Microvessels-vs-Whole Hs Brain Up	0.0921674450838924	2.8859627693360044	6.880563233166467	COL3A1;GNG5;CTHRC1	0.36076971361409305
SRRS_d7_wound_alignment	100	Diabetes_Perturbations_GEO_2022	71	GSE137631 Obese-RYGB Exercise Hs Muscle Up	0.09611612301811645	2.831695037161352	6.632391029569676	COL3A1;LUM;THY1	0.36702184216813977
SRRS_d7_wound_alignment	100	Diabetes_Perturbations_GEO_2022	72	GSE67543 Fetal-vs-Adult BetaCells Hs Islet Up	0.09711406028605422	2.8184421534937	6.572238201819216	POSTN;LGALS1;BASP1	0.36702184216813977
SRRS_d7_wound_alignment	100	Diabetes_Perturbations_GEO_2022	73	GSE131320 EscherichiaColi 24Hr Hs Islet Dn	0.09912268730088447	2.7923011444244774	6.454116294081024	CXCL8;TNC;INHBA	0.36702184216813977
SRRS_d7_wound_alignment	100	Diabetes_Perturbations_GEO_2022	74	GSE137631 Obese-RYGB NoExercise Hs Muscle Up	0.09912268730088447	2.7923011444244774	6.454116294081024	MZT2B;TNFRSF12A;S100A16	0.36702184216813977
SRRS_d7_wound_alignment	100	Diabetes_Perturbations_GEO_2022	75	GSE110528 Vehicle-vs-T0901317 Mm Duodenum Up	0.106284222826077	2.70446735395189	6.062437942083994	LDHB;TAGLN;TPM2	0.3856179582303096
SRRS_d7_wound_alignment	100	Diabetes_Perturbations_GEO_2022	76	GSE131320 Ctrl-vs-IL-1OE 24Hr Hs Islet Dn	0.10732364992108041	2.6923638354164767	6.009103656199773	CXCL8;TNC;INHBA	0.3856179582303096
SRRS_d7_wound_alignment	100	Diabetes_Perturbations_GEO_2022	77	GSE131320 EscherichiaColi 6Hr Hs Islet Dn	0.10836709045158335	2.6803669558108907	5.956394084086752	CXCL8;TNC;INHBA	0.3856179582303096
SRRS_d7_wound_alignment	100	Diabetes_Perturbations_GEO_2022	78	GSE131320 Ctrl-vs-IL-1OE 6Hr Hs Islet Dn	0.1115212433965952	2.6450022411474676	5.801918698741079	CXCL8;TNC;INHBA	0.3917541114188087
SRRS_d7_wound_alignment	100	Diabetes_Perturbations_GEO_2022	79	GSE94846 PAX8-Overexpression Mm Chip Islet Dn	0.12281820191979298	3.392385525638827	7.1140022366712525	UQCR10;SEC61B	0.4259770547597883
SRRS_d7_wound_alignment	100	Diabetes_Perturbations_GEO_2022	80	GSE135448 Low-vs-HighProteinDiet Hs Liver Up	0.1261397529272332	3.3359757125990894	6.906686810673667	CXCL8;FAP	0.4320286537757737
SRRS_d7_wound_alignment	100	Diabetes_Perturbations_GEO_2022	81	GSE138252 AtrialFib Hs LeftAtrium Dn	0.13116209551399813	3.2547728768926927	6.611489635394594	POSTN;CTHRC1	0.4436841255658702
SRRS_d7_wound_alignment	100	Diabetes_Perturbations_GEO_2022	82	GSE110569 C57Bl6-vs-SREBP-1 Mm Chip Liver Dn	0.15256931999718407	6.271464646464646	11.79120788980768	S100A11	0.5098048009662004
SRRS_d7_wound_alignment	100	Diabetes_Perturbations_GEO_2022	83	GSE41203 NOD.RAG-NonObeseDiab 6Wks Mm Chip Islets Dn	0.1745721183448066	2.7052458567319544	4.721783019390408	POSTN;TGFBI	0.5610470875644697
SRRS_d7_wound_alignment	100	Diabetes_Perturbations_GEO_2022	84	GSE149468 Fasting-22Hrs Mm Brain Dn	0.1763559296827952	2.687074829931973	4.662749281288076	FKBP11;NME2	0.5610470875644697
SRRS_d7_wound_alignment	100	Diabetes_Perturbations_GEO_2022	85	GSE106148 Ctrl-vs-Type1Diabetes Hs Islet Dn	0.1763559296827952	2.687074829931973	4.662749281288076	CXCL8;TNFRSF12A	0.5610470875644697
SRRS_d7_wound_alignment	100	Diabetes_Perturbations_GEO_2022	86	GSE7196 ERRa-Knockout Mm Chip Heart Up	0.17814268838725866	2.6691444789836463	4.604729127640162	FKBP11;CTSB	0.5610470875644697
SRRS_d7_wound_alignment	100	Diabetes_Perturbations_GEO_2022	87	GSE149468 Fasting-22Hrs Mm Cerebellum Up	0.17814268838725866	2.6691444789836463	4.604729127640162	TUBA1C;FAP	0.5610470875644697
SRRS_d7_wound_alignment	100	Diabetes_Perturbations_GEO_2022	88	GSE87854 FatDiet Day5 Mm Chip Adipose Dn	0.18172475649197342	2.633986928104575	4.49163798449718	BASP1;SH3BGRL3	0.5658248099863719
SRRS_d7_wound_alignment	100	Diabetes_Perturbations_GEO_2022	89	GSE129020 PHOSPHO1-Knockout Mm BAT Dn	0.19434430782766576	2.517857142857143	4.124561988604351	SPHK1;SH3BGRL3	0.5952526523411884
SRRS_d7_wound_alignment	100	Diabetes_Perturbations_GEO_2022	90	GSE155064 Ctrl-LowBCAA-Diet F Mm Muscle Dn	0.19797112637870934	2.486520534139582	4.027253410869583	LSM7;PLIN2	0.5952526523411884
SRRS_d7_wound_alignment	100	Diabetes_Perturbations_GEO_2022	91	GSE150679 CdCl2 M 42D Mm BulkRNAseq Liver Up	0.19797112637870934	2.486520534139582	4.027253410869583	LSM7;SPHK1	0.5952526523411884
SRRS_d7_wound_alignment	100	Diabetes_Perturbations_GEO_2022	92	GSE87854 FatDiet Day14 Mm Chip Adipose Up	0.20160639493567864	2.4559482329517173	3.9330488812382813	LUM;TGFBI	0.5952526523411884
SRRS_d7_wound_alignment	100	Diabetes_Perturbations_GEO_2022	93	GSE149468 Fasting-22Hrs Mm Liver Up	0.2034270342994011	2.440940012368584	3.887069777699034	TNC;ACTG1	0.5952526523411884
SRRS_d7_wound_alignment	100	Diabetes_Perturbations_GEO_2022	94	GSE115421 Rosiglitazone shNF1 Hs Adipocyte Up	0.20524959092647024	2.426112613720187	3.8418185255383266	MZT2B;MIF	0.5952526523411884
SRRS_d7_wound_alignment	100	Diabetes_Perturbations_GEO_2022	95	GSE149468 Fasting-8Hrs Mm Brain Dn	0.20707400097368484	2.4114627887082976	3.7972799500547754	PRDX4;NME2	0.5952526523411884
SRRS_d7_wound_alignment	100	Diabetes_Perturbations_GEO_2022	96	GSE43106 FatDiet129P2 OlaHsd Mm Chip Liver Up	0.20890020113944754	2.3969873663751216	3.753439275248425	GSTP1;UQCR11	0.5952526523411884
SRRS_d7_wound_alignment	100	Diabetes_Perturbations_GEO_2022	97	GSE127251 Ucp1-KO CDiet 30C Mm InterscaBAT Dn	0.21072812874852287	2.382683250815119	3.7102821101376557	TUBA1C;BASP1	0.5952526523411884
SRRS_d7_wound_alignment	100	Diabetes_Perturbations_GEO_2022	98	GSE107894 Metformin Visit1 Hs Muscle Up	0.21622165762859566	2.340768865685809	3.5847732993930266	COL1A1;RCN3	0.604538103981992
SRRS_d7_wound_alignment	100	Diabetes_Perturbations_GEO_2022	99	GSE39752 StreptozotocinSTZ Mm Chip Liver Dn	0.21989152327234615	2.3136288998357966	3.504270756560818	LUM;ACTG1	0.606508065369074
SRRS_d7_wound_alignment	100	Diabetes_Perturbations_GEO_2022	100	GSE43106 FatDiet 129P2OlaHsd Mm Chip Liver Dn	0.2235668416141477	2.287105751391466	3.4261869740159687	POSTN;TMSB4X	0.606508065369074
SRRS_all_modules	135	Ligand_Perturbations_from_GEO_up	1	17beta-estradiol mouse uterus GSE38800 ligand:120	9.309011918541823e-41	26.840632992327365	2474.035503308194	TAGLN;ARPC1B;GSTP1;UQCR11;UQCR10;YBX1;PSMA7;ACTG1;SRM;TUBA1C;TUBA1B;LGALS1;GNG5;SEC61G;C1QBP;TMSB4X;SH3BGRL3;SEC61B;SERF2;COX8A;EIF5A;VKORC1;PPP1R14B;TPI1;TPM4;SSR4;LUM;GSTO1;TPM2;PGAM1;NME2;MIF;PDIA6;CKAP4;NME1;COL1A1;RCN3;COL3A1;OSTC;VDAC1;CALR;P4HB;PPIB	2.411034086902332e-38
SRRS_all_modules	135	Ligand_Perturbations_from_GEO_up	2	17beta-estradiol mouse uterus GSE38800 ligand:122	6.2096964641984214e-40	25.54025088296188	2305.704679143307	TAGLN;ARPC1B;UQCR11;UQCR10;YBX1;PSMA7;ACTG1;PTMS;EEF1B2;TUBA1C;TUBA1B;LGALS1;GNG5;SEC61G;C1QBP;TMSB4X;SH3BGRL3;SEC61B;SERF2;CTSB;COX8A;EIF5A;VKORC1;PPP1R14B;TPI1;TPM4;SSR4;LUM;GSTO1;TPM2;PGAM1;NME2;MIF;PDIA6;CKAP4;COL1A1;RCN3;COL3A1;RCN1;VDAC1;CALR;P4HB;PPIB	8.041556921136956e-38
SRRS_all_modules	135	Ligand_Perturbations_from_GEO_up	3	estradiol mouse uterus GSE24525 ligand:140	1.0023262121306822e-39	26.48919887629565	2378.690195921905	TAGLN;ARPC1B;UQCR11;UQCR10;YBX1;PSMA7;ACTG1;SRM;TUBA1C;TUBA1B;LGALS1;GNG5;SEC61G;C1QBP;TMSB4X;SH3BGRL3;SEC61B;SERF2;COX8A;EIF5A;PPP1R14B;TPI1;TPM4;SSR4;LUM;GSTO1;TPM2;PGAM1;NME2;MIF;PDIA6;CKAP4;NME1;COL1A1;RCN3;COL3A1;RCN1;OSTC;VDAC1;CALR;P4HB;PPIB	8.653416298061556e-38
SRRS_all_modules	135	Ligand_Perturbations_from_GEO_up	4	estradiol human endometrium GDS3313 ligand:270	5.63777582896304e-39	29.706273320895523	2616.270970877913	FKBP11;TNC;UQCR11;THY1;YBX1;HIF1A;LDHB;TUBA1C;TUBA1B;PRDX4;LGALS1;BASP1;SEC61G;CFL1;SEC61B;TMSB10;COX8A;TPI1;SSR4;PGAM1;SSR3;FN1;MIF;PDIA6;NME1;COL1A1;LSM7;COL3A1;RCN1;OSTC;COL5A2;ADAM12;COL6A3;KDELR2;TGFBI;P4HB;PPIB;PFN1;GAPDH	3.4397742588096496e-37
SRRS_all_modules	135	Ligand_Perturbations_from_GEO_up	5	estradiol (E2) mouse uterine tissue GSE61921 ligand:289	6.640490847122876e-39	25.18064516129032	2213.570907076858	ARPC1B;UQCR11;UQCR10;YBX1;PSMA7;ACTG1;PTMS;SRM;EEF1B2;TUBA1C;TUBA1B;LGALS1;GNG5;SEC61G;C1QBP;TMSB4X;COTL1;SH3BGRL3;SEC61B;SERF2;COX8A;EIF5A;PPP1R14B;TPM4;SSR4;LUM;GSTO1;TPM2;PGAM1;NME2;MIF;PDIA6;CKAP4;NME1;COL1A1;RCN3;COL3A1;OSTC;VDAC1;CALR;P4HB;PPIB	3.4397742588096496e-37
SRRS_all_modules	135	Ligand_Perturbations_from_GEO_up	6	17beta-estradiol mouse uterus GSE38800 ligand:124	2.265854952072729e-37	24.039878591176823	2028.429574633588	TAGLN;ARPC1B;UQCR11;UQCR10;YBX1;PSMA7;ACTG1;TUBA1C;TUBA1B;LGALS1;GNG5;SEC61G;C1QBP;TMSB4X;COTL1;SH3BGRL3;SEC61B;SERF2;CTSB;COX8A;EIF5A;VKORC1;PPP1R14B;TPI1;TPM4;SSR4;LUM;GSTO1;TPM2;PGAM1;NME2;MIF;PDIA6;CKAP4;NME1;COL1A1;RCN3;COL3A1;VDAC1;CALR;P4HB	9.780940543113945e-36
SRRS_all_modules	135	Ligand_Perturbations_from_GEO_up	7	estradiol mouse uterus GSE23072 ligand:76	6.33716729835544e-35	23.92751288659794	1884.1491846092636	TAGLN;ARPC1B;UQCR11;UQCR10;YBX1;PSMA7;ACTG1;TUBA1C;LGALS1;GNG5;SEC61G;C1QBP;TMSB4X;SH3BGRL3;SEC61B;SERF2;CTSB;COX8A;EIF5A;VKORC1;PPP1R14B;TPI1;TPM4;SSR4;LUM;GSTO1;TPM2;PGAM1;NME2;MIF;PDIA6;CKAP4;COL1A1;RCN3;COL3A1;VDAC1;P4HB;PPIB	2.3447519003915127e-33
SRRS_all_modules	135	Ligand_Perturbations_from_GEO_up	8	estradiol mouse uterus GSE23241 ligand:149	2.717591063292281e-34	24.212780194044832	1871.3609224799677	TAGLN;ARPC1B;GSTP1;UQCR11;UQCR10;YBX1;PSMA7;TUBA1C;LGALS1;SEC61G;C1QBP;TMSB4X;SH3BGRL3;SEC61B;S100A11;SERF2;COX8A;EIF5A;PPP1R14B;TPI1;TPM4;SSR4;LUM;GSTO1;TPM2;PGAM1;NME2;MIF;PDIA6;CKAP4;COL1A1;RCN3;COL3A1;VDAC1;CALR;P4HB;PPIB	8.79820106740876e-33
SRRS_all_modules	135	Ligand_Perturbations_from_GEO_up	9	TGF-beta human HMEC-TR mammary epithelial cell line GDS4071 ligand:245	3.487999367938642e-28	21.962442163100057	1388.5326729770031	SDC4;ARPC1B;GSTP1;SERPINE1;TNC;PTGS2;THBS1;MYL12A;LGALS1;GNG5;BASP1;S100A16;TMSB4X;SH3BGRL3;SEC61B;TIMP1;RABAC1;S100A11;CTSB;TNFRSF12A;GSTO1;FN1;PDIA6;COL1A1;IL6;OSTC;RAB13;TGFBI;ITGA5;CALR;PFN1	1.0037687069956759e-26
SRRS_all_modules	135	Ligand_Perturbations_from_GEO_up	10	estriol mouse uterus GSE23241 ligand:151	2.1698609167030956e-27	20.551564192849405	1261.7660465522654	TAGLN;ARPC1B;UQCR11;UQCR10;YBX1;ACTG1;TUBA1C;LGALS1;SEC61G;TMSB4X;SH3BGRL3;SEC61B;S100A11;SERF2;CTSB;COX8A;VKORC1;POSTN;PPP1R14B;SSR4;LUM;GSTO1;TPM2;NME2;COL1A1;RCN3;COL3A1;RCN1;VDAC1;P4HB;PPIB	5.619939774261018e-26
SRRS_all_modules	135	Ligand_Perturbations_from_GEO_up	11	estradiol human endothelial cells GDS3600 ligand:30	4.221019454725582e-27	18.855936802749802	1145.115778113721	TAGLN;ARPC1B;GSTP1;SERPINE1;ENO1;YBX1;ACTB;ACTG1;SRM;TUBA1C;TUBA1B;GNG5;BASP1;TUBB3;CFL1;AP2S1;SH3BGRL3;TIMP1;RABAC1;S100A11;AP2M1;VKORC1;GSTO1;SPHK1;MIF;PDIA6;PKM;ITGA5;P4HB;PFN1;GAPDH;ENG	9.938582170672053e-26
SRRS_all_modules	135	Ligand_Perturbations_from_GEO_up	12	17beta-estradiol mouse uterus GDS1058 ligand:35	3.7507994359858065e-24	16.606292517006803	895.7446344738055	FKBP11;GSTP1;UQCR10;YBX1;HIF1A;SRM;TUBA1C;LGALS1;GNG5;TUBB3;SEC61G;TMSB4X;CFL1;SEC61B;TMSB10;S100A11;AP2M1;CTSB;PPP1R14B;TPI1;TPM4;GSTO1;PGAM1;SSR3;PDIA6;PKM;OSTC;COL6A3;GAPDH;ENG	8.095475449336032e-23
SRRS_all_modules	135	Ligand_Perturbations_from_GEO_up	13	estradiol mouse urogenital sinus mesenchymal cells GSE16854 ligand:152	1.8925603970344e-23	17.72557643178217	927.4292173427838	TAGLN;SERPINE1;TNC;PLOD2;ENO1;YBX1;ACTG1;SRM;S100A16;SEC61G;C1QBP;SEC61B;TMSB10;TPI1;TPM2;PGAM1;SSR3;MIF;CKAP4;PKM;COL6A3;KDELR2;PLIN2;CALR;P4HB;IL6ST;PFN1;GAPDH	3.7705626371685355e-22
SRRS_all_modules	135	Ligand_Perturbations_from_GEO_up	14	insulin-like growth factor-I (IGF-I) human MCF-7 cells GDS3484 ligand:14	2.5791506235944265e-23	18.77777777777778	976.6697216283535	ARPC1B;YBX1;ACTB;PSMA7;ACTG1;TUBA1C;TUBA1B;GNG5;TUBB3;SEC61G;CFL1;AP2S1;SH3BGRL3;SEC61B;RAC1;S100A11;COX8A;PPP1R14B;TPI1;TNFRSF12A;PGAM1;MIF;NME1;PKM;P4HB;PFN1;GAPDH	4.771428653649689e-22
SRRS_all_modules	135	Ligand_Perturbations_from_GEO_up	15	fibroblast growth factor 2 (FGF2) human embryonic fibroblast GDS2422 ligand:9	1.428840097677694e-21	15.874188311688311	761.920146389113	ITGB1;TAGLN;SERPINE1;ENO1;THY1;YBX1;ACTB;MYL12A;ACTG1;SRM;TUBA1B;TUBB3;C1QBP;TMSB4X;COTL1;SH3BGRL3;TIMP1;RAC1;EIF5A;IL11;MAP2K2;TPM4;TNFRSF12A;GSTO1;MIF;PLIN2;PFN1	2.467130568656818e-20
SRRS_all_modules	135	Ligand_Perturbations_from_GEO_up	16	growth hormone mouse 3T3-F442A adipocytes GDS1489 ligand:11	3.409099319934335e-21	19.131239347455562	901.6139644993182	ITGB1;FKBP11;TPI1;SDC4;PGAM1;YBX1;HIF1A;ACTB;MYL12A;PSMA7;ACTG1;PTMS;TUBA1C;TUBA1B;LGALS1;PKM;BASP1;TUBB3;OSTC;CFL1;COL6A3;PLIN2;TIMP1;GAPDH	5.518479524143705e-20
SRRS_all_modules	135	Ligand_Perturbations_from_GEO_up	17	testosterone mouse prostate (following castration) GDS2562 ligand:54	6.194349988798873e-20	16.693764630772506	738.332895088843	FKBP11;TAGLN;TPM4;PGAM1;GSTP1;SSR3;UQCR11;PDIA6;ACTB;SRM;COL1A1;TUBA1C;COL3A1;RCN1;TUBA1B;PRDX4;LGALS1;OSTC;SEC61G;COL5A2;CFL1;COL6A3;SEC61B;PPIB	9.437274394699457e-19
SRRS_all_modules	135	Ligand_Perturbations_from_GEO_up	18	insulin-like growth factor-I (IGF-I) human MCF-7 cells GDS3484 ligand:13	7.333113951477863e-20	16.561655405405407	729.6949706899316	PPP1R14B;TPI1;TNFRSF12A;ARPC1B;PGAM1;ENO1;ACTB;MYL12A;PSMA7;ACTG1;NME1;SRM;TUBA1C;TUBA1B;PRDX4;GNG5;TUBB3;C1QBP;TMSB4X;CFL1;SEC61B;PFN1;TMSB10;SERF2	1.0551536185737593e-18
SRRS_all_modules	135	Ligand_Perturbations_from_GEO_up	19	transforming growth factor-beta human Hepatocellular carcinoma Huh-7 cell line GDS4269 ligand:17	3.160938513616062e-19	15.45945945945946	658.5458846824533	TPI1;CXCL8;CCL20;FN1;ENO1;ACTB;PSMA7;ACTG1;NME1;SRM;TUBA1C;TUBA1B;GNG5;BAMBI;TUBB3;C1QBP;TMSB4X;CFL1;AP2S1;PLIN2;RAC1;PFN1;TMSB10;GAPDH	4.308858289613474e-18
SRRS_all_modules	135	Ligand_Perturbations_from_GEO_up	20	17beta-estradiol mouse uterus GDS1058 ligand:34	2.936988795226687e-18	13.912517780938833	561.6364731672519	ITGB1;FKBP11;TAGLN;PPP1R14B;TPM4;SDC4;ARPC1B;SSR3;PDIA6;HIF1A;MYL12A;ACTG1;SRM;TUBA1C;LGALS1;GNG5;OSTC;SEC61G;COL6A3;SEC61B;RAC1;GAPDH;CTSB;ENG	3.80340048981856e-17
SRRS_all_modules	135	Ligand_Perturbations_from_GEO_up	21	testosterone mouse submandibular glands from BALB/c females GDS1833 ligand:53	8.729819890531036e-18	14.209553255931349	558.1482243394956	FKBP11;TAGLN;POSTN;GSTO1;ARPC1B;UQCR11;UQCR10;PDIA6;THBS1;MYL12A;ATOX1;PSMA7;ACTG1;PTMS;TUBA1C;TUBA1B;LGALS1;GNG5;SEC61B;PPIB;RABAC1;GAPDH;S100A11	1.0766777864988279e-16
SRRS_all_modules	135	Ligand_Perturbations_from_GEO_up	22	morphogenetic protein 4 (BMP-4) mouse C3H10T1/2 (10T1/2) stem cells committed to the adipocyte lineage GDS3025 ligand:8	1.6522276292920078e-17	16.22539532688223	626.9788401318477	PRELID1;POSTN;GSTO1;PGAM1;GSTP1;FN1;NME2;MIF;YBX1;ACTB;CKAP4;ACTG1;PTMS;TUBA1B;LGALS1;PKM;CFL1;KDELR2;PLIN2;PFN1;GAPDH	1.9451225272119546e-16
SRRS_all_modules	135	Ligand_Perturbations_from_GEO_up	23	progesterone mouse uterus GSE31406 ligand:161	2.5187604689547078e-17	13.483970517737296	515.3597759578851	EIF5A;POSTN;TPM4;GSTO1;PGAM1;SSR3;NME2;ACTB;MYL12A;ACTG1;NME1;SRM;COL1A1;TUBA1C;COL3A1;TUBA1B;LGALS1;C1QBP;TMSB4X;CALR;SEC61B;PFN1;GAPDH	2.836343310692475e-16
SRRS_all_modules	135	Ligand_Perturbations_from_GEO_up	24	estradiol human endometrial cancer cells GSE56946 ligand:222	4.9522197455580506e-17	13.039511827458256	489.55687515097	PRELID1;MAP2K2;TPI1;NME2;ENO1;YBX1;PDIA6;ACTB;PSMA7;ACTG1;NME1;EEF1B2;LDHB;TUBA1C;PRDX4;TUBB3;C1QBP;TMSB4X;VDAC1;P4HB;PFN1;GAPDH;AP2M1	5.344270475414729e-16
SRRS_all_modules	135	Ligand_Perturbations_from_GEO_up	25	estradiol mouse hematopoietic stem cells (HSCs) GSE52711 ligand:96	5.653654414417699e-17	12.954061059907835	484.63272650262047	EIF5A;SSR4;SSR3;NME2;MIF;YBX1;PDIA6;THBS1;ACTB;PSMA7;ACTG1;NME1;SRM;TUBA1C;TUBA1B;OSTC;SEC61G;C1QBP;CFL1;SEC61B;P4HB;GAPDH;SERF2	5.857185973336735e-16
SRRS_all_modules	135	Ligand_Perturbations_from_GEO_up	26	interleukin-15 human PBMC GSE59184 ligand:145	1.7317400028025477e-16	13.187739228955508	478.61252861651093	CXCL8;SDC4;TNFAIP6;GSTO1;INHBA;HIF1A;THBS1;MYL12A;ACTG1;TUBA1C;IL6;TUBA1B;LGALS1;BASP1;TUBB3;RAB13;TGFBI;CD47;PFN1;GAPDH;S100A11;CTSB	1.7250794643302302e-15
SRRS_all_modules	135	Ligand_Perturbations_from_GEO_up	27	Interleukin-6 mouse macrophage GSE411 ligand:232	1.9021705286063575e-16	14.222648155822627	514.8366215887133	TPI1;SDC4;PGAM1;SSR3;UQCR11;PDIA6;HIF1A;ACTB;ATOX1;TUBA1B;GNG5;BASP1;SEC61G;TMSB4X;TGFBI;SEC61B;RAC1;RABAC1;GAPDH;S100A11;AP2M1	1.824674692255728e-15
SRRS_all_modules	135	Ligand_Perturbations_from_GEO_up	28	TGF-beta1 mouse renal mesangial MES-13 cells GDS1892 ligand:15	2.1198045563724718e-16	13.050248514971512	470.9839595145499	EIF5A;TAGLN;TPM4;TNFRSF12A;GSTO1;SERPINE1;FN1;NME2;THBS1;ACTB;MYL12A;WISP1;ACTG1;NME1;SRM;EEF1B2;LGALS1;BASP1;TMSB4X;CFL1;PLIN2;TMSB10	1.9608192146445364e-15
SRRS_all_modules	135	Ligand_Perturbations_from_GEO_up	29	estradiol mouse hematopoietic stem cells (HSCs) GSE52711 ligand:97	2.7406200364818325e-16	13.944523470839261	499.6765819283101	OST4;SSR4;NME2;MIF;PDIA6;THBS1;PSMA7;NME1;SRM;TUBA1C;TUBA1B;PRDX4;BASP1;OSTC;SEC61G;C1QBP;CFL1;AP2S1;VDAC1;SEC61B;GAPDH	2.4476572049958436e-15
SRRS_all_modules	135	Ligand_Perturbations_from_GEO_up	30	Interleukin-1 human epidermal keratinocyte GDS3011 ligand:227	3.838785111915186e-16	12.654220445123924	449.17680997574894	COX8A;CXCL8;SDC4;TNFAIP6;CCL20;GSTO1;PGAM1;SERPINE1;MIF;INHBA;ENO1;HIF1A;CKAP4;ACTG1;LGALS1;BAMBI;COTL1;SH3BGRL3;ITGA5;CD47;PFN1;TMSB10	3.3141511466201103e-15
SRRS_all_modules	135	Ligand_Perturbations_from_GEO_up	31	interleukin-4 human PBMC GSE59184 ligand:147	4.602914892257671e-16	14.781855825334086	522.0163857785777	COX8A;GSTP1;WNT5A;ENO1;YBX1;PDIA6;ACTG1;NME1;TUBA1C;TUBA1B;LGALS1;GNG5;TUBB3;C1QBP;CFL1;SH3BGRL3;TGFBI;TIMP1;PFN1;TMSB10	3.845661151918506e-15
SRRS_all_modules	135	Ligand_Perturbations_from_GEO_up	32	Interleukin-1 beta human epidermal keratinocytes GDS2611 ligand:56	1.2455244644956058e-15	15.330254515599343	526.1223727329253	CCL20;PTGS2;ACTB;CKAP4;ACTG1;LDHB;TUBA1B;PKM;BASP1;TUBB3;S100A16;TMSB4X;AP2S1;SH3BGRL3;CALR;P4HB;TMSB10;S100A11;CTSB	1.0080963634511309e-14
SRRS_all_modules	135	Ligand_Perturbations_from_GEO_up	33	EPO mouse Erythroid progenitor cell GDS927 ligand:166	5.791238522452106e-15	10.98311934114277	360.05334338841675	PPP1R14B;TPI1;GSTP1;UQCR11;UQCR10;YBX1;ACTB;ATOX1;PSMA7;ACTG1;SRM;LSM7;TUBA1B;GNG5;TUBB3;TMSB4X;CFL1;PPIB;RABAC1;TMSB10;GAPDH;ENG	4.545244779742714e-14
SRRS_all_modules	135	Ligand_Perturbations_from_GEO_up	34	progesterone mouse uterus GSE31406 ligand:162	4.259994095887345e-14	11.419317187044062	351.5656449746856	EIF5A;TPM4;GSTO1;SSR3;NME2;ACTB;ACTG1;SRM;COL1A1;TUBA1C;COL3A1;TUBA1B;LGALS1;SEC61G;C1QBP;TMSB4X;CALR;SEC61B;PFN1;GAPDH	3.245113149514183e-13
SRRS_all_modules	135	Ligand_Perturbations_from_GEO_up	35	transforming growth factor-beta human fibroblasts GDS4574 ligand:18	4.5817007361572575e-14	10.546997993517518	323.9417729071543	PDGFRB;IL11;TAGLN;TNFRSF12A;TNFAIP6;SPHK1;SERPINE1;FN1;YBX1;PTGS2;HIF1A;NME1;COL1A1;IL6;FAP;BASP1;COL5A2;COL6A3;TGFBI;ITGA5;TIMP1	3.390458544756371e-13
SRRS_all_modules	135	Ligand_Perturbations_from_GEO_up	36	17beta-estradiol mouse uterus GDS1058 ligand:33	1.0719117852792857e-13	10.828579340902797	323.38645242585835	PPP1R14B;TPM4;PGAM1;SSR3;HIF1A;THBS1;ACTB;MYL12A;SRM;TUBA1C;LGALS1;GNG5;TUBB3;OSTC;CFL1;COL6A3;SEC61B;GAPDH;CTSB;ENG	7.711809788537084e-13
SRRS_all_modules	135	Ligand_Perturbations_from_GEO_up	37	progesterone rat ovary GDS2783 ligand:275	1.526890664914553e-13	9.238290524498165	272.6253972877867	ITGB1;SDC4;PGAM1;GSTP1;SSR3;HIF1A;ACTB;MYL12A;COL1A1;EEF1B2;COL3A1;PRDX4;LGALS1;SEC61G;C1QBP;TMSB4X;COL5A2;TIMP1;TMSB10;GAPDH;S100A11;CTSB	1.068823465440187e-12
SRRS_all_modules	135	Ligand_Perturbations_from_GEO_up	38	Interleukin-6 mouse macrophage GSE411 ligand:230	3.0703764753416745e-13	11.017478374214955	317.4334497963166	ITGB1;TPI1;SDC4;PGAM1;UQCR10;HIF1A;ACTB;ATOX1;ACTG1;TUBA1C;TUBA1B;GNG5;BASP1;SEC61G;TMSB4X;TGFBI;RAC1;TMSB10;S100A11	2.0927039660881415e-12
SRRS_all_modules	135	Ligand_Perturbations_from_GEO_up	39	interleukin-2 mouse Cytotoxic T cell line GDS3222 ligand:215	3.1986518115422837e-13	9.471045688098876	272.49028862901906	EIF5A;OST4;TPI1;PGAM1;SSR3;THY1;PDIA6;ACTB;PSMA7;NME1;SRM;TUBA1B;PKM;BASP1;OSTC;SEC61G;C1QBP;CALR;P4HB;PPIB;PFN1	2.1242328697165423e-12
SRRS_all_modules	135	Ligand_Perturbations_from_GEO_up	40	17beta-estradiol human MCF-7 cells GSE5840 ligand:85	4.719386855686425e-13	11.691711389385809	331.8333029142232	TPI1;SSR4;FN1;PLOD2;MIF;YBX1;HIF1A;ACTG1;NME1;EEF1B2;PRDX4;LGALS1;GNG5;TMSB4X;CFL1;RAB13;ITGAV;S100A11	2.9812712088360586e-12
SRRS_all_modules	135	Ligand_Perturbations_from_GEO_up	41	estradiol human estrogen receptor (ER)-positive MCF7 breast cancer cells GDS3217 ligand:41	4.719386855686425e-13	11.691711389385809	331.8333029142232	PRELID1;PGAM1;MIF;YBX1;PDIA6;PSMA7;NME1;SRM;TUBA1C;TUBA1B;PRDX4;PKM;TUBB3;SEC61G;C1QBP;PPIB;GAPDH;SERF2	2.9812712088360586e-12
SRRS_all_modules	135	Ligand_Perturbations_from_GEO_up	42	angiotensin II mouse suprarenal aorta GSE17901 ligand:260	7.953696955146479e-13	9.640810276679842	268.59267893838773	FKBP11;POSTN;TNFAIP6;LUM;SPHK1;SERPINE1;PLOD2;PTGS2;THBS1;CKAP4;WISP1;COL1A1;RCN3;IL6;COL3A1;RCN1;FAP;COL5A2;TIMP1;CTHRC1	4.904779789006995e-12
SRRS_all_modules	135	Ligand_Perturbations_from_GEO_up	43	interleukin-2 mouse Cytotoxic T cell line GDS3222 ligand:212	9.2241763242907e-13	9.55786895284752	264.86554554042107	EIF5A;OST4;TPI1;PGAM1;SSR3;MIF;THY1;PDIA6;ACTB;PSMA7;SRM;TUBA1B;PKM;BASP1;OSTC;SEC61G;C1QBP;CALR;PFN1;GAPDH	5.5559573674216085e-12
SRRS_all_modules	135	Ligand_Perturbations_from_GEO_up	44	17beta-estradiol mouse vagina GSE6931 ligand:88	4.522442252874047e-12	9.350095785440613	244.2429117547643	PPP1R14B;TPI1;TPM4;GSTO1;SSR3;HIF1A;ACTB;PSMA7;SRM;TUBA1C;LSM7;TUBA1B;PKM;OSTC;SEC61G;COL6A3;SEC61B;RABAC1;GAPDH	2.662073962487223e-11
SRRS_all_modules	135	Ligand_Perturbations_from_GEO_up	45	growth hormone mouse 3T3-F442A adipocytes GDS1489 ligand:12	6.152236834991709e-12	10.821092278719398	279.3378985970408	VKORC1;FKBP11;BRI3;GSTO1;UQCR10;YBX1;ACTG1;PRDX4;LGALS1;SEC61G;TMSB4X;COL5A2;COL6A3;RAC1;PPIB;RABAC1;CTSB	3.540954089473006e-11
SRRS_all_modules	135	Ligand_Perturbations_from_GEO_up	46	Interleukin-1 beta mouse embryonic fibroblasts GDS2641 ligand:58	1.0577587780514369e-11	11.478260869565217	290.08186523384785	IL11;FLT1;SDC4;TNFAIP6;CCL20;MMP3;TNC;PTGS2;HIF1A;THBS1;MMP10;EEF1B2;IL6;PDPN;TIMP1;CD47	5.955641815550481e-11
SRRS_all_modules	135	Ligand_Perturbations_from_GEO_up	47	Interleukin-15 mouse CD8+ T cells GDS1030 ligand:229	1.6657966377677813e-11	10.11366259644007	251.0022189128091	EIF5A;TPM4;NME2;MIF;THY1;ACTB;PSMA7;ACTG1;SRM;EEF1B2;TUBA1B;LGALS1;C1QBP;TMSB4X;CD47;PFN1;GAPDH	9.179602748550113e-11
SRRS_all_modules	135	Ligand_Perturbations_from_GEO_up	48	interleukin-2 mouse Cytotoxic T cell line GDS3222 ligand:214	1.7311496241681977e-11	8.606422529974905	213.2641407342417	EIF5A;OST4;TPI1;PGAM1;SSR3;THY1;PDIA6;ACTB;PSMA7;SRM;TUBA1B;PKM;BASP1;OSTC;SEC61G;C1QBP;CALR;P4HB;PFN1	9.340994847074233e-11
SRRS_all_modules	135	Ligand_Perturbations_from_GEO_up	49	17beta-estradiol mouse uterus GSE38800 ligand:125	2.5653697692905826e-11	8.398706896551724	204.8136664673239	PDGFRB;FKBP11;TAGLN;TPM4;TNFRSF12A;SPHK1;ARPC1B;PGAM1;NME2;CKAP4;ACTG1;SRM;TUBA1C;RCN1;LGALS1;SEC61G;C1QBP;TMSB4X;CTSB	1.3559811637678793e-10
SRRS_all_modules	135	Ligand_Perturbations_from_GEO_up	50	interleukin-1 rat chondrocyte GDS2472 ligand:228	2.7317956926480655e-11	10.722962355673976	260.8197268049565	POSTN;TNFRSF12A;SDC4;LUM;CCL20;GSTP1;MMP3;PTGS2;EEF1B2;IL6;PDPN;TIMP1;P4HB;CD47;IL6ST;CTSB	1.415070168791698e-10
SRRS_all_modules	135	Ligand_Perturbations_from_GEO_up	51	estradiol human estrogen receptor (ER)-positive MCF7 breast cancer cells GDS3217 ligand:40	3.11686489578076e-11	9.690663404974082	234.43273391343075	PRELID1;MIF;YBX1;PDIA6;HIF1A;NME1;SRM;TUBA1C;TUBA1B;PKM;TUBB3;OSTC;SEC61G;C1QBP;VDAC1;PPIB;SERF2	1.582878447072974e-10
SRRS_all_modules	135	Ligand_Perturbations_from_GEO_up	52	Interleukin-6 mouse macrophage (SOCS3 KO) GSE411 ligand:234	3.2399450637624593e-11	10.59215011305727	255.8309269037853	TPI1;SDC4;PGAM1;SSR3;PDIA6;HIF1A;PKM;BASP1;CFL1;TGFBI;TIMP1;IL6ST;GAPDH;AP2M1;CTSB;ENG	1.6137418682970711e-10
SRRS_all_modules	135	Ligand_Perturbations_from_GEO_up	53	interleukin-2 mouse Cytotoxic T cell line GDS3222 ligand:216	5.695542291536849e-11	7.990968801313629	188.49698295743795	EIF5A;OST4;TPI1;PGAM1;SSR3;NME2;PDIA6;PSMA7;TUBA1C;TUBA1B;PKM;BASP1;OSTC;CALR;P4HB;RAC1;PPIB;PFN1;AP2M1	2.783293308505743e-10
SRRS_all_modules	135	Ligand_Perturbations_from_GEO_up	54	TGF-beta human prostate fibroblasts GSE68164 ligand:240	1.3522499517012522e-10	10.532188841201716	239.33431332361408	IL11;TAGLN;POSTN;TNFAIP6;SERPINE1;TNC;FN1;PLOD2;RCN3;IL6;TUBB3;COL6A3;SH3BGRL3;PPIB;CTHRC1	6.485791435011562e-10
SRRS_all_modules	135	Ligand_Perturbations_from_GEO_up	55	interleukin-2 mouse Cytotoxic T cell line GDS3222 ligand:213	2.732652552196025e-10	7.743192208308487	170.50956924358348	EIF5A;OST4;TPI1;PGAM1;SSR3;THY1;PDIA6;ACTB;PSMA7;SRM;TUBA1B;PKM;BASP1;OSTC;SEC61G;C1QBP;CALR;PFN1	1.286830929125037e-09
SRRS_all_modules	135	Ligand_Perturbations_from_GEO_up	56	Anti-Mullerian hormone rat ovary GDS3199 ligand:249	3.096633478979282e-10	8.273305084745763	181.14844421798182	ITGB1;POSTN;LUM;GSTO1;PGAM1;FN1;PLOD2;PDIA6;HIF1A;MYL12A;EEF1B2;COL3A1;COL5A2;TGFBI;SEC61B;P4HB;CTHRC1	1.4321929840279178e-09
SRRS_all_modules	135	Ligand_Perturbations_from_GEO_up	57	17beta-estradiol mouse uterus GSE1839 ligand:157	4.2045534203744287e-10	9.651082677165354	208.3638141032168	TAGLN;TPI1;GSTO1;ARPC1B;YBX1;PKM;GNG5;TMSB4X;COL5A2;COL6A3;SEC61B;TMSB10;GAPDH;S100A11;CTSB	1.910490062942065e-09
SRRS_all_modules	135	Ligand_Perturbations_from_GEO_up	58	estradiol human endometrial cancer cells GSE56946 ligand:219	5.141641528934693e-10	7.986349191063174	170.81585826885527	TPM4;TNFRSF12A;ARPC1B;NME2;UQCR10;ENO1;ACTB;MYL12A;ACTG1;NME1;EEF1B2;TUBA1C;TUBA1B;PRDX4;C1QBP;TMSB4X;COTL1	2.296008889644975e-09
SRRS_all_modules	135	Ligand_Perturbations_from_GEO_up	59	Calcitriol mouse Spinal cord tissue GDS510 ligand:167	6.062646033862893e-10	7.894996191201676	167.5610668689262	SERPINE1;FN1;YBX1;HIF1A;ACTB;MYL12A;PSMA7;ACTG1;LGALS1;GNG5;BASP1;TMSB4X;PLIN2;TGFBI;TIMP1;RAC1;S100A11	2.6613988521533716e-09
SRRS_all_modules	135	Ligand_Perturbations_from_GEO_up	60	interleukin-2 mouse Cytotoxic T cell line GDS3222 ligand:203	1.0310973450673436e-09	9.965129766565173	206.20486491809223	EIF5A;TPI1;PGAM1;YBX1;MYL12A;NME1;EEF1B2;TUBA1C;BASP1;TMSB4X;P4HB;PFN1;TMSB10;GAPDH	4.450903539540699e-09
SRRS_all_modules	135	Ligand_Perturbations_from_GEO_up	61	estradiol human estrogen receptor (ER)-positive MCF7 breast cancer cells GDS3217 ligand:39	1.1942952475225753e-09	7.528604534920707	154.68052229126553	EIF5A;PRELID1;TPI1;PLOD2;YBX1;PDIA6;HIF1A;NME1;SRM;EEF1B2;TUBB3;OSTC;C1QBP;VDAC1;CD47;PPIB;SERF2	5.070860149317164e-09
SRRS_all_modules	135	Ligand_Perturbations_from_GEO_up	62	estradiol mouse uterus GSE56423 ligand:93	1.4932805415839398e-09	9.664849657112713	196.41188170795513	COX8A;LUM;GSTO1;NME2;UQCR10;PSMA7;LDHB;COL3A1;TMSB4X;SH3BGRL3;PLIN2;TGFBI;RABAC1;CTSB	6.238059036616781e-09
SRRS_all_modules	135	Ligand_Perturbations_from_GEO_up	63	Interleukin-1 beta mouse embryonic fibroblasts GDS2641 ligand:57	1.643268731476476e-09	10.748633879781421	217.40808639765658	SDC4;CCL20;SSR3;FN1;PTGS2;HIF1A;THBS1;ACTB;COL1A1;EEF1B2;LGALS1;CALR;TIMP1	6.755660340514401e-09
SRRS_all_modules	135	Ligand_Perturbations_from_GEO_up	64	17beta-estradiol mouse uterus GDS1058 ligand:36	2.5852665585252413e-09	8.378852739726028	165.67871859849217	TAGLN;TPI1;LUM;GSTO1;ARPC1B;YBX1;ATOX1;GNG5;TMSB4X;COL5A2;COL6A3;TMSB10;GAPDH;S100A11;CTSB	1.0462250604031836e-08
SRRS_all_modules	135	Ligand_Perturbations_from_GEO_up	65	17beta-estradiol mouse uterus GSE38800 ligand:123	3.1587085977591864e-09	7.028630899282104	137.57211347946412	PDGFRB;FKBP11;TPM4;TNFRSF12A;SPHK1;ARPC1B;PGAM1;ACTG1;TUBA1C;RCN1;LGALS1;SEC61G;C1QBP;TMSB4X;COTL1;VDAC1;CTSB	1.2586238874148144e-08
SRRS_all_modules	135	Ligand_Perturbations_from_GEO_up	66	17beta-estradiol mouse uterus GSE6931 ligand:86	5.366519042010478e-09	7.911003236245954	150.64991783553856	ITGB1;PPP1R14B;TPM4;SSR3;HIF1A;ACTG1;SRM;LGALS1;GNG5;OSTC;SEC61G;COL6A3;SEC61B;RAC1;ENG	2.1059521695162333e-08
SRRS_all_modules	135	Ligand_Perturbations_from_GEO_up	67	estradiol human endometrial cancer cells GSE56946 ligand:220	5.8581365774458584e-09	9.603361407730485	182.03588597489457	PPP1R14B;GSTP1;UQCR10;MIF;ENO1;EEF1B2;MZT2B;LSM7;TUBA1B;PRDX4;LGALS1;RABAC1;SERF2	2.2645632441171302e-08
SRRS_all_modules	135	Ligand_Perturbations_from_GEO_up	68	Growth hormone mouse Adipocytes GDS1489 ligand:171	6.170597555531444e-09	9.559023879032862	180.69872260987617	FKBP11;SDC4;YBX1;ACTB;ACTG1;PTMS;TUBA1C;LGALS1;BASP1;TUBB3;OSTC;CFL1;COL6A3	2.350271716003888e-08
SRRS_all_modules	135	Ligand_Perturbations_from_GEO_up	69	estradiol mouse BAL cells GSE52649 ligand:95	7.387203146760895e-09	8.460527938818306	158.41083563043009	SDC4;GSTO1;GSTP1;SSR3;PDIA6;SRM;RCN1;OSTC;KDELR2;CALR;P4HB;PPIB;RABAC1;S100A11	2.772877702914597e-08
SRRS_all_modules	135	Ligand_Perturbations_from_GEO_up	70	estradiol human endometrial cancer cells GSE56946 ligand:226	2.289610093817085e-08	9.544472758160417	167.9092205211761	COX8A;EEF1B2;MZT2B;LGALS1;BRI3;GSTP1;MIF;CALR;RABAC1;TMSB10;GAPDH;SERF2	8.471557347123216e-08
SRRS_all_modules	135	Ligand_Perturbations_from_GEO_up	71	17beta-estradiol mouse uterus GDS1058 ligand:37	2.4512038162376077e-08	7.010416666666667	122.85125312934572	TAGLN;LRP1;BRI3;GSTO1;YBX1;GNG5;TMSB4X;PLIN2;ITGAV;CD47;RAC1;RABAC1;TMSB10;S100A11;CTSB	8.941715329655498e-08
SRRS_all_modules	135	Ligand_Perturbations_from_GEO_up	72	interleukin-33 mouse CD8 T cells GSE72791 ligand:237	2.701123353489998e-08	12.6336	220.16591144465283	TUBA1B;LGALS1;C1QBP;TMSB4X;NME2;CALR;TMSB10;GAPDH;ACTB;ACTG1	9.716540952137632e-08
SRRS_all_modules	135	Ligand_Perturbations_from_GEO_up	73	17beta-estradiol human U2OS osteosarcoma cell line GDS1094 ligand:46	3.229951068902026e-08	7.469874260153288	128.8419879679176	COX8A;TNFRSF12A;SDC4;GSTO1;ARPC1B;GSTP1;ENO1;ACTB;ACTG1;PKM;SEC61G;SEC61B;GAPDH;CTSB	1.1459689408844174e-07
SRRS_all_modules	135	Ligand_Perturbations_from_GEO_up	74	aldosterone mouse inner medullary collecting duct cell line mIMCD-3 GDS345 ligand:279	4.240779989390147e-08	7.298587043455079	123.90032852622593	ITGB1;TPI1;BRI3;SERPINE1;YBX1;MYL12A;ATOX1;PTMS;BASP1;TUBB3;CFL1;RAC1;TMSB10;AP2M1	1.4842729962865513e-07
SRRS_all_modules	135	Ligand_Perturbations_from_GEO_up	75	estrogen mouse right lung from ovariectomized animals GDS960 ligand:52	5.1296821689293196e-08	7.180899908172635	120.53597949397228	POSTN;LRP1;ACTG1;COL1A1;EEF1B2;COL3A1;TUBA1B;PKM;GNG5;TMSB4X;CFL1;KDR;COL6A3;PFN1	1.771450242336925e-07
SRRS_all_modules	135	Ligand_Perturbations_from_GEO_up	76	estradiol human MCF-7 cells GDS4052 ligand:267	5.530139607486607e-08	7.134864561879188	119.22692368571921	EIF5A;CXCL8;CCL20;WNT5A;SSR3;FN1;PLOD2;ENO1;PTGS2;MMP10;NME1;TGFBR3;BASP1;RABAC1	1.8846133662355676e-07
SRRS_all_modules	135	Ligand_Perturbations_from_GEO_up	77	17beta-estradiol human U2OS osteosarcoma cell line GDS1094 ligand:45	5.740794843800127e-08	7.112064036592338	118.58003447186117	COX8A;TNFRSF12A;SDC4;GSTO1;ARPC1B;PLOD2;YBX1;ACTG1;LGALS1;SEC61G;CFL1;PLIN2;PPIB;GAPDH	1.9309946292782246e-07
SRRS_all_modules	135	Ligand_Perturbations_from_GEO_up	78	neuromedin U mouse type-2 Th cell line D10.G4.1 GDS882 ligand:21	9.558689583871994e-08	6.807278701583193	110.02761200239952	TPI1;TPM4;ARPC1B;PGAM1;YBX1;ACTG1;PTMS;IL6;LGALS1;PKM;OSTC;TMSB4X;CFL1;TMSB10	3.1739751310549314e-07
SRRS_all_modules	135	Ligand_Perturbations_from_GEO_up	79	17beta-estradiol human MCF-7 cells GSE11791 ligand:153	1.0628454855725546e-07	6.745281855186875	108.30997501422064	SSR3;PLOD2;YBX1;PDIA6;HIF1A;MYL12A;NME1;EEF1B2;TUBA1B;PRDX4;OSTC;C1QBP;TMSB4X;PPIB	3.484518743839135e-07
SRRS_all_modules	135	Ligand_Perturbations_from_GEO_up	80	estrogen mouse left lung from ovariectomized animals GDS960 ligand:51	1.1849853045553891e-07	7.320678746045441	116.75285872238739	POSTN;GSTP1;NME2;MYL12A;COL1A1;COL3A1;LGALS1;GNG5;PDPN;CFL1;CD47;PPIB;PFN1	3.742819437559095e-07
SRRS_all_modules	135	Ligand_Perturbations_from_GEO_up	81	interleukin-10 human PBMC GDS4551 ligand:141	1.1849853045553891e-07	7.320678746045441	116.75285872238739	HIF1A;ACTG1;TUBA1C;TUBA1B;LGALS1;BASP1;TUBB3;CFL1;ITGAV;TIMP1;CD47;PFN1;CTSB	3.742819437559095e-07
SRRS_all_modules	135	Ligand_Perturbations_from_GEO_up	82	interleukin-10 human PBMC GSE59184 ligand:143	1.1849853045553891e-07	7.320678746045441	116.75285872238739	HIF1A;ACTG1;TUBA1C;TUBA1B;LGALS1;BASP1;TUBB3;CFL1;ITGAV;TIMP1;CD47;PFN1;CTSB	3.742819437559095e-07
SRRS_all_modules	135	Ligand_Perturbations_from_GEO_up	83	nitric oxide human CD3+ T cells GDS4188 ligand:280	1.2020423320539962e-07	10.657837837837837	169.82277249780049	IL6;TPI1;CXCL8;PKM;BASP1;CCL20;PGAM1;MIF;ENO1;GAPDH	3.750951373517892e-07
SRRS_all_modules	135	Ligand_Perturbations_from_GEO_up	84	norepinephrine rat pineal organ GDS3702 ligand:132	1.4917528964518963e-07	7.16753985690947	112.66042203335299	TPI1;TPM4;SDC4;PGAM1;ENO1;TUBA1C;LGALS1;PKM;SEC61G;CALR;P4HB;GAPDH;AP2M1	4.59957143072668e-07
SRRS_all_modules	135	Ligand_Perturbations_from_GEO_up	85	TGF-beta human A549 epithelial cells GDS3710 ligand:254	1.670413241689124e-07	7.0933143749303	110.69134535198002	IL11;TAGLN;TNFRSF12A;TNFAIP6;LUM;SPHK1;SERPINE1;FN1;INHBA;THBS1;MMP10;COL1A1;ITGA5	5.030663134854455e-07
SRRS_all_modules	135	Ligand_Perturbations_from_GEO_up	86	17beta-estradiol mouse thymus GSE2889 ligand:155	1.670413241689124e-07	7.0933143749303	110.69134535198002	EIF5A;THY1;ACTB;ACTG1;TUBA1B;CFL1;P4HB;RAC1;PFN1;TMSB10;S100A11;AP2M1;CTSB	5.030663134854455e-07
SRRS_all_modules	135	Ligand_Perturbations_from_GEO_up	87	estradiol mouse mammary gland GSE48884 ligand:115	3.161128548919068e-07	5.6902810304449645	85.16738390684736	LRP1;TNFRSF12A;TNFAIP6;LUM;MMP3;FN1;PLOD2;THY1;THBS1;CKAP4;FAP;PDPN;ITGA8;TIMP1;CTHRC1	9.410716024942973e-07
SRRS_all_modules	135	Ligand_Perturbations_from_GEO_up	88	17beta-estradiol mouse stomach GSE29715 ligand:128	4.84104179377349e-07	6.426659583080348	93.4498366064929	COX8A;TAGLN;TPM4;TPM2;UQCR11;UQCR10;MIF;EEF1B2;LDHB;LGALS1;COTL1;RABAC1;SERF2	1.4248066188492433e-06
SRRS_all_modules	135	Ligand_Perturbations_from_GEO_up	89	neuromedin U mouse type-2 Th cell line D10.G4.1 GDS882 ligand:22	8.086421126437336e-07	7.507056451612903	105.30830776512208	LSM7;IL6;OSTC;ARPC1B;SEC61G;TMSB4X;UQCR11;PLIN2;YBX1;TMSB10;ACTG1	2.3489877132614957e-06
SRRS_all_modules	135	Ligand_Perturbations_from_GEO_up	90	17beta-estradiol human MCF-7 cells GSE5840 ligand:84	8.162505567317939e-07	6.119214079074252	85.78247471523828	PRELID1;GSTO1;PGAM1;YBX1;HIF1A;NME1;OSTC;SEC61G;C1QBP;TMSB4X;CFL1;SEC61B;PFN1	2.3489877132614957e-06
SRRS_all_modules	135	Ligand_Perturbations_from_GEO_up	91	TGF-beta human A549 epithelial cells GDS3710 ligand:253	8.381800723222603e-07	6.702610183996577	93.7831420502232	COL1A1;IL11;TAGLN;TNFRSF12A;TNFAIP6;SPHK1;SERPINE1;SH3BGRL3;INHBA;ITGA5;THBS1;MMP10	2.38558943660951e-06
SRRS_all_modules	135	Ligand_Perturbations_from_GEO_up	92	testosterone mouse bed nucleus of the stria terminalis/preoptic area GSE49986 ligand:282	9.316815531550143e-07	6.631775067750677	92.0906507493155	PRELID1;MAP2K2;LGALS1;TPI1;C1QBP;COTL1;AP2S1;SH3BGRL3;ENO1;GAPDH;PTMS;SRM	2.6228861115994423e-06
SRRS_all_modules	135	Ligand_Perturbations_from_GEO_up	93	angiotensin II mouse suprarenal aorta GSE17901 ligand:262	1.3795457235949484e-06	5.822748771639803	78.5707529135832	LUM;SPHK1;THBS1;WISP1;COL1A1;IL6;COL3A1;FAP;COL5A2;PDPN;COTL1;TIMP1;CTHRC1	3.841960671087007e-06
SRRS_all_modules	135	Ligand_Perturbations_from_GEO_up	94	TGF-beta mouse embryonic fibroblasts GDS4898 ligand:244	1.4923371954733233e-06	9.263627819548873	124.27311496052803	TAGLN;IL6;FAP;SPHK1;MMP3;COL10A1;PLIN2;PTGS2;MMP10	4.094507666921611e-06
SRRS_all_modules	135	Ligand_Perturbations_from_GEO_up	95	TGF-beta human Panc-1 cells GDS4106 ligand:16	1.5018464415349538e-06	6.319819092230658	84.74128659487941	COL1A1;IL11;TAGLN;TPM4;TNFRSF12A;SPHK1;COL5A2;SERPINE1;TGFBI;THBS1;S100A11;SRM	4.094507666921611e-06
SRRS_all_modules	135	Ligand_Perturbations_from_GEO_up	96	estradiol mouse uterus GSE56423 ligand:92	1.5542727064612723e-06	5.7570500885518365	76.9976827284521	PDGFRB;PPP1R14B;TPM4;TNFRSF12A;SPHK1;PGAM1;NME2;CKAP4;ACTG1;SRM;TUBA1C;C1QBP;CTSB	4.193298239306974e-06
SRRS_all_modules	135	Ligand_Perturbations_from_GEO_up	97	17beta-estradiol mouse thymus GDS1275 ligand:273	2.0216874480245295e-06	8.909132007233273	116.8127794475928	EIF5A;LSM7;TUBA1B;TMSB4X;THY1;PFN1;TMSB10;ACTB;ACTG1	5.398113907611888e-06
SRRS_all_modules	135	Ligand_Perturbations_from_GEO_up	98	interleukin-10 human PBMC GSE59184 ligand:142	2.0801838072716043e-06	6.1141338336460285	79.99154493862399	TUBA1C;PRELID1;TUBA1B;BASP1;CFL1;TGFBI;CALR;TIMP1;CD47;PDIA6;HIF1A;CTSB	5.497628633503525e-06
SRRS_all_modules	135	Ligand_Perturbations_from_GEO_up	99	TGF-beta human A549 epithelial cells GDS3710 ligand:252	2.514772527557964e-06	5.996932044792146	77.32041307540014	COL1A1;IL11;TAGLN;TNFRSF12A;SDC4;TNFAIP6;SPHK1;SERPINE1;ITGAV;INHBA;THBS1;MMP10	6.579051359974876e-06
SRRS_all_modules	135	Ligand_Perturbations_from_GEO_up	100	estradiol human breast epithelial cells GSE23500 ligand:130	2.5945164866763213e-06	5.977827050997782	76.88747138452541	COX8A;EIF5A;LSM7;PRDX4;SSR4;GSTP1;MIF;TIMP1;YBX1;S100A11;SERF2;NME1	6.7197977004916714e-06
SRRS_all_modules	135	Ligand_Perturbations_from_GEO_down	1	estradiol human endothelial cells GSE29881 ligand:129	2.343581295094722e-37	26.674811241610737	2249.8594314606858	TAGLN;GSTP1;PLOD2;ACTB;LDHB;TUBA1C;TUBA1B;BASP1;TUBB3;S100A16;CFL1;AP2S1;SH3BGRL3;TIMP1;TMSB10;S100A11;CTSB;CTHRC1;OST4;PPP1R14B;TPI1;TPM4;MIF;INHBA;PDIA6;CKAP4;RCN1;PKM;OSTC;COL5A2;KDELR2;TGFBI;ITGA5;CALR;P4HB;PPIB;PFN1;GAPDH;ENG	5.741774172982069e-35
SRRS_all_modules	135	Ligand_Perturbations_from_GEO_down	2	estradiol human breast epithelial cells GSE23500 ligand:130	4.119060585211363e-24	20.27169421487603	1091.5581021758462	ITGB1;CXCL8;SERPINE1;TNC;PLOD2;ENO1;THBS1;LGALS1;BASP1;TUBB3;S100A16;SEC61G;TMSB10;CTHRC1;PDGFRB;IL11;PPP1R14B;TNFRSF12A;TPM2;COL1A1;IL6;COL3A1;OSTC;COL5A2;COL6A3;P4HB;PFN1	4.798704313331233e-22
SRRS_all_modules	135	Ligand_Perturbations_from_GEO_down	3	Anti-Mullerian hormone rat ovary GDS3199 ligand:249	5.8759644653035505e-24	21.597598613283726	1155.2808626635278	SDC4;GSTP1;YBX1;ACTB;LGALS1;SEC61G;TMSB4X;CFL1;AP2S1;TIMP1;RABAC1;TMSB10;S100A11;AP2M1;SERF2;COX8A;EIF5A;TPI1;SSR4;NME2;MIF;COL1A1;PKM;BAMBI;PFN1;GAPDH	4.798704313331233e-22
SRRS_all_modules	135	Ligand_Perturbations_from_GEO_down	4	estradiol human endometrial cancer cells GSE56946 ligand:223	3.9440255168249255e-17	14.236362435609562	537.7322470100085	COX8A;PPP1R14B;TPI1;SSR4;BRI3;GSTP1;NME2;MIF;PDIA6;MZT2B;TUBA1C;PRDX4;LGALS1;TUBB3;GUK1;C1QBP;CALR;PPIB;RABAC1;TMSB10;GAPDH;SERF2	2.415715629055267e-15
SRRS_all_modules	135	Ligand_Perturbations_from_GEO_down	5	17beta-estradiol human U2OS osteosarcoma cell line GDS1094 ligand:44	2.5490801753369175e-16	13.999286005711955	502.65316831711874	TPI1;PGAM1;WNT5A;SERPINE1;INHBA;ENO1;HIF1A;ACTB;NME1;SRM;LDHB;PKM;TUBB3;CFL1;SH3BGRL3;VDAC1;TIMP1;TMSB10;GAPDH;S100A11;AP2M1	1.2490492859150896e-14
SRRS_all_modules	135	Ligand_Perturbations_from_GEO_down	6	17beta-estradiol mouse uterus GDS1058 ligand:32	5.918588316080141e-16	16.024017841825355	561.8543603583506	VKORC1;POSTN;TPI1;LUM;GSTP1;WNT5A;THY1;YBX1;PTMS;COL1A1;COL3A1;TMSB4X;COL5A2;TGFBI;RAC1;PPIB;RABAC1;TMSB10;S100A11	2.4167568957327243e-14
SRRS_all_modules	135	Ligand_Perturbations_from_GEO_down	7	Thyroid hormone human Endometrial cells GDS4987 ligand:168	8.971501744847815e-16	11.285965794768611	391.02833756498075	TAGLN;FLT1;GSTO1;GSTP1;SERPINE1;FN1;UQCR11;UQCR10;MIF;ENO1;MYL12A;ATOX1;ACTG1;LSM7;PRDX4;LGALS1;COL5A2;KDELR2;TGFBI;SEC61B;P4HB;GAPDH;AP2M1	3.038516990939268e-14
SRRS_all_modules	135	Ligand_Perturbations_from_GEO_down	8	interleukin-1 rat chondrocyte GDS2472 ligand:228	9.921688133679242e-16	12.044303797468354	416.0902081470058	PDGFRB;VKORC1;TAGLN;TPI1;TPM4;TPM2;MIF;ACTB;COL1A1;RCN3;TUBA1C;COL3A1;LGALS1;OSTC;COL5A2;KDELR2;SEC61B;PFN1;S100A11;AP2M1;SERF2;CTHRC1	3.038516990939268e-14
SRRS_all_modules	135	Ligand_Perturbations_from_GEO_down	9	testosterone human skeletal muscle GDS2920 ligand:62	6.951867625312672e-15	11.69677033492823	381.31197644013946	LUM;FN1;UQCR10;MIF;ACTB;ACTG1;COL1A1;EEF1B2;LDHB;TUBA1C;COL3A1;TUBA1B;PKM;TMSB4X;COL5A2;CFL1;COL6A3;PFN1;TMSB10;GAPDH;SERF2	1.7032075682016045e-13
SRRS_all_modules	135	Ligand_Perturbations_from_GEO_down	10	17beta-estradiol mouse uterus GDS1058 ligand:31	6.951867625312672e-15	11.69677033492823	381.31197644013946	TAGLN;POSTN;TPI1;TPM4;LUM;GSTO1;UQCR11;YBX1;MYL12A;ATOX1;TUBA1C;COL3A1;TUBA1B;LGALS1;PKM;CFL1;RAC1;PPIB;RABAC1;TMSB10;S100A11	1.7032075682016045e-13
SRRS_all_modules	135	Ligand_Perturbations_from_GEO_down	11	estradiol human endometrial cancer cells GSE56946 ligand:224	1.3269809544253911e-14	12.208820321022285	390.1119139986213	PPP1R14B;TNFRSF12A;BRI3;GSTP1;NME2;UQCR11;PDIA6;ACTB;MYL12A;ACTG1;LDHB;TUBA1C;LSM7;TUBA1B;PRDX4;GUK1;C1QBP;TMSB4X;CALR;SERF2	2.9555484894020075e-13
SRRS_all_modules	135	Ligand_Perturbations_from_GEO_down	12	17beta-estradiol human U2OS osteosarcoma cell line GDS1094 ligand:45	2.2304166554094386e-14	12.903475972856945	405.6079010593339	TPI1;TPM2;GSTP1;WNT5A;SERPINE1;UQCR10;INHBA;ENO1;HIF1A;NME1;SRM;EEF1B2;LDHB;RCN1;PKM;TUBB3;COTL1;TMSB10;S100A11	4.553767338127604e-13
SRRS_all_modules	135	Ligand_Perturbations_from_GEO_down	13	transforming growth factor-beta human fibroblasts GDS4574 ligand:18	3.6988648392317415e-14	13.737762237762238	424.8837817475168	LUM;ENO1;ACTB;MYL12A;ACTG1;EEF1B2;TGFBR3;TUBA1B;LGALS1;PKM;TUBB3;TMSB4X;CFL1;RAB13;SH3BGRL3;PPIB;TMSB10;GAPDH	6.970937581629051e-13
SRRS_all_modules	135	Ligand_Perturbations_from_GEO_down	14	Interleukin-1 human epidermal keratinocyte GDS3011 ligand:227	4.0605405531500693e-14	12.447641005078856	383.82145687616287	TAGLN;TNFRSF12A;GSTP1;YBX1;PDIA6;ACTB;NME1;SRM;LDHB;TUBA1B;PKM;GUK1;TMSB4X;CFL1;TGFBI;TIMP1;P4HB;GAPDH;AP2M1	7.105945968012621e-13
SRRS_all_modules	135	Ligand_Perturbations_from_GEO_down	15	estradiol human MCF-7 cells GSE23610 ligand:131	4.595681796192523e-14	13.550879613659882	416.16206900949385	COX8A;ARPC1B;ACTB;MYL12A;ATOX1;ACTG1;LGALS1;BAMBI;BASP1;S100A16;CFL1;RAB13;ITGAV;TIMP1;CD47;PFN1;TMSB10;S100A11	7.506280267114453e-13
SRRS_all_modules	135	Ligand_Perturbations_from_GEO_down	16	Interleukin-6 mouse macrophage (SOCS3 KO) GSE411 ligand:234	1.1336550360698112e-13	10.793650793650794	321.7388617556617	TPM4;LRP1;BRI3;GSTO1;ARPC1B;MYL12A;ATOX1;ACTG1;PTMS;TUBA1C;TUBA1B;PRDX4;LGALS1;GNG5;TUBB3;TMSB4X;PLIN2;ITGAV;TMSB10;S100A11	1.7359092739818984e-12
SRRS_all_modules	135	Ligand_Perturbations_from_GEO_down	17	estradiol mouse uterus GSE23072 ligand:78	2.4208696330841794e-13	9.01369574378424	261.8431686537886	PDGFRB;COX8A;TAGLN;POSTN;TPM4;LUM;TPM2;NME2;UQCR10;CKAP4;ACTG1;PTMS;COL1A1;LDHB;TUBA1C;LGALS1;SEC61G;C1QBP;TGFBI;SEC61B;P4HB;IL6ST	3.488900353562494e-12
SRRS_all_modules	135	Ligand_Perturbations_from_GEO_down	18	morphogenetic protein 4 (BMP-4) mouse C3H10T1/2 (10T1/2) stem cells committed to the adipocyte lineage GDS3025 ligand:8	3.5237650657974644e-13	10.108178053830228	289.8426674552918	TPM4;LRP1;LUM;MMP3;MYL12A;EEF1B2;TGFBR3;RCN3;COL3A1;PRDX4;BASP1;SEC61G;TMSB4X;COL6A3;IL6ST;PPIB;RABAC1;TMSB10;S100A11;CTSB	4.7962357840021046e-12
SRRS_all_modules	135	Ligand_Perturbations_from_GEO_down	19	17beta-estradiol human U2OS osteosarcoma cell line GDS1094 ligand:46	7.225223563672055e-13	11.378809869375907	318.10632768287195	TPI1;TPM2;WNT5A;SERPINE1;UQCR10;MIF;THY1;HIF1A;NME1;COL1A1;LDHB;RCN1;TUBB3;RAB13;COTL1;VDAC1;TMSB10;S100A11	9.316735647892913e-12
SRRS_all_modules	135	Ligand_Perturbations_from_GEO_down	20	estrogen mouse lungs from ovariectomized animals GDS960 ligand:49	2.627650089837314e-12	8.989966555183946	239.71683942458495	EIF5A;POSTN;TPM4;SDC4;GSTP1;SSR3;FN1;ACTG1;PTMS;COL1A1;LSM7;TUBA1B;LGALS1;S100A16;KDR;ITGA8;P4HB;RAC1;GAPDH;AP2M1	3.2188713600507095e-11
SRRS_all_modules	135	Ligand_Perturbations_from_GEO_down	21	17beta-estradiol mouse uterus GDS1058 ligand:34	4.34247265653459e-12	11.07909604519774	289.85770551697186	VKORC1;POSTN;LUM;BRI3;THY1;YBX1;ACTB;PTMS;COL1A1;COL3A1;TUBA1B;TMSB4X;COL5A2;CFL1;TGFBI;RABAC1;TMSB10	5.066218099290355e-11
SRRS_all_modules	135	Ligand_Perturbations_from_GEO_down	22	17beta-estradiol mouse uterus GDS1058 ligand:37	6.01289167368906e-12	11.95117685083083	308.78393473630763	VKORC1;GSTP1;SSR3;ACTB;PTMS;SRM;COL1A1;TUBA1C;TUBA1B;PRDX4;LGALS1;PKM;TUBB3;CFL1;TGFBI;ENG	6.696174818426453e-11
SRRS_all_modules	135	Ligand_Perturbations_from_GEO_down	23	estradiol mouse uterus GSE23241 ligand:148	7.039186245762039e-12	9.833584715937658	252.52181938831046	COX8A;TAGLN;LUM;GSTO1;TPM2;UQCR11;UQCR10;THY1;YBX1;COL1A1;RCN3;LDHB;COL3A1;LGALS1;TMSB4X;SH3BGRL3;TGFBI;RABAC1	7.498263609616085e-11
SRRS_all_modules	135	Ligand_Perturbations_from_GEO_down	24	estradiol mouse urogenital sinus mesenchymal cells GSE16854 ligand:152	8.17176285521877e-12	10.61498024722824	271.00401721291144	POSTN;LUM;GSTP1;FN1;NME2;ACTB;WISP1;RCN3;LDHB;COL3A1;TUBA1B;LGALS1;BASP1;TMSB4X;COL5A2;SH3BGRL3;TIMP1	8.342007914702495e-11
SRRS_all_modules	135	Ligand_Perturbations_from_GEO_down	25	estradiol human endometrial cancer cells GSE56946 ligand:218	1.4178567438858882e-11	10.225159665929747	255.4172247756033	TNFRSF12A;ARPC1B;GSTP1;ENO1;PDIA6;ACTB;MYL12A;ACTG1;PTMS;TUBA1C;TUBA1B;LGALS1;GUK1;P4HB;RABAC1;GAPDH;SERF2	1.3894996090081706e-10
SRRS_all_modules	135	Ligand_Perturbations_from_GEO_down	26	17beta-estradiol mouse stomach GSE29715 ligand:128	2.89235122080939e-11	10.679005205320994	259.14065182224914	TNFRSF12A;CCL20;ARPC1B;GSTP1;ACTG1;TUBA1C;GNG5;SEC61G;TMSB4X;SH3BGRL3;PLIN2;P4HB;TMSB10;GAPDH;S100A11;CTSB	2.64350699669367e-10
SRRS_all_modules	135	Ligand_Perturbations_from_GEO_down	27	leptin mouse gallbladder GDS1509 ligand:278	2.913252608601187e-11	8.969001148105626	217.58048619065733	EIF5A;TAGLN;TPM4;TNFRSF12A;PGAM1;NME2;UQCR11;MYL12A;ACTG1;TUBA1B;LGALS1;C1QBP;CFL1;VDAC1;PLIN2;P4HB;PFN1;GAPDH	2.64350699669367e-10
SRRS_all_modules	135	Ligand_Perturbations_from_GEO_down	28	interleukin-13 human esophageal epithelial cells GDS3223 ligand:205	3.279782863757451e-11	9.656982818667286	233.1259272899847	SDC4;CCL20;ARPC1B;SERPINE1;FN1;MIF;ACTB;CKAP4;ACTG1;TUBA1C;TUBA1B;LGALS1;S100A16;TGFBI;GAPDH;S100A11;CTSB	2.8698100057877697e-10
SRRS_all_modules	135	Ligand_Perturbations_from_GEO_down	29	Calcitriol mouse Spinal cord tissue GDS510 ligand:167	3.878551951366446e-11	11.587853773584905	277.79531893765045	ITGB1;TPI1;LRP1;SDC4;THY1;PTMS;EEF1B2;LDHB;TUBA1C;TUBA1B;TUBB3;CFL1;PFN1;GAPDH;AP2M1	3.276707683050963e-10
SRRS_all_modules	135	Ligand_Perturbations_from_GEO_down	30	estradiol human endometrial cancer cells GSE56946 ligand:220	6.02966186445276e-11	8.553144860837168	201.27042457720063	COX8A;BRI3;GSTO1;NME2;PDIA6;ACTB;MYL12A;ACTG1;PTMS;LDHB;BASP1;OSTC;C1QBP;TMSB4X;SH3BGRL3;SEC61B;P4HB;GAPDH	4.924223855969754e-10
SRRS_all_modules	135	Ligand_Perturbations_from_GEO_down	31	growth hormone mouse 3T3-F442A adipocytes GDS1489 ligand:12	6.255487589630736e-11	9.239233120311198	217.07556901329082	ITGB1;POSTN;TPI1;LRP1;ARPC1B;PGAM1;GSTP1;MMP3;HIF1A;THBS1;TUBA1C;COL3A1;PKM;CFL1;PLIN2;GAPDH;S100A11	4.943853095030742e-10
SRRS_all_modules	135	Ligand_Perturbations_from_GEO_down	32	Interleukin 1&Icirc;&sup2; rat insulinoma cell line GDS4332 ligand:188	8.187470443716681e-11	9.906615277690024	230.08937253774073	COX8A;EIF5A;PRELID1;TPM4;SSR4;NME2;MIF;ENO1;ACTB;TUBA1C;PKM;CFL1;PFN1;RABAC1;IL6R;GAPDH	6.207833265212396e-10
SRRS_all_modules	135	Ligand_Perturbations_from_GEO_down	33	interleukin-2 mouse Cytotoxic T cell line GDS3222 ligand:210	8.361571336816697e-11	12.241446725317694	284.06019632838434	EIF5A;GSTO1;ARPC1B;THY1;ACTG1;LGALS1;SEC61G;TMSB4X;CFL1;SH3BGRL3;PPIB;PFN1;RABAC1;TMSB10	6.207833265212396e-10
SRRS_all_modules	135	Ligand_Perturbations_from_GEO_down	34	Interleukin-6 mouse macrophage (SOCS3 KO) GSE411 ligand:233	9.092722396449794e-11	9.831681926501943	227.31794093520742	LRP1;BRI3;ARPC1B;YBX1;ACTB;ATOX1;PTMS;TUBA1C;TUBA1B;PKM;BASP1;TMSB4X;CFL1;PLIN2;RABAC1;GAPDH	6.552108785677058e-10
SRRS_all_modules	135	Ligand_Perturbations_from_GEO_down	35	17beta-estradiol mouse uterus GSE1839 ligand:157	9.613949926147978e-11	8.970285004858038	206.90160483130245	VKORC1;ITGB1;POSTN;TPM4;GSTP1;WNT5A;THY1;HIF1A;SRM;TUBA1C;LSM7;COL3A1;TUBA1B;LGALS1;TGFBI;RAC1;ENG	6.729764948303585e-10
SRRS_all_modules	135	Ligand_Perturbations_from_GEO_down	36	estrogen mouse right lung from ovariectomized animals GDS960 ligand:50	1.1545520728209474e-10	8.19630096679277	187.5488937207155	PDGFRB;TAGLN;SSR3;FN1;YBX1;ACTB;ACTG1;COL1A1;COL3A1;TMSB4X;KDR;ITGA8;CALR;P4HB;CD47;RAC1;GAPDH;S100A11	7.857368273364781e-10
SRRS_all_modules	135	Ligand_Perturbations_from_GEO_down	37	neuromedin U mouse type-2 Th cell line D10.G4.1 GDS882 ligand:22	3.096633478979282e-10	8.273305084745763	181.14844421798182	PPP1R14B;TPI1;GSTO1;GSTP1;SSR3;HIF1A;MYL12A;PTMS;TUBA1C;TUBA1B;PKM;GNG5;CFL1;CD47;RAC1;RABAC1;GAPDH	2.05047351986466e-09
SRRS_all_modules	135	Ligand_Perturbations_from_GEO_down	38	interleukin-2 mouse Cytotoxic T cell line GDS3222 ligand:203	3.2327093979071127e-10	8.248620706794572	180.253234105284	BRI3;GSTP1;SSR3;THY1;PTMS;TUBA1B;LGALS1;GNG5;SEC61G;C1QBP;AP2S1;VDAC1;PLIN2;CALR;PPIB;RABAC1;S100A11	2.0842468486506384e-09
SRRS_all_modules	135	Ligand_Perturbations_from_GEO_down	39	estradiol mouse uterus GSE23072 ligand:77	4.717027970367524e-10	7.467485133320545	160.36179387277915	PDGFRB;PPP1R14B;SDC4;LUM;TPM2;SPHK1;GSTP1;THY1;YBX1;CKAP4;ACTG1;PTMS;LDHB;TUBA1C;C1QBP;VDAC1;TGFBI;P4HB	2.963261160871906e-09
SRRS_all_modules	135	Ligand_Perturbations_from_GEO_down	40	Interleukin 1&Icirc;&sup2; rat insulinoma cell line GDS4332 ligand:191	6.309334897648958e-10	9.352576335877863	198.12329984033028	COX8A;EIF5A;PRELID1;PPP1R14B;TPM4;MIF;ACTB;PTMS;TUBA1C;PKM;CFL1;VDAC1;PFN1;RABAC1;GAPDH	3.864467624809986e-09
SRRS_all_modules	135	Ligand_Perturbations_from_GEO_down	41	estradiol human endometrial cancer cells GSE56946 ligand:217	7.433009798025026e-10	10.237584692130147	215.19321189767646	PPP1R14B;TPI1;BRI3;ARPC1B;ENO1;PDIA6;ACTB;TUBA1C;TUBA1B;LGALS1;P4HB;PFN1;GAPDH;SERF2	4.441676586624711e-09
SRRS_all_modules	135	Ligand_Perturbations_from_GEO_down	42	estradiol human endometrial cancer cells GSE56946 ligand:226	1.0623138370835142e-09	7.590815391662849	156.84762508788157	PPP1R14B;TPI1;ENO1;PDIA6;ACTB;MYL12A;PSMA7;ACTG1;NME1;PTMS;LDHB;TUBA1C;PRDX4;C1QBP;COTL1;P4HB;PPIB	6.196830716320499e-09
SRRS_all_modules	135	Ligand_Perturbations_from_GEO_down	43	17beta-estradiol mouse uterus GDS1058 ligand:36	1.3666206211442402e-09	8.807104316546763	179.7611443011004	ITGB1;POSTN;GSTP1;THY1;ACTB;SRM;TUBA1C;LSM7;TUBA1B;LGALS1;PKM;TUBB3;CFL1;TGFBI;ENG	7.786559353031137e-09
SRRS_all_modules	135	Ligand_Perturbations_from_GEO_down	44	Interleukin-1 beta mouse embryonic fibroblasts from IRAK-4 kinase deficient mutants GDS2641 ligand:60	1.4932805415839398e-09	9.664849657112713	196.41188170795513	LRP1;TPM2;PGAM1;THBS1;CKAP4;COL1A1;EEF1B2;LGALS1;SH3BGRL3;SEC61B;P4HB;TMSB10;GAPDH;AP2M1	8.314857561092392e-09
SRRS_all_modules	135	Ligand_Perturbations_from_GEO_down	45	Interleukin 1&Icirc;&sup2; rat insulinoma cell line (Pdx1 overexpression) GDS4332 ligand:204	2.2616298762265237e-09	8.46712802768166	168.55664257190168	VKORC1;TPM4;SSR4;GSTO1;NME2;MIF;ENO1;YBX1;ACTB;NME1;EEF1B2;TUBA1C;PKM;CFL1;GAPDH	1.2313318215011075e-08
SRRS_all_modules	135	Ligand_Perturbations_from_GEO_down	46	neuromedin U mouse type-2 Th cell line D10.G4.1 GDS882 ligand:19	3.4337761826118398e-09	10.070184426229508	196.263919296855	ARPC1B;YBX1;ACTB;PSMA7;TUBA1C;TUBA1B;LGALS1;GNG5;BASP1;OSTC;RAC1;PPIB;GAPDH	1.8249462917906092e-08
SRRS_all_modules	135	Ligand_Perturbations_from_GEO_down	47	17beta-estradiol mouse uterus GDS1058 ligand:33	3.5009173760881076e-09	9.005050505050505	175.33050170754453	VKORC1;POSTN;LUM;BRI3;THY1;PTMS;COL1A1;COL3A1;TMSB4X;COL5A2;TGFBI;CD47;RABAC1;TMSB10	1.8249462917906092e-08
SRRS_all_modules	135	Ligand_Perturbations_from_GEO_down	48	Interleukin 1&Icirc;&sup2; rat insulinoma cell line GDS4332 ligand:182	5.36134582063837e-09	8.690541781450872	165.50311923013493	COX8A;EIF5A;PRELID1;UQCR11;ACTB;PSMA7;TUBA1C;SEC61G;CFL1;KDELR2;VDAC1;PFN1;IL6R;GAPDH	2.7365202626175014e-08
SRRS_all_modules	135	Ligand_Perturbations_from_GEO_down	49	interleukin-15 human PBMC GSE59184 ligand:144	6.446341877861381e-09	8.557617339778576	161.3945494486276	FN1;YBX1;ACTB;EEF1B2;LGALS1;GNG5;CFL1;COTL1;SH3BGRL3;ITGAV;TGFBI;TIMP1;GAPDH;ENG	3.223170938930691e-08
SRRS_all_modules	135	Ligand_Perturbations_from_GEO_down	50	Interleukin-1 beta mouse embryonic fibroblasts from IRAK-4 kinase deficient mutants GDS2641 ligand:59	7.156911971267702e-09	7.732990506329114	145.03368485537453	TAGLN;TPM4;LRP1;TNFAIP6;BRI3;TPM2;THBS1;CKAP4;ACVR2A;NME1;EEF1B2;TUBA1B;COL5A2;SEC61B;S100A11	3.506886865921174e-08
SRRS_all_modules	135	Ligand_Perturbations_from_GEO_down	51	retinoic acid mouse CD4+ T cells pooled from spleen and mesenteric/peripheral lymph nodes GDS3840 ligand:73	9.574006497697606e-09	10.378378378378379	191.6286000497615	EEF1B2;EIF5A;PKM;BASP1;C1QBP;PGAM1;TMSB4X;TIMP1;GAPDH;ACTB;NME1;SRM	4.548059665616465e-08
SRRS_all_modules	135	Ligand_Perturbations_from_GEO_down	52	estradiol human endometrial cancer cells GSE56946 ligand:225	9.653024596410456e-09	8.272727272727273	152.68140938483904	PPP1R14B;TPI1;BRI3;NME2;ENO1;NME1;LDHB;TUBA1C;LSM7;TUBA1B;PRDX4;SH3BGRL3;P4HB;GAPDH	4.548059665616465e-08
SRRS_all_modules	135	Ligand_Perturbations_from_GEO_down	53	Interleukin-6 mouse macrophage GSE411 ligand:230	1.0538304385485294e-08	8.211941549886214	150.83898864825878	LRP1;BRI3;ARPC1B;YBX1;PTMS;LGALS1;PKM;TUBB3;CFL1;PLIN2;PPIB;GAPDH;AP2M1;CTSB	4.8714803291394286e-08
SRRS_all_modules	135	Ligand_Perturbations_from_GEO_down	54	Interleukin 1&Icirc;&sup2; rat insulinoma cell line GDS4332 ligand:184	1.2005078860529311e-08	8.12239699043218	148.13575678935365	EIF5A;PRELID1;TPM4;SSR4;ACTB;TUBA1C;CFL1;KDELR2;VDAC1;PFN1;RABAC1;IL6R;GAPDH;AP2M1	5.446748742277188e-08
SRRS_all_modules	135	Ligand_Perturbations_from_GEO_down	55	estradiol human estrogen receptor (ER)-positive MCF7 breast cancer cells GDS3217 ligand:39	1.9555882730299117e-08	9.690564178369057	172.00741424526527	TUBA1C;LGALS1;GNG5;BAMBI;BASP1;S100A16;TMSB4X;ENO1;TMSB10;GAPDH;ACTB;ACTG1	8.711256852587788e-08
SRRS_all_modules	135	Ligand_Perturbations_from_GEO_down	56	17beta-estradiol rat ischemic cerebral cortex GDS2311 ligand:263	2.5398601875571853e-08	9.449477351916377	165.25786227878035	COX8A;TUBA1C;TUBA1B;MAP2K2;LGALS1;TPI1;PKM;GUK1;TMSB4X;CFL1;UQCR11;ENO1	1.1111888320562686e-07
SRRS_all_modules	135	Ligand_Perturbations_from_GEO_down	57	Interleukin-6 mouse macrophage GSE411 ligand:232	4.406501742313551e-08	7.274746884217799	123.21675009808729	LRP1;BRI3;ARPC1B;YBX1;ACTG1;PTMS;PRDX4;LGALS1;PKM;TUBB3;PLIN2;CD47;TMSB10;ENG	1.894022678713719e-07
SRRS_all_modules	135	Ligand_Perturbations_from_GEO_down	58	17beta-estradiol mouse uterus GSE6931 ligand:86	4.85173894086506e-08	7.941968459764383	133.75341936369966	VKORC1;LUM;BRI3;GSTP1;THY1;ACVR2B;ACTB;ATOX1;PTMS;TUBA1B;TGFBI;RABAC1;TMSB10	2.0494414491585168e-07
SRRS_all_modules	135	Ligand_Perturbations_from_GEO_down	59	nitric oxide human CD3+ T cells GDS4188 ligand:280	5.140350773413679e-08	6.135321734327534	102.97253690705803	ARPC1B;YBX1;ACTB;NME1;EEF1B2;LDHB;TUBA1C;TUBA1B;OSTC;C1QBP;TMSB4X;CFL1;SEC61B;PPIB;TMSB10;SERF2	2.134552439807375e-07
SRRS_all_modules	135	Ligand_Perturbations_from_GEO_down	60	interleukin-4 human PBMC GSE59184 ligand:146	7.059258542763671e-08	7.6756569431051105	126.38998247679753	ACVR1;CXCL8;TNFAIP6;GSTO1;FN1;PTGS2;HIF1A;THBS1;CKAP4;PKM;RAB13;GAPDH;ENG	2.882530571628499e-07
SRRS_all_modules	135	Ligand_Perturbations_from_GEO_down	61	triiodothyronine (T3) human HepG2 cells GDS3945 ligand:69	8.30292705160711e-08	7.562871228320266	123.30560183189237	ITGB1;PRELID1;CCL20;SPHK1;ACTB;ACTG1;TGFBR3;TUBA1C;PKM;GNG5;CALR;TMSB10;CTSB	3.3347821764651503e-07
SRRS_all_modules	135	Ligand_Perturbations_from_GEO_down	62	growth hormone mouse 3T3-F442A adipocytes GDS1489 ligand:10	9.96014374503711e-08	6.258354755784062	100.89775386975195	VKORC1;BRI3;GSTO1;GSTP1;SSR3;FN1;PDIA6;ATOX1;COL1A1;GNG5;COL6A3;RAC1;RABAC1;GAPDH;CTSB	3.935863254087245e-07
SRRS_all_modules	135	Ligand_Perturbations_from_GEO_down	63	triiodothyronine (T3) human HepG2 cells GDS3945 ligand:70	1.139776303900023e-07	7.346830985915493	117.45572383492464	CCL20;YBX1;PDIA6;THBS1;ACTB;ACTG1;SRM;TGFBR3;PKM;BAMBI;SEC61B;TMSB10;GAPDH	4.432463404055645e-07
SRRS_all_modules	135	Ligand_Perturbations_from_GEO_down	64	17beta-estradiol mouse mammary gland GSE6931 ligand:87	2.2416270858567502e-07	6.322476097877168	96.80275927305604	VKORC1;ITGB1;TAGLN;BRI3;GSTO1;ACTB;ACTG1;PTMS;GNG5;PLIN2;RAC1;RABAC1;S100A11;ENG	8.581228688045372e-07
SRRS_all_modules	135	Ligand_Perturbations_from_GEO_down	65	estradiol human endometrial cancer cells GSE56946 ligand:222	2.9267031116553904e-07	7.443484862864193	111.9814169905855	COX8A;MZT2B;OST4;LSM7;TUBA1B;LGALS1;BRI3;GUK1;COTL1;UQCR10;MIF;SERF2	1.1031419420854933e-06
SRRS_all_modules	135	Ligand_Perturbations_from_GEO_down	66	EPO human CD34+ derived erythoblast GDS4557 ligand:165	3.705625011504671e-07	7.271445794305852	107.67734146339927	COX8A;EEF1B2;LDHB;SSR4;TMSB4X;AP2S1;UQCR11;TIMP1;YBX1;PFN1;GAPDH;AP2M1	1.37557292093734e-06
SRRS_all_modules	135	Ligand_Perturbations_from_GEO_down	67	interleukin-10 human PBMC GSE59184 ligand:142	3.8520105611343894e-07	7.243532889874353	106.98336202522893	EEF1B2;EIF5A;CXCL8;TNFAIP6;GSTP1;TMSB4X;FN1;SH3BGRL3;YBX1;TMSB10;THBS1;ACVR2A	1.408571026086456e-06
SRRS_all_modules	135	Ligand_Perturbations_from_GEO_down	68	Interleukin-1 beta mouse embryonic fibroblasts GDS2641 ligand:57	4.356780690446381e-07	5.964799510254056	87.36261431663486	IL11;TPM4;TNFAIP6;TPM2;SERPINE1;NME2;CKAP4;WISP1;TUBA1B;PRDX4;C1QBP;COL5A2;TGFBI;P4HB	1.5697224546461226e-06
SRRS_all_modules	135	Ligand_Perturbations_from_GEO_down	69	interleukin-33 mouse CD8 T cells GSE72791 ligand:237	6.006355718691473e-07	5.393055555555556	77.25701716857635	EIF5A;PRELID1;TPI1;ARPC1B;GSTP1;SSR3;MYL12A;EEF1B2;PKM;COTL1;AP2S1;PPIB;PFN1;RABAC1;SERF2	2.132691523303494e-06
SRRS_all_modules	135	Ligand_Perturbations_from_GEO_down	70	estrogen mouse left lung from ovariectomized animals GDS960 ligand:51	9.990478844071608e-07	6.585365853658536	90.98646449558318	TUBA1B;S100A16;BRI3;SH3BGRL3;P4HB;YBX1;ACTB;S100A11;ATOX1;ACTG1;ENG;PTMS	3.496667595425063e-06
SRRS_all_modules	135	Ligand_Perturbations_from_GEO_down	71	Thyroid hormone mouse Cerebellar neuronal cell GDS4484 ligand:169	1.0688560084363225e-06	7.284586313942502	100.15520635509802	TUBA1B;LGALS1;TPM4;BASP1;TUBB3;MMP3;COL6A3;TMSB10;S100A11;ACTG1;NME1	3.6883059446042113e-06
SRRS_all_modules	135	Ligand_Perturbations_from_GEO_down	72	17beta-estradiol human MCF-7 cells GSE11791 ligand:153	1.1114869839248094e-06	7.253864247311828	99.44911375480116	PKM;GNG5;TNFRSF12A;SDC4;S100A16;CFL1;RAB13;AP2S1;TMSB10;GAPDH;ACTB	3.7821432091885873e-06
SRRS_all_modules	135	Ligand_Perturbations_from_GEO_down	73	3beta-Adiol(17beta-diol) human MCF7cells GSE33287 ligand:80	1.5678056043039676e-06	6.988470009068532	93.4067274035448	FKBP11;PKM;BASP1;TPM2;WNT5A;COL5A2;PLOD2;TGFBI;ITGA5;YBX1;MMP10	5.261813329513316e-06
SRRS_all_modules	135	Ligand_Perturbations_from_GEO_down	74	fibroblast growth factor 2 (FGF2) human embryonic fibroblast GDS2422 ligand:9	1.8866226653141332e-06	6.8491554483108965	90.2768157959197	LGALS1;TPI1;BASP1;SEC61G;GSTP1;PDPN;UQCR10;TMSB10;GAPDH;ATOX1;NME1	6.246250716242739e-06
SRRS_all_modules	135	Ligand_Perturbations_from_GEO_down	75	triiodothyronine (T3) human HepG2 cells GDS3945 ligand:68	2.104107774846937e-06	6.768168695870465	88.47092279502893	TGFBR3;TUBA1C;BAMBI;OSTC;SPHK1;ITGAV;ENO1;P4HB;YBX1;THBS1;ACTB	6.873418731166661e-06
SRRS_all_modules	135	Ligand_Perturbations_from_GEO_down	76	Interleukin-21 mouse CD8+ T cells GDS1030 ligand:231	2.514772527557964e-06	5.996932044792146	77.32041307540014	LSM7;TUBA1B;LGALS1;TPM4;BRI3;TMSB4X;COTL1;SH3BGRL3;CALR;THY1;RABAC1;TMSB10	8.106832490153963e-06
SRRS_all_modules	135	Ligand_Perturbations_from_GEO_down	77	estradiol mouse uterus GSE56423 ligand:92	3.197588754535678e-06	7.2774074074074075	92.08186224934359	COL1A1;LDHB;TAGLN;COL3A1;LUM;GSTO1;TMSB4X;PLIN2;TGFBI;RABAC1	9.955379770992442e-06
SRRS_all_modules	135	Ligand_Perturbations_from_GEO_down	78	neuromedin U mouse type-2 Th cell line D10.G4.1 GDS882 ligand:20	3.210102048605726e-06	6.462285645760883	81.74279419318783	TUBA1C;TPI1;PKM;ARPC1B;GSTP1;CFL1;CD47;RAC1;RABAC1;GAPDH;MYL12A	9.955379770992442e-06
SRRS_all_modules	135	Ligand_Perturbations_from_GEO_down	79	triiodothyronine (T3) human HepG2 cells GDS3945 ligand:66	3.210102048605726e-06	6.462285645760883	81.74279419318783	TGFBR3;TUBA1B;SPHK1;ENO1;CALR;P4HB;PPIB;PDIA6;TMSB10;GAPDH;THBS1	9.955379770992442e-06
SRRS_all_modules	135	Ligand_Perturbations_from_GEO_down	80	estradiol human endometrial cancer cells GSE56946 ligand:221	3.933509166210965e-06	6.319354838709677	78.650555169818	MZT2B;LDHB;TUBA1C;LSM7;TPI1;BASP1;BRI3;GSTP1;MIF;PDIA6;GAPDH	1.204637182152108e-05
SRRS_all_modules	135	Ligand_Perturbations_from_GEO_down	81	17beta-estradiol human MCF-7 cells GSE5840 ligand:83	4.204475521391946e-06	6.273087224874811	77.65681133928486	EEF1B2;GNG5;SDC4;BASP1;S100A16;ARPC1B;RAB13;ITGAV;TIMP1;S100A11;MYL12A	1.2717240774580577e-05
SRRS_all_modules	135	Ligand_Perturbations_from_GEO_down	82	Interleukin 1&Icirc;&sup2; rat insulinoma cell line (Pdx1 overexpression) GDS4332 ligand:200	4.641548736730251e-06	6.204925115207374	76.19934999374671	VKORC1;PPP1R14B;TPM4;GSTO1;CFL1;KDELR2;VDAC1;GAPDH;ACTB;AP2M1;ACTG1	1.3868041957303798e-05
SRRS_all_modules	135	Ligand_Perturbations_from_GEO_down	83	estradiol human estrogen receptor (ER)-positive MCF7 breast cancer cells GDS3217 ligand:40	4.795816617354699e-06	6.182527838365285	75.72215770332454	BAMBI;BASP1;S100A16;TMSB4X;ITGAV;ENO1;TMSB10;ACTB;S100A11;MYL12A;ACTG1	1.415632615966146e-05
SRRS_all_modules	135	Ligand_Perturbations_from_GEO_down	84	estradiol mouse uterus GSE24525 ligand:139	5.016332817671246e-06	5.585866533152135	68.16327584104464	RCN3;VKORC1;LDHB;TAGLN;LUM;TPM2;GSTP1;TMSB4X;TGFBI;THY1;YBX1;RABAC1	1.46309707182078e-05
SRRS_all_modules	135	Ligand_Perturbations_from_GEO_down	85	Interleukin-1 beta mouse embryonic fibroblasts GDS2641 ligand:58	5.162782573000706e-06	5.569248324062188	67.80022327167617	PDGFRB;TUBA1B;PRDX4;PKM;TPM4;TPM2;WNT5A;COL5A2;P4HB;TMSB10;ACVR2A;SERF2	1.488096153394321e-05
SRRS_all_modules	135	Ligand_Perturbations_from_GEO_down	86	interleukin-2 mouse Cytotoxic T cell line GDS3222 ligand:211	6.536309034356282e-06	6.682553191489362	79.777241655371	LGALS1;PKM;TMSB4X;CFL1;SH3BGRL3;THY1;PPIB;RABAC1;S100A11;ACTG1	1.862088038857313e-05
SRRS_all_modules	135	Ligand_Perturbations_from_GEO_down	87	17beta-estradiol mouse thymus GSE2889 ligand:156	7.02040116823405e-06	6.62548523206751	78.622580641071	LDHB;OSTC;SEC61G;TMSB4X;NME2;ENO1;GAPDH;ACTB;MYL12A;PSMA7	1.9770095243877498e-05
SRRS_all_modules	135	Ligand_Perturbations_from_GEO_down	88	interleukin-12 mouse CD8 T cells GSE72791 ligand:236	7.482521888239865e-06	4.945381274697758	58.37004178551048	PRELID1;TPI1;ARPC1B;GSTP1;SSR3;THY1;MYL12A;PKM;COTL1;AP2S1;SH3BGRL3;RABAC1;GAPDH	2.0832021166122352e-05
SRRS_all_modules	135	Ligand_Perturbations_from_GEO_down	89	Interleukin 1&Icirc;&sup2; rat insulinoma cell line (Pdx1 overexpression) GDS4332 ligand:202	1.2968432933057712e-05	6.152156862745098	69.23017435466551	VKORC1;TPI1;TPM4;GSTO1;OSTC;MIF;ENO1;GAPDH;ACTB;ACTG1	3.569961874830494e-05
SRRS_all_modules	135	Ligand_Perturbations_from_GEO_down	90	estradiol (E2) mouse uterine tissue GSE61921 ligand:288	1.6246847782897544e-05	5.985648854961832	66.00741104935673	COL1A1;EEF1B2;LDHB;TAGLN;COL3A1;LUM;BAMBI;PLIN2;TGFBI;THY1	4.422753007566554e-05
SRRS_all_modules	135	Ligand_Perturbations_from_GEO_down	91	Interleukin 1&Icirc;&sup2; rat insulinoma cell line GDS4332 ligand:186	1.7856605985667648e-05	5.916981132075471	64.69116555032402	EIF5A;TPM4;SSR4;CFL1;KDELR2;MIF;PFN1;RABAC1;GAPDH;ACTB	4.8075477653720596e-05
SRRS_all_modules	135	Ligand_Perturbations_from_GEO_down	92	aldosterone mouse inner medullary collecting duct cell line mIMCD-3 GDS345 ligand:279	1.8422826203012307e-05	5.894436090225564	64.26067133552218	TUBA1C;PRELID1;TUBA1B;GNG5;PGAM1;GSTP1;PLIN2;GAPDH;S100A11;ACTG1	4.9060787171065386e-05
SRRS_all_modules	135	Ligand_Perturbations_from_GEO_down	93	triiodothyronine (T3) human HepG2 cells GDS3945 ligand:71	2.3535873417168e-05	5.72	60.95795289803706	TGFBR3;CFL1;AP2S1;ENO1;P4HB;PDIA6;AP2M1;PSMA7;CTSB;SRM	6.200310738931354e-05
SRRS_all_modules	135	Ligand_Perturbations_from_GEO_down	94	TGF-beta1 mouse renal mesangial MES-13 cells GDS1892 ligand:15	2.498963870600131e-05	5.677971014492754	60.16973859855462	COX8A;TGFBR3;VKORC1;OST4;TUBA1B;TPI1;SEC61G;GSTP1;UQCR10;GAPDH	6.513256896776937e-05
SRRS_all_modules	135	Ligand_Perturbations_from_GEO_down	95	17beta-estradiol mouse vagina GSE6931 ligand:88	3.6195873497474664e-05	6.0978260869565215	62.35981750422231	POSTN;BRI3;TMSB4X;THY1;CD47;YBX1;TMSB10;S100A11;PTMS	9.31734825447494e-05
SRRS_all_modules	135	Ligand_Perturbations_from_GEO_down	96	17beta-estradiol mouse thymus GDS1275 ligand:272	3.65087931603916e-05	4.527853774957797	46.26541706693198	COX8A;EEF1B2;LDHB;LGALS1;TPI1;OSTC;TNC;GAPDH;S100A11;PSMA7;NME1;SRM	9.31734825447494e-05
SRRS_all_modules	135	Ligand_Perturbations_from_GEO_down	97	neuromedin U mouse type-2 Th cell line D10.G4.1 GDS882 ligand:21	5.803021309907931e-05	5.720116618075802	55.79714506683672	TUBA1C;PPP1R14B;GSTP1;UQCR10;SEC61B;CD47;RAC1;RABAC1;HIF1A	0.0001465711567966436
SRRS_all_modules	135	Ligand_Perturbations_from_GEO_down	98	estradiol mouse BAL cells GSE52649 ligand:95	6.114864902511714e-05	5.07974025974026	49.28467011482682	TUBA1B;LGALS1;TPI1;BRI3;ARPC1B;PLIN2;MIF;PFN1;ACTB;ACTG1	0.00015287162256279286
SRRS_all_modules	135	Ligand_Perturbations_from_GEO_down	99	interleukin-2 mouse Cytotoxic T cell line GDS3222 ligand:215	6.510256468747742e-05	6.454396325459317	62.21745424065344	EEF1B2;TMSB4X;CFL1;SH3BGRL3;PLIN2;TMSB10;S100A11;ACTG1	0.00016111240755991888
SRRS_all_modules	135	Ligand_Perturbations_from_GEO_down	100	estriol mouse uterus GSE23241 ligand:150	7.151503530481664e-05	5.559240362811791	53.06630063100818	COL1A1;VKORC1;LDHB;LUM;TPM2;PLIN2;TGFBI;THY1;RABAC1	0.0001752118364968008
SRRS_all_modules	135	LINCS_L1000_Ligand_Perturbations_up	1	TNFA-MDAMB231	5.357963102911664e-10	13.64746583636049	291.33609769898237	IL6;SDC4;TNFAIP6;CCL20;SERPINE1;FN1;INHBA;CD47;IL6ST;PTGS2;MMP10;CTSB	5.036485316736964e-08
SRRS_all_modules	135	LINCS_L1000_Ligand_Perturbations_up	2	IL1-HS578T	5.11348653378207e-09	12.774193548387096	243.87703903817294	IL6;SDC4;TNFAIP6;BAMBI;CCL20;WNT5A;MMP3;INHBA;PTGS2;THBS1;CTSB	2.0899545168517765e-07
SRRS_all_modules	135	LINCS_L1000_Ligand_Perturbations_up	3	IL1-MDAMB231	6.771187404567953e-09	12.40928849233585	233.4260302440735	IL6;SDC4;TNFAIP6;CCL20;WNT5A;SERPINE1;PLOD2;INHBA;CD47;PTGS2;MMP10	2.0899545168517765e-07
SRRS_all_modules	135	LINCS_L1000_Ligand_Perturbations_up	4	EPR-SKBR3	8.893423475965007e-09	12.064516129032258	223.65144224101635	EIF5A;ITGB1;IL6;LGALS1;TNFRSF12A;BASP1;SERPINE1;TGFBI;INHBA;TIMP1;THBS1	2.0899545168517765e-07
SRRS_all_modules	135	LINCS_L1000_Ligand_Perturbations_up	5	HBEGF-HS578T	9.442800552140232e-08	10.956111111111111	177.21978796213963	EIF5A;COL3A1;TNFRSF12A;SDC4;TNFAIP6;SPHK1;SERPINE1;FN1;PTGS2;THBS1	1.572416322326361e-06
SRRS_all_modules	135	LINCS_L1000_Ligand_Perturbations_up	6	BFGF-HS578T	1.003669992974273e-07	10.88	175.32502425062566	IL11;TNFRSF12A;SPHK1;SERPINE1;TNC;COL6A3;TGFBI;INHBA;PTGS2;CKAP4	1.572416322326361e-06
SRRS_all_modules	135	LINCS_L1000_Ligand_Perturbations_up	7	BTC-HS578T	1.0298874479284637e-06	9.714285714285714	133.92173577390858	IL11;TNFRSF12A;CCL20;SERPINE1;TNC;PLOD2;TGFBI;INHBA;PTGS2	1.3829917157896512e-05
SRRS_all_modules	135	LINCS_L1000_Ligand_Perturbations_up	8	EPR-MCF10A	2.3422070363296367e-06	8.741792369121562	113.33224068447235	EIF5A;FKBP11;LDHB;TNFRSF12A;TNC;ENO1;CTSB;NME1;SRM	2.752093267687323e-05
SRRS_all_modules	135	LINCS_L1000_Ligand_Perturbations_up	9	BTC-BT20	6.093274336845344e-06	9.138026864289023	109.73239610508959	EIF5A;TAGLN;POSTN;TNFRSF12A;CCL20;COL5A2;INHBA;MMP10	6.0280599762478294e-05
SRRS_all_modules	135	LINCS_L1000_Ligand_Perturbations_up	10	GAS6-MDAMB231	6.412829761965776e-06	9.070866141732283	108.46225064848608	COL3A1;TPM4;TPM2;WNT5A;FN1;TGFBI;CALR;CTSB	6.0280599762478294e-05
SRRS_all_modules	135	LINCS_L1000_Ligand_Perturbations_up	11	IL4-HS578T	7.836712677270348e-06	8.811749595130395	103.59701815418674	EIF5A;FKBP11;LDHB;WNT5A;SERPINE1;FN1;IL6ST;S100A11	6.138758263861773e-05
SRRS_all_modules	135	LINCS_L1000_Ligand_Perturbations_up	12	TNFA-MCF10A	7.836712677270348e-06	8.811749595130395	103.59701815418674	EIF5A;IL6;SDC4;TNFAIP6;CCL20;CD47;IL6ST;THBS1	6.138758263861773e-05
SRRS_all_modules	135	LINCS_L1000_Ligand_Perturbations_up	13	TNFA-SKBR3	9.518988346444328e-06	8.566929133858268	99.05273634062944	IL6;SDC4;CCL20;FN1;ITGAV;CD47;THBS1;CKAP4	6.882960804352052e-05
SRRS_all_modules	135	LINCS_L1000_Ligand_Perturbations_up	14	HBEGF-BT20	1.149633149916412e-05	8.335253395339006	94.80085923808751	EIF5A;CCL20;TPM2;MMP3;PLIN2;TGFBI;INHBA;TIMP1	6.891844808965988e-05
SRRS_all_modules	135	LINCS_L1000_Ligand_Perturbations_up	15	HRG-SKBR3	1.149633149916412e-05	8.335253395339006	94.80085923808751	POSTN;TPM4;TNFRSF12A;SDC4;CCL20;SPHK1;SERPINE1;INHBA	6.891844808965988e-05
SRRS_all_modules	135	LINCS_L1000_Ligand_Perturbations_up	16	PDGFBB-HS578T	1.2608134470333804e-05	8.224018355321478	92.77653565741305	TGFBR3;IL6;SDC4;CCL20;SPHK1;ARPC1B;SERPINE1;PTGS2	6.891844808965988e-05
SRRS_all_modules	135	LINCS_L1000_Ligand_Perturbations_up	17	HRG-MCF7	1.3197149634190188e-05	8.169498549523414	91.78848010330336	EIF5A;TNFRSF12A;TNC;COTL1;PLOD2;THBS1;NME1;SRM	6.891844808965988e-05
SRRS_all_modules	135	LINCS_L1000_Ligand_Perturbations_up	18	INS-SKBR3	1.3197149634190188e-05	8.169498549523414	91.78848010330336	COL1A1;CCL20;WNT5A;SERPINE1;FN1;PLOD2;ITGA5;THBS1	6.891844808965988e-05
SRRS_all_modules	135	LINCS_L1000_Ligand_Perturbations_up	19	TNFA-HS578T	1.5790527193294644e-05	7.9584090450232186	87.98896896810483	IL6;SDC4;TNFAIP6;BAMBI;CCL20;INHBA;CD47;THBS1	7.812155558787877e-05
SRRS_all_modules	135	LINCS_L1000_Ligand_Perturbations_up	20	IL1-MCF10A	6.075270975849367e-05	7.7609037769784175	75.34827774261458	EIF5A;IL6;SDC4;TNFAIP6;CCL20;TNC;IL6ST	0.00028553773586492025
SRRS_all_modules	135	LINCS_L1000_Ligand_Perturbations_up	21	TGFA-SKBR3	6.909249178239636e-05	7.595785651408451	72.76811639550371	EIF5A;LGALS1;TNFRSF12A;BASP1;SERPINE1;INHBA;THBS1	0.0003068523337387167
SRRS_all_modules	135	LINCS_L1000_Ligand_Perturbations_up	22	PDGFBB-BT20	7.5155052941019e-05	7.489529079861111	71.1202476351158	POSTN;FAP;TNFAIP6;TNC;COL10A1;INHBA;THY1	0.0003068523337387167
SRRS_all_modules	135	LINCS_L1000_Ligand_Perturbations_up	23	HBEGF-SKBR3	7.834527669924682e-05	7.4375	70.31698751234448	TNFRSF12A;SDC4;SERPINE1;PLIN2;TGFBI;INHBA;THBS1	0.0003068523337387167
SRRS_all_modules	135	LINCS_L1000_Ligand_Perturbations_up	24	TNFA-BT20	7.834527669924682e-05	7.4375	70.31698751234448	IL6;TNFAIP6;CCL20;FN1;INHBA;CD47;THBS1	0.0003068523337387167
SRRS_all_modules	135	LINCS_L1000_Ligand_Perturbations_up	25	IL1-MCF7	8.16451873377784e-05	7.386183647260274	69.5270897608014	EIF5A;IL6;SDC4;TNFAIP6;CCL20;ITGAV;CKAP4	0.00030698590439004675
SRRS_all_modules	135	LINCS_L1000_Ligand_Perturbations_up	26	IL6-MCF7	9.599949644445045e-05	7.187760416666666	66.49517636862338	COL1A1;TNFAIP6;WNT5A;MMP3;ADAM12;TGFBI;IL6R	0.0003470751025299362
SRRS_all_modules	135	LINCS_L1000_Ligand_Perturbations_up	27	EGF-HS578T	0.0001039112729956845	7.092465049342105	65.05189912208141	IL11;TNFRSF12A;SDC4;SERPINE1;TNC;VDAC1;PTGS2	0.00036176517265164234
SRRS_all_modules	135	LINCS_L1000_Ligand_Perturbations_up	28	HGF-HS578T	0.00010806161648383843	7.045751633986928	64.34750372698758	TNFRSF12A;SDC4;SERPINE1;RAB13;TNC;PTGS2;THBS1	0.000362778283910029
SRRS_all_modules	135	LINCS_L1000_Ligand_Perturbations_up	29	IGF2-SKBR3	0.00023944519302277392	6.153125	51.29974764596425	TAGLN;POSTN;TNFAIP6;GSTO1;MMP3;TGFBI;THY1	0.000776132694625543
SRRS_all_modules	135	LINCS_L1000_Ligand_Perturbations_up	30	FGF1-MCF7	0.00045670783181591285	6.600635770453405	50.7685701560519	EIF5A;LDHB;TNFRSF12A;TNC;CD47;SRM	0.0014310178730231936
SRRS_all_modules	135	LINCS_L1000_Ligand_Perturbations_up	31	FGF1-HS578T	0.0004736774170274945	6.553156146179402	50.16430559756339	TNFRSF12A;SERPINE1;PLOD2;PLIN2;PTGS2;CTSB	0.0014363121677607898
SRRS_all_modules	135	LINCS_L1000_Ligand_Perturbations_up	32	KGF-MCF7	0.0005275505205911801	6.414701577492275	48.41345862566204	EIF5A;LDHB;TNFRSF12A;PLIN2;IL6ST;ACTB	0.0015496796542365915
SRRS_all_modules	135	LINCS_L1000_Ligand_Perturbations_up	33	HRG-BT20	0.0005860762010671007	6.281936922586811	46.750556148333914	LUM;GSTO1;COTL1;PLIN2;TIMP1;THBS1	0.001669429178797196
SRRS_all_modules	135	LINCS_L1000_Ligand_Perturbations_up	34	BTC-MCF7	0.000649525565057465	6.154518495395661	45.16966287347973	TNFRSF12A;TNC;INHBA;ENO1;THBS1;NME1	0.0017957471504529913
SRRS_all_modules	135	LINCS_L1000_Ligand_Perturbations_up	35	TGFA-BT20	0.0006946976940151924	6.072385646080394	44.15859354146488	TNFRSF12A;TPM2;TNC;TGFBI;INHBA;THBS1	0.001802391958239897
SRRS_all_modules	135	LINCS_L1000_Ligand_Perturbations_up	36	TGFA-MCF7	0.0007181769826466614	6.032129742962057	43.66534775957777	EIF5A;TNFRSF12A;SDC4;PLIN2;INHBA;ENO1	0.001802391958239897
SRRS_all_modules	135	LINCS_L1000_Ligand_Perturbations_up	37	TNFA-MCF7	0.0007422659371053489	5.992400060799514	43.18005417475227	SDC4;TNFAIP6;CCL20;ITGAV;CD47;CTSB	0.001802391958239897
SRRS_all_modules	135	LINCS_L1000_Ligand_Perturbations_up	38	PDGFBB-MDAMB231	0.0007669753013786795	5.953186348535186	42.70253881065845	FAP;CCL20;WNT5A;TNC;PLIN2;TGFBI	0.001802391958239897
SRRS_all_modules	135	LINCS_L1000_Ligand_Perturbations_up	39	TGFA-MCF10A	0.0007669753013786795	5.953186348535186	42.70253881065845	FKBP11;PRDX4;TNC;ENO1;CKAP4;NME1	0.001802391958239897
SRRS_all_modules	135	LINCS_L1000_Ligand_Perturbations_up	40	BTC-MDAMB231	0.0007669753013786795	5.953186348535186	42.70253881065845	LDHB;COL3A1;TNFAIP6;FN1;YBX1;PTGS2	0.001802391958239897
SRRS_all_modules	135	LINCS_L1000_Ligand_Perturbations_up	41	MSP-HS578T	0.0007923159035091129	5.914478619654914	42.23263254094025	COL1A1;WNT5A;ADAM12;TNC;CALR;CKAP4	0.001816529144630649
SRRS_all_modules	135	LINCS_L1000_Ligand_Perturbations_up	42	EPG-SKBR3	0.0008182986547882417	5.876267143709004	41.77017092433128	WNT5A;SERPINE1;INHBA;TIMP1;PTGS2;THBS1	0.001831430322621303
SRRS_all_modules	135	LINCS_L1000_Ligand_Perturbations_up	43	IL1-SKBR3	0.0008722346616799859	5.801295260523991	40.86694636506689	IL6;SDC4;TNFAIP6;CCL20;CD47;THBS1	0.0019067455394864807
SRRS_all_modules	135	LINCS_L1000_Ligand_Perturbations_up	44	MCSF-SKBR3	0.0009288722467373669	5.728197674418604	39.99163744317939	CCL20;GSTP1;TNC;TGFBI;THY1;PTMS	0.0019403109154069445
SRRS_all_modules	135	LINCS_L1000_Ligand_Perturbations_up	45	EPR-BT20	0.0009288722467373669	5.728197674418604	39.99163744317939	EIF5A;TPM2;FN1;COL6A3;INHBA;THBS1	0.0019403109154069445
SRRS_all_modules	135	LINCS_L1000_Ligand_Perturbations_up	46	IL17-BT20	0.0020288697813119006	5.977589339794064	37.06270610614113	EIF5A;BASP1;WNT5A;MMP3;MMP10	0.004145951292246058
SRRS_all_modules	135	LINCS_L1000_Ligand_Perturbations_up	47	IL1-BT20	0.0031398113717261192	5.38025095471904	31.009574338930175	IL6;TNFAIP6;CCL20;FN1;IL6ST	0.0062796227434522385
SRRS_all_modules	135	LINCS_L1000_Ligand_Perturbations_up	48	MCSF-MDAMB231	0.0033283195019610553	5.304464766003227	30.263497883925712	COL3A1;LUM;FN1;UQCR11;SERF2	0.006517959024673733
SRRS_all_modules	135	LINCS_L1000_Ligand_Perturbations_up	49	IFNA-HS578T	0.0034255687311279585	5.267361111111111	29.900110917751963	IL6;TNFAIP6;PLOD2;PTGS2;THBS1	0.006571499198490369
SRRS_all_modules	135	LINCS_L1000_Ligand_Perturbations_up	50	BTC-SKBR3	0.0036261757755046468	5.194678609062171	29.19189483081471	EIF5A;IL6;TNFRSF12A;SPHK1;SERPINE1	0.006817210457948735
SRRS_all_modules	135	LINCS_L1000_Ligand_Perturbations_up	51	TGFA-HS578T	0.003729580840357976	5.159079016221873	28.846780999273268	TNFRSF12A;SERPINE1;INHBA;PTGS2;CTSB	0.006874129392032347
SRRS_all_modules	135	LINCS_L1000_Ligand_Perturbations_up	52	IL4-MCF7	0.004164428200400674	5.021395822720326	27.523155774438205	RCN1;BASP1;PLOD2;ENO1;PTGS2	0.007528004823801219
SRRS_all_modules	135	LINCS_L1000_Ligand_Perturbations_up	53	EGF-MCF10A	0.0046343665108071535	4.890818858560794	26.284511443392187	FKBP11;TUBB3;ENO1;THBS1;SRM	0.008219442490865517
SRRS_all_modules	135	LINCS_L1000_Ligand_Perturbations_up	54	BTC-MCF10A	0.0047575095100306965	4.85922090729783	25.98726385293298	PRDX4;C1QBP;PSMA7;NME1;SRM	0.008281590628571953
SRRS_all_modules	135	LINCS_L1000_Ligand_Perturbations_up	55	IGF1-MCF7	0.006269609571085197	4.536619069553201	23.009918809702235	EIF5A;TGFBR3;LGALS1;COTL1;TGFBI	0.010715332721491064
SRRS_all_modules	135	LINCS_L1000_Ligand_Perturbations_up	56	IGF2-BT20	0.01172418939664106	4.783472676602448	21.267803137176518	TNFRSF12A;FN1;TGFBI;THBS1	0.019679889344361778
SRRS_all_modules	135	LINCS_L1000_Ligand_Perturbations_up	57	IFNG-MDAMB231	0.012031645440421956	4.7455671094548295	20.97642682703608	SDC4;TNFAIP6;CCL20;FN1	0.01984166090174849
SRRS_all_modules	135	LINCS_L1000_Ligand_Perturbations_up	58	BFGF-MCF7	0.014329112651075756	4.496069271960807	19.08789107048825	EIF5A;LDHB;TNFRSF12A;TNC	0.023223044641398637
SRRS_all_modules	135	LINCS_L1000_Ligand_Perturbations_up	59	IL4-MDAMB231	0.015033052164170996	4.429501571621015	18.59285067281035	RCN1;CCL20;WNT5A;S100A11	0.0239509644649504
SRRS_all_modules	135	LINCS_L1000_Ligand_Perturbations_up	60	IFNA-MCF7	0.016129337544843334	4.333241803503762	17.883789228082605	EIF5A;TNFAIP6;TGFBI;CD47	0.025269295486921223
SRRS_all_modules	135	LINCS_L1000_Ligand_Perturbations_up	61	EGF-MCF7	0.01727464960701187	4.241049349532308	17.21236321838584	TPM4;TNFRSF12A;SDC4;PLOD2	0.026619951853428126
SRRS_all_modules	135	LINCS_L1000_Ligand_Perturbations_up	62	AR-SKBR3	0.018879044183534623	4.1240196591027924	16.3711321628999	EIF5A;TNFRSF12A;SERPINE1;THBS1	0.02862306698793959
SRRS_all_modules	135	LINCS_L1000_Ligand_Perturbations_up	63	BNGF-HS578T	0.02057300925238711	4.01323155216285	15.58648954639761	COL1A1;EIF5A;MMP3;CD47	0.030696236027371246
SRRS_all_modules	135	LINCS_L1000_Ligand_Perturbations_up	64	EPG-BT20	0.021902992745427674	3.933942024647009	15.03211174257282	EIF5A;TNFRSF12A;CCL20;IL6ST	0.03167509720108002
SRRS_all_modules	135	LINCS_L1000_Ligand_Perturbations_up	65	EGF-BT20	0.021902992745427674	3.933942024647009	15.03211174257282	LDHB;SDC4;INHBA;THBS1	0.03167509720108002
SRRS_all_modules	135	LINCS_L1000_Ligand_Perturbations_up	66	MSP-SKBR3	0.022357748740934585	3.90819867155745	14.85343076709861	EIF5A;POSTN;BASP1;WNT5A	0.03184285426739168
SRRS_all_modules	135	LINCS_L1000_Ligand_Perturbations_up	67	HGF-BT20	0.02328450012452274	3.8577020943433156	14.504833999770112	EIF5A;C1QBP;COL10A1;INHBA	0.0326678061448528
SRRS_all_modules	135	LINCS_L1000_Ligand_Perturbations_up	68	EPG-MDAMB231	0.024234338697638618	3.8084839114890325	14.167501870028511	COL1A1;COL3A1;BASP1;ENO1	0.03301489619678304
SRRS_all_modules	135	LINCS_L1000_Ligand_Perturbations_up	69	AR-BT20	0.024234338697638618	3.8084839114890325	14.167501870028511	TNFRSF12A;SDC4;TUBB3;INHBA	0.03301489619678304
SRRS_all_modules	135	LINCS_L1000_Ligand_Perturbations_up	70	IFNG-SKBR3	0.06348729291431543	3.3975550964187327	9.36677232336916	TNFAIP6;CCL20;CD47	0.08525436477065214
SRRS_all_modules	135	LINCS_L1000_Ligand_Perturbations_up	71	GDNF-MCF7	0.07154829272186089	3.2253106605624593	8.506378327338496	EIF5A;TAGLN;TNFRSF12A	0.09472590867401301
SRRS_all_modules	135	LINCS_L1000_Ligand_Perturbations_up	72	EPG-MCF7	0.0763513103610163	3.134456452638271	8.06310738947957	IL6ST;THBS1;CKAP4	0.0996808774157713
SRRS_all_modules	135	LINCS_L1000_Ligand_Perturbations_up	73	IL17-MCF7	0.08004486852288513	3.069582814445828	7.751212127541337	TGFBR3;FKBP11;CCL20	0.10307147453631785
SRRS_all_modules	135	LINCS_L1000_Ligand_Perturbations_up	74	HGF-MDAMB231	0.08254989056487497	3.0277948402948405	7.552387430449805	ACVR1;LUM;FN1	0.10486067179862495
SRRS_all_modules	135	LINCS_L1000_Ligand_Perturbations_up	75	EGF-SKBR3	0.08508850920398069	2.9871212121212123	7.360455690203477	SDC4;SERPINE1;INHBA	0.10664426486898913
SRRS_all_modules	135	LINCS_L1000_Ligand_Perturbations_up	76	BNGF-BT20	0.08766026899687362	2.947517942583732	7.175103181405634	CCL20;C1QBP;TNC	0.10842191165402791
SRRS_all_modules	135	LINCS_L1000_Ligand_Perturbations_up	77	EGF-MDAMB231	0.08895843290950542	2.9281045751633985	7.084801024909312	RCN1;TPM2;TNC	0.1085986064090066
SRRS_all_modules	135	LINCS_L1000_Ligand_Perturbations_up	78	SCF-SKBR3	0.09290136193165487	2.871357808857809	6.822969161193041	LRP1;PDPN;THBS1	0.11054086103260198
SRRS_all_modules	135	LINCS_L1000_Ligand_Perturbations_up	79	GAS6-HS578T	0.09290136193165487	2.871357808857809	6.822969161193041	FKBP11;WNT5A;CTSB	0.11054086103260198
SRRS_all_modules	135	LINCS_L1000_Ligand_Perturbations_up	80	IFNG-HS578T	0.23887673258955083	2.1814462627156126	3.1234113888319324	IL6;PTGS2	0.28068016079272223
SRRS_all_modules	135	LINCS_L1000_Ligand_Perturbations_up	81	HRG-MDAMB231	0.25635636865074096	2.073926073926074	2.823000666352287	LDHB;THBS1	0.2974999833724648
SRRS_all_modules	135	LINCS_L1000_Ligand_Perturbations_up	82	IFNA-MDAMB231	0.26385759789353197	2.0310021629416006	2.7059970457754097	IL6;PPIB	0.2988266771324338
SRRS_all_modules	135	LINCS_L1000_Ligand_Perturbations_up	83	MCSF-MCF7	0.26385759789353197	2.0310021629416006	2.7059970457754097	EIF5A;THBS1	0.2988266771324338
SRRS_all_modules	135	LINCS_L1000_Ligand_Perturbations_up	84	PDGFBB-SKBR3	0.281360261238827	1.937392500859993	2.4568449427750862	COL1A1;BASP1	0.3148555304339255
SRRS_all_modules	135	LINCS_L1000_Ligand_Perturbations_up	85	BFGF-BT20	0.2863569770226776	1.9121998544748968	2.391236656772479	POSTN;TNC	0.3166771275309611
SRRS_all_modules	135	LINCS_L1000_Ligand_Perturbations_up	86	HGF-MCF7	0.29135034368844936	1.8876490589531152	2.327903194652767	EIF5A;CKAP4	0.3184527012408632
SRRS_all_modules	135	LINCS_L1000_Ligand_Perturbations_up	87	GAS6-BT20	0.3038138517365481	1.8289241622574957	2.178870685102578	EIF5A;LUM	0.328258644405006
SRRS_all_modules	135	LINCS_L1000_Ligand_Perturbations_up	88	GAS6-MCF7	0.31127446340692233	1.795397584871269	2.095373038861701	POSTN;PDPN	0.3324977222755761
SRRS_all_modules	135	LINCS_L1000_Ligand_Perturbations_up	89	IFNG-MCF7	0.5921964171073268	1.1241882192092971	0.5889812219703394	FKBP11	0.6217735089214923
SRRS_all_modules	135	LINCS_L1000_Ligand_Perturbations_up	90	IFNG-BT20	0.6031685943545726	1.0906578220011056	0.5513913638124289	TNFAIP6	0.6217735089214923
SRRS_all_modules	135	LINCS_L1000_Ligand_Perturbations_up	91	IFNA-SKBR3	0.6085442853274179	1.0746268656716418	0.5337516802496018	TGFBI	0.6217735089214923
SRRS_all_modules	135	LINCS_L1000_Ligand_Perturbations_up	92	IFNG-MCF10A	0.6085442853274179	1.0746268656716418	0.5337516802496018	TNFAIP6	0.6217735089214923
SRRS_all_modules	135	LINCS_L1000_Ligand_Perturbations_up	93	IL6-SKBR3	0.624241464515191	1.0292245068364472	0.48498913743676897	TGFBI	0.6309537383271823
SRRS_all_modules	135	LINCS_L1000_Ligand_Perturbations_up	94	MCSF-HS578T	0.6959172637142115	0.8445273631840796	0.30616185981081534	ENO1	0.6959172637142115
SRRS_all_modules	135	LINCS_L1000_Ligand_Perturbations_down	1	HGF-MCF7	1.0364154339923127e-09	12.822764227642276	265.27090643415244	LDHB;POSTN;LGALS1;SPHK1;WNT5A;COL5A2;FN1;COL10A1;THY1;IL6ST;PPIB;PTGS2	9.742305079527739e-08
SRRS_all_modules	135	LINCS_L1000_Ligand_Perturbations_down	2	EPG-MCF10A	1.1323949114063744e-07	10.730884353741496	171.62719828111108	EIF5A;TPM4;TNFRSF12A;ARPC1B;TNC;COTL1;PLOD2;TGFBI;IL6ST;ACTB	5.322256083609959e-06
SRRS_all_modules	135	LINCS_L1000_Ligand_Perturbations_down	3	IL4-MDAMB231	1.0298874479284637e-06	9.714285714285714	133.92173577390858	EIF5A;TGFBR3;TUBA1B;BAMBI;FN1;COL10A1;CALR;ACTB;PSMA7	3.226980670175853e-05
SRRS_all_modules	135	LINCS_L1000_Ligand_Perturbations_down	4	IL17-MCF7	1.4169308141629544e-06	9.325449385052034	125.5859893553199	LDHB;LGALS1;FAP;WNT5A;FN1;TGFBI;CALR;CD47;IL6ST	3.329787413282943e-05
SRRS_all_modules	135	LINCS_L1000_Ligand_Perturbations_down	5	EPG-MCF7	1.046834032768053e-05	8.449515239166534	96.89190145118008	FKBP11;TAGLN;IL11RA;GSTO1;TPM2;TNC;FN1;INHBA	0.00019680479816039397
SRRS_all_modules	135	LINCS_L1000_Ligand_Perturbations_down	6	BNGF-HS578T	8.50576384196678e-05	7.335565476190476	68.75025055081817	POSTN;SDC4;BASP1;RAB13;PLOD2;VDAC1;TGFBI	0.0013325696685747954
SRRS_all_modules	135	LINCS_L1000_Ligand_Perturbations_down	7	MCSF-HS578T	0.0007923159035091129	5.914478619654914	42.23263254094025	POSTN;COL5A2;TNC;FN1;INHBA;PDIA6	0.010639670704265232
SRRS_all_modules	135	LINCS_L1000_Ligand_Perturbations_down	8	HGF-BT20	0.0010190917397763712	5.621914681124268	38.72849040621563	BASP1;CCL20;PLOD2;ITGAV;THY1;S100A11	0.011974327942372362
SRRS_all_modules	135	LINCS_L1000_Ligand_Perturbations_down	9	PDGFBB-SKBR3	0.004164428200400674	5.021395822720326	27.523155774438205	EIF5A;TPM2;TNC;ENO1;THBS1	0.02915886874668409
SRRS_all_modules	135	LINCS_L1000_Ligand_Perturbations_down	10	MCSF-MCF7	0.004513510198902925	4.922827172827173	26.586614814901992	TGFBR3;LGALS1;IL11RA;WNT5A;FN1	0.02915886874668409
SRRS_all_modules	135	LINCS_L1000_Ligand_Perturbations_down	11	SCF-SKBR3	0.004882962439826796	4.828025477707007	25.69476697425417	COL1A1;COL3A1;MAP2K2;LGALS1;FN1	0.02915886874668409
SRRS_all_modules	135	LINCS_L1000_Ligand_Perturbations_down	12	FGF1-HS578T	0.004882962439826796	4.828025477707007	25.69476697425417	COL1A1;TAGLN;BAMBI;PGAM1;COL5A2	0.02915886874668409
SRRS_all_modules	135	LINCS_L1000_Ligand_Perturbations_down	13	GAS6-HS578T	0.004882962439826796	4.828025477707007	25.69476697425417	COL1A1;POSTN;CCL20;KDELR2;ENO1	0.02915886874668409
SRRS_all_modules	135	LINCS_L1000_Ligand_Perturbations_down	14	BFGF-HS578T	0.005010748490631362	4.797224926971762	25.406918624987657	COL1A1;TAGLN;LUM;BAMBI;COL5A2	0.02915886874668409
SRRS_all_modules	135	LINCS_L1000_Ligand_Perturbations_down	15	IGF1-MCF7	0.005140890796872073	4.766811804547654	25.123619413655664	POSTN;FAP;IL11RA;TPM2;COL10A1	0.02915886874668409
SRRS_all_modules	135	LINCS_L1000_Ligand_Perturbations_down	16	HRG-MDAMB231	0.005140890796872073	4.766811804547654	25.123619413655664	EIF5A;FN1;VDAC1;ENO1;CALR	0.02915886874668409
SRRS_all_modules	135	LINCS_L1000_Ligand_Perturbations_down	17	TGFA-MCF7	0.005273412432910953	4.736778846153846	24.844772648183458	COL3A1;TPM2;RAB13;TGFBI;CKAP4	0.02915886874668409
SRRS_all_modules	135	LINCS_L1000_Ligand_Perturbations_down	18	MCSF-SKBR3	0.0165056298680807	4.302071973827699	17.655934626191392	LUM;FN1;IL6ST;CKAP4	0.0853002541404969
SRRS_all_modules	135	LINCS_L1000_Ligand_Perturbations_down	19	PDGFBB-MDAMB231	0.022357748740934585	3.90819867155745	14.85343076709861	SDC4;ITGA8;VDAC1;CD47	0.0853002541404969
SRRS_all_modules	135	LINCS_L1000_Ligand_Perturbations_down	20	BFGF-MCF7	0.022357748740934585	3.90819867155745	14.85343076709861	COL3A1;BAMBI;IL11RA;WNT5A	0.0853002541404969
SRRS_all_modules	135	LINCS_L1000_Ligand_Perturbations_down	21	IFNA-MCF7	0.022357748740934585	3.90819867155745	14.85343076709861	EIF5A;COL3A1;SSR4;COTL1	0.0853002541404969
SRRS_all_modules	135	LINCS_L1000_Ligand_Perturbations_down	22	GAS6-MDAMB231	0.02281824601257285	3.8827874907658213	14.677693079584584	EIF5A;TGFBR3;BASP1;SERPINE1	0.0853002541404969
SRRS_all_modules	135	LINCS_L1000_Ligand_Perturbations_down	23	HBEGF-BT20	0.02281824601257285	3.8827874907658213	14.677693079584584	BAMBI;FN1;PLOD2;CTSB	0.0853002541404969
SRRS_all_modules	135	LINCS_L1000_Ligand_Perturbations_down	24	TGFA-HS578T	0.02328450012452274	3.8577020943433156	14.504833999770112	COL1A1;TPM4;BAMBI;PGAM1	0.0853002541404969
SRRS_all_modules	135	LINCS_L1000_Ligand_Perturbations_down	25	MSP-HS578T	0.02328450012452274	3.8577020943433156	14.504833999770112	EIF5A;POSTN;SERPINE1;IL6ST	0.0853002541404969
SRRS_all_modules	135	LINCS_L1000_Ligand_Perturbations_down	26	IFNG-MCF10A	0.024234338697638618	3.8084839114890325	14.167501870028511	BASP1;WNT5A;UQCR11;IL6R	0.0853002541404969
SRRS_all_modules	135	LINCS_L1000_Ligand_Perturbations_down	27	EGF-HS578T	0.02570263379052014	3.7369494097008205	13.68157646548528	COL1A1;LUM;BAMBI;GSTP1	0.0853002541404969
SRRS_all_modules	135	LINCS_L1000_Ligand_Perturbations_down	28	IFNA-MDAMB231	0.026203728359890946	3.7136933371030065	13.524727354424504	COL3A1;VDAC1;ITGAV;ENO1	0.0853002541404969
SRRS_all_modules	135	LINCS_L1000_Ligand_Perturbations_down	29	TNFA-MCF10A	0.02671067499913985	3.6907226150892147	13.370351220959218	LDHB;GSTP1;COL6A3;VDAC1	0.0853002541404969
SRRS_all_modules	135	LINCS_L1000_Ligand_Perturbations_down	30	HGF-MDAMB231	0.027223485363988373	3.668032023831689	13.218396204805254	PLOD2;RAC1;PPIB;PTGS2	0.0853002541404969
SRRS_all_modules	135	LINCS_L1000_Ligand_Perturbations_down	31	EGF-MCF7	0.06803919898243387	3.2969585561497325	8.861140836787701	EIF5A;COL5A2;TGFBI	0.18984191351251214
SRRS_all_modules	135	LINCS_L1000_Ligand_Perturbations_down	32	IL1-HS578T	0.07154829272186089	3.2253106605624593	8.506378327338496	LUM;ENO1;YBX1	0.18984191351251214
SRRS_all_modules	135	LINCS_L1000_Ligand_Perturbations_down	33	BTC-MCF10A	0.07880509691424133	3.090909090909091	7.853312589722448	BASP1;TPM2;IL6R	0.18984191351251214
SRRS_all_modules	135	LINCS_L1000_Ligand_Perturbations_down	34	IGF2-SKBR3	0.08129315173140983	3.048546691403834	7.650917817454981	EIF5A;LDHB;PPIB	0.18984191351251214
SRRS_all_modules	135	LINCS_L1000_Ligand_Perturbations_down	35	BFGF-BT20	0.08254989056487497	3.0277948402948405	7.552387430449805	LUM;FN1;CTSB	0.18984191351251214
SRRS_all_modules	135	LINCS_L1000_Ligand_Perturbations_down	36	IL4-MCF7	0.08508850920398069	2.9871212121212123	7.360455690203477	COL1A1;EIF5A;COL10A1	0.18984191351251214
SRRS_all_modules	135	LINCS_L1000_Ligand_Perturbations_down	37	EGF-MDAMB231	0.08508850920398069	2.9871212121212123	7.360455690203477	SSR4;CALR;YBX1	0.18984191351251214
SRRS_all_modules	135	LINCS_L1000_Ligand_Perturbations_down	38	EPG-MDAMB231	0.08637027515618612	2.9671884406983744	7.266975925954361	TGFBR3;FKBP11;RAC1	0.18984191351251214
SRRS_all_modules	135	LINCS_L1000_Ligand_Perturbations_down	39	BNGF-BT20	0.08895843290950542	2.9281045751633985	7.084801024909312	COL1A1;TIMP1;ENG	0.18984191351251214
SRRS_all_modules	135	LINCS_L1000_Ligand_Perturbations_down	40	HBEGF-HS578T	0.08895843290950542	2.9281045751633985	7.084801024909312	BAMBI;COL5A2;COL10A1	0.18984191351251214
SRRS_all_modules	135	LINCS_L1000_Ligand_Perturbations_down	41	HGF-HS578T	0.08895843290950542	2.9281045751633985	7.084801024909312	GSTP1;COL6A3;TGFBI	0.18984191351251214
SRRS_all_modules	135	LINCS_L1000_Ligand_Perturbations_down	42	IFNG-HS578T	0.08895843290950542	2.9281045751633985	7.084801024909312	TPM4;TNC;MMP10	0.18984191351251214
SRRS_all_modules	135	LINCS_L1000_Ligand_Perturbations_down	43	EGF-SKBR3	0.09026470874143028	2.908943329397875	6.996034065345782	EIF5A;FN1;P4HB	0.18984191351251214
SRRS_all_modules	135	LINCS_L1000_Ligand_Perturbations_down	44	HRG-BT20	0.09157903800809337	2.8900293255131966	6.908767916399087	WNT5A;FN1;CTSB	0.18984191351251214
SRRS_all_modules	135	LINCS_L1000_Ligand_Perturbations_down	45	TNFA-SKBR3	0.09290136193165487	2.871357808857809	6.822969161193041	COL3A1;COL5A2;AP2M1	0.18984191351251214
SRRS_all_modules	135	LINCS_L1000_Ligand_Perturbations_down	46	IFNA-SKBR3	0.09290136193165487	2.871357808857809	6.822969161193041	EIF5A;COTL1;CALR	0.18984191351251214
SRRS_all_modules	135	LINCS_L1000_Ligand_Perturbations_down	47	EGF-MCF10A	0.0955697571438434	2.834723820483314	6.655644817572925	BASP1;TPM2;IL6R	0.1911395142876868
SRRS_all_modules	135	LINCS_L1000_Ligand_Perturbations_down	48	EGF-BT20	0.0996308237542483	2.7814793901750425	6.414880542800572	TGFBR3;COL3A1;PGAM1	0.1951103631854029
SRRS_all_modules	135	LINCS_L1000_Ligand_Perturbations_down	49	IFNA-BT20	0.10376061378979846	2.730182926829268	6.185690339810993	TGFBR3;LGALS1;WNT5A	0.1990509733926746
SRRS_all_modules	135	LINCS_L1000_Ligand_Perturbations_down	50	INS-SKBR3	0.10655117620217146	2.697015334063527	6.038967625444127	LDHB;LGALS1;LUM	0.20031621126008234
SRRS_all_modules	135	LINCS_L1000_Ligand_Perturbations_down	51	IFNG-MDAMB231	0.11946442604449567	2.557142857142857	5.433255127229328	TGFBR3;TNC;ITGA8	0.22018933427809004
SRRS_all_modules	135	LINCS_L1000_Ligand_Perturbations_down	52	GAS6-BT20	0.2613568882359984	2.045112781954887	2.7442722529556245	EIF5A;TGFBR3	0.4429603458334776
SRRS_all_modules	135	LINCS_L1000_Ligand_Perturbations_down	53	FGF1-MCF7	0.26385759789353197	2.0310021629416006	2.7059970457754097	COL3A1;COL5A2	0.4429603458334776
SRRS_all_modules	135	LINCS_L1000_Ligand_Perturbations_down	54	TGFA-BT20	0.26385759789353197	2.0310021629416006	2.7059970457754097	FN1;P4HB	0.4429603458334776
SRRS_all_modules	135	LINCS_L1000_Ligand_Perturbations_down	55	MCSF-MDAMB231	0.26885933407937024	2.0033529770371876	2.631538275425335	PLOD2;INHBA	0.4429603458334776
SRRS_all_modules	135	LINCS_L1000_Ligand_Perturbations_down	56	BTC-MDAMB231	0.2738607335920489	1.9764411027568922	2.559759180850506	PRDX4;SSR4	0.4429603458334776
SRRS_all_modules	135	LINCS_L1000_Ligand_Perturbations_down	57	IL17-BT20	0.2738607335920489	1.9764411027568922	2.559759180850506	FN1;TGFBI	0.4429603458334776
SRRS_all_modules	135	LINCS_L1000_Ligand_Perturbations_down	58	PDGFBB-HS578T	0.2763610280463259	1.9632525021162177	2.5248353742381346	FKBP11;BASP1	0.4429603458334776
SRRS_all_modules	135	LINCS_L1000_Ligand_Perturbations_down	59	IL6-MCF7	0.2788609064488088	1.9502374356944994	2.490535436497789	POSTN;CALR	0.4429603458334776
SRRS_all_modules	135	LINCS_L1000_Ligand_Perturbations_down	60	BTC-BT20	0.29633955203454454	1.8637158935073532	2.2667432382167596	EIF5A;FN1	0.4429603458334776
SRRS_all_modules	135	LINCS_L1000_Ligand_Perturbations_down	61	TGFA-SKBR3	0.2988323499959084	1.8519736842105263	2.23694820462771	LUM;FN1	0.4429603458334776
SRRS_all_modules	135	LINCS_L1000_Ligand_Perturbations_down	62	MSP-SKBR3	0.30132381489242627	1.840377340867697	2.207661070433656	EIF5A;BAMBI	0.4429603458334776
SRRS_all_modules	135	LINCS_L1000_Ligand_Perturbations_down	63	PDGFBB-BT20	0.3038138517365481	1.8289241622574957	2.178870685102578	UQCR11;IL6ST	0.4429603458334776
SRRS_all_modules	135	LINCS_L1000_Ligand_Perturbations_down	64	AR-BT20	0.30630236679974515	1.817611513446192	2.150566203775632	BAMBI;FN1	0.4429603458334776
SRRS_all_modules	135	LINCS_L1000_Ligand_Perturbations_down	65	BTC-HS578T	0.30630236679974515	1.817611513446192	2.150566203775632	LUM;BAMBI	0.4429603458334776
SRRS_all_modules	135	LINCS_L1000_Ligand_Perturbations_down	66	KGF-MCF7	0.31127446340692233	1.795397584871269	2.095373038861701	FN1;MMP10	0.4433302963674349
SRRS_all_modules	135	LINCS_L1000_Ligand_Perturbations_down	67	IFNG-SKBR3	0.31871892726918083	1.7630683852488365	2.0159729116232343	EIF5A;TGFBR3	0.4440068112322393
SRRS_all_modules	135	LINCS_L1000_Ligand_Perturbations_down	68	IGF2-BT20	0.321196416636088	1.7525470480936067	1.9903719817777628	COL3A1;BASP1	0.4440068112322393
SRRS_all_modules	135	LINCS_L1000_Ligand_Perturbations_down	69	IFNG-MCF7	0.32861570156538705	1.72171708340619	1.9160409052827416	LGALS1;VDAC1	0.44767936155284616
SRRS_all_modules	135	LINCS_L1000_Ligand_Perturbations_down	70	GAS6-MCF7	0.6085442853274179	1.0746268656716418	0.5337516802496018	IL6ST	0.6896203330599691
SRRS_all_modules	135	LINCS_L1000_Ligand_Perturbations_down	71	TNFA-HS578T	0.624241464515191	1.0292245068364472	0.48498913743676897	TPM4	0.6896203330599691
SRRS_all_modules	135	LINCS_L1000_Ligand_Perturbations_down	72	EPG-SKBR3	0.6343574968006949	1.0010153315057366	0.45560472901266075	CALR	0.6896203330599691
SRRS_all_modules	135	LINCS_L1000_Ligand_Perturbations_down	73	EPG-BT20	0.6393136682667848	0.987478713813483	0.4417585479044697	BAMBI	0.6896203330599691
SRRS_all_modules	135	LINCS_L1000_Ligand_Perturbations_down	74	IL1-BT20	0.6490268356177815	0.9614671739342503	0.4156241971242196	FN1	0.6896203330599691
SRRS_all_modules	135	LINCS_L1000_Ligand_Perturbations_down	75	EPR-BT20	0.6490268356177815	0.9614671739342503	0.4156241971242196	CTSB	0.6896203330599691
SRRS_all_modules	135	LINCS_L1000_Ligand_Perturbations_down	76	IL1-SKBR3	0.6537856012152544	0.9489648531535869	0.4032871053842955	LDHB	0.6896203330599691
SRRS_all_modules	135	LINCS_L1000_Ligand_Perturbations_down	77	IL6-SKBR3	0.6537856012152544	0.9489648531535869	0.4032871053842955	ITGA8	0.6896203330599691
SRRS_all_modules	135	LINCS_L1000_Ligand_Perturbations_down	78	IL1-MDAMB231	0.6584803149026078	0.9367810628386729	0.39140647454206284	PRDX4	0.6896203330599691
SRRS_all_modules	135	LINCS_L1000_Ligand_Perturbations_down	79	IFNA-HS578T	0.6584803149026078	0.9367810628386729	0.39140647454206284	IL6R	0.6896203330599691
SRRS_all_modules	135	LINCS_L1000_Ligand_Perturbations_down	80	IL1-MCF10A	0.6608039201872965	0.9308048365766106	0.3856306978887702	CALR	0.6896203330599691
SRRS_all_modules	135	LINCS_L1000_Ligand_Perturbations_down	81	HRG-SKBR3	0.6631118325146956	0.9249037829719328	0.379961227464416	EIF5A	0.6896203330599691
SRRS_all_modules	135	LINCS_L1000_Ligand_Perturbations_down	82	HRG-MCF7	0.6654041571560066	0.9190764925373134	0.37439561377106284	EIF5A	0.6896203330599691
SRRS_all_modules	135	LINCS_L1000_Ligand_Perturbations_down	83	EPR-MCF10A	0.6676809985540739	0.9133215908037452	0.3689314768116568	PLIN2	0.6896203330599691
SRRS_all_modules	135	LINCS_L1000_Ligand_Perturbations_down	84	TNFA-MCF7	0.6676809985540739	0.9133215908037452	0.3689314768116568	MMP3	0.6896203330599691
SRRS_all_modules	135	LINCS_L1000_Ligand_Perturbations_down	85	IL4-HS578T	0.669942460459475	0.9076377372397273	0.3635665035570601	CCL20	0.6896203330599691
SRRS_all_modules	135	LINCS_L1000_Ligand_Perturbations_down	86	GDNF-MCF7	0.6744196578340077	0.8964779759737896	0.35312511682488573	WNT5A	0.6896203330599691
SRRS_all_modules	135	LINCS_L1000_Ligand_Perturbations_down	87	TGFA-MCF10A	0.6744196578340077	0.8964779759737896	0.35312511682488573	TPM2	0.6896203330599691
SRRS_all_modules	135	LINCS_L1000_Ligand_Perturbations_down	88	TNFA-MDAMB231	0.6744196578340077	0.8964779759737896	0.35312511682488573	LUM	0.6896203330599691
SRRS_all_modules	135	LINCS_L1000_Ligand_Perturbations_down	89	BTC-MCF7	0.6766355974811878	0.8909995477159657	0.3480443921711074	COL3A1	0.6896203330599691
SRRS_all_modules	135	LINCS_L1000_Ligand_Perturbations_down	90	HBEGF-SKBR3	0.6788365660467197	0.8855871246178745	0.3430542047224987	FN1	0.6896203330599691
SRRS_all_modules	135	LINCS_L1000_Ligand_Perturbations_down	91	TNFA-BT20	0.6788365660467197	0.8855871246178745	0.3430542047224987	EIF5A	0.6896203330599691
SRRS_all_modules	135	LINCS_L1000_Ligand_Perturbations_down	92	IL1-MCF7	0.6853506457463037	0.8697341693897377	0.32860703431413285	COL5A2	0.6896203330599691
SRRS_all_modules	135	LINCS_L1000_Ligand_Perturbations_down	93	BTC-SKBR3	0.6853506457463037	0.8697341693897377	0.32860703431413285	FN1	0.6896203330599691
SRRS_all_modules	135	LINCS_L1000_Ligand_Perturbations_down	94	EPR-SKBR3	0.6896203330599691	0.8594745570393646	0.3193928423038779	GSTP1	0.6896203330599691
SRRS_all_modules	135	Gene_Perturbations_from_GEO_up	1	MYC KD human GSE22139 sample 712	6.288497027920417e-42	33.99956681828027	3225.5338656498984	ITGB1;TAGLN;CXCL8;ARPC1B;SERPINE1;TNC;HIF1A;ACTB;MYL12A;ACTG1;TUBA1C;TUBA1B;LGALS1;GNG5;BASP1;TUBB3;SEC61G;TMSB4X;CFL1;SH3BGRL3;ITGAV;TIMP1;RAC1;TMSB10;S100A11;AP2M1;CTHRC1;TPM4;FN1;INHBA;PDIA6;COL1A1;COL3A1;PKM;RAB13;COL6A3;TGFBI;P4HB;PPIB;PFN1	7.780509423039292e-39
SRRS_all_modules	135	Gene_Perturbations_from_GEO_up	2	Prdm16 DEPLETION mouse GSE35011 sample 487	6.678548860977932e-42	36.11029411764706	3423.605183662115	SERPINE1;TNC;ENO1;THY1;YBX1;PTGS2;ACTB;ACTG1;SRM;TUBA1B;LGALS1;BASP1;C1QBP;TMSB4X;PDPN;SH3BGRL3;TIMP1;TPM4;TPM2;PGAM1;MMP3;SSR3;NME2;MIF;INHBA;CKAP4;COL1A1;IL6;COL3A1;RCN1;PKM;OSTC;COL5A2;COL6A3;CALR;P4HB;PPIB;PFN1;GAPDH	7.780509423039292e-39
SRRS_all_modules	135	Gene_Perturbations_from_GEO_up	3	EGFR drugactivation rat GSE5282 sample 1867	5.169773650316666e-38	29.539651070578905	2536.1386952221355	ITGB1;ARPC1B;GSTP1;ENO1;YBX1;PTGS2;ACTB;MYL12A;PSMA7;ACTG1;EEF1B2;TUBA1C;LGALS1;SEC61G;C1QBP;PDPN;CFL1;SH3BGRL3;SEC61B;TIMP1;S100A11;CTSB;EIF5A;PPP1R14B;TPI1;TPM4;TNFRSF12A;TPM2;PGAM1;FN1;NME2;NME1;PKM;OSTC;KDELR2;P4HB;PFN1;GAPDH	4.01519086841261e-35
SRRS_all_modules	135	Gene_Perturbations_from_GEO_up	4	PIK3CA activemutant human GSE17785 sample 2042	1.925469251028712e-36	26.536153818713657	2182.277395437238	ITGB1;TAGLN;SDC4;SERPINE1;PLOD2;ENO1;HIF1A;THBS1;MYL12A;PSMA7;TUBA1C;TUBA1B;PRDX4;TUBB3;CFL1;COTL1;SH3BGRL3;ITGAV;RABAC1;AP2M1;VKORC1;OST4;POSTN;TPI1;TPM4;TNFRSF12A;TPM2;SPHK1;PGAM1;WNT5A;FN1;MIF;COL1A1;PKM;OSTC;ITGA5;P4HB;PFN1	1.1215858387242248e-33
SRRS_all_modules	135	Gene_Perturbations_from_GEO_up	5	Irs2 KO mouse GSE2556 sample 331	2.1322279097749792e-35	24.712005320917857	1972.841202627394	TAGLN;SDC4;GSTP1;UQCR10;HIF1A;ACTB;MYL12A;PSMA7;ACTG1;PTMS;SRM;TUBA1C;TUBA1B;LGALS1;GNG5;BASP1;TUBB3;SEC61G;CFL1;ITGAV;RAC1;TMSB10;AP2M1;POSTN;PPP1R14B;TPI1;TPM4;GSTO1;PGAM1;SSR3;COL1A1;COL3A1;PKM;OSTC;COL5A2;PLIN2;GAPDH;ENG	9.936182059551403e-33
SRRS_all_modules	135	Gene_Perturbations_from_GEO_up	6	KDM4C natural variation human GSE41040 sample 617	5.4906960325667336e-34	26.703501945525293	2045.0833740669232	TAGLN;SDC4;GSTP1;SERPINE1;PLOD2;UQCR11;THY1;HIF1A;THBS1;EEF1B2;PRDX4;SEC61G;TMSB4X;ITGAV;TIMP1;S100A11;CTHRC1;OST4;POSTN;TPI1;LUM;PGAM1;WNT5A;SSR3;FN1;MIF;COL1A1;TGFBR3;COL3A1;RCN1;OSTC;RAB13;TGFBI;P4HB;PPIB	2.132220292646748e-31
SRRS_all_modules	135	Gene_Perturbations_from_GEO_up	7	ERG KD human GSE14801 sample 827	2.2946505665202997e-33	31.33881005725666	2355.2597298857427	TAGLN;CXCL8;TNFAIP6;ENO1;YBX1;PTGS2;ACTG1;EEF1B2;LGALS1;GNG5;BASP1;C1QBP;TMSB4X;CFL1;COTL1;AP2S1;ITGAV;TIMP1;TMSB10;TPM4;TNFRSF12A;CCL20;TPM2;SPHK1;PGAM1;FN1;NME1;IL6;ITGA5;IL6ST;PFN1;GAPDH	7.637908314274711e-31
SRRS_all_modules	135	Gene_Perturbations_from_GEO_up	8	LRRK2 Gly2019Ser (G2019S) mutation knockin human GSE36321 sample 1688	3.0676892939559206e-33	23.795682578291274	1781.4491053189101	TAGLN;GSTP1;PLOD2;UQCR10;ENO1;THBS1;ACTB;MYL12A;PSMA7;ACTG1;SRM;EEF1B2;LDHB;TUBA1C;TUBA1B;PRDX4;GNG5;SEC61G;TMSB4X;COTL1;SEC61B;TIMP1;RAC1;TMSB10;COX8A;PPP1R14B;GSTO1;PGAM1;FN1;MIF;PDIA6;CKAP4;NME1;LSM7;BAMBI;PPIB	7.941906727685884e-31
SRRS_all_modules	135	Gene_Perturbations_from_GEO_up	9	Hras Selective cardiac induced overexpression of the gene for in male mouse GSE3530 sample 984	3.0676892939559206e-33	23.795682578291274	1781.4491053189101	ITGB1;SDC4;SERPINE1;TNC;THBS1;ACTB;ACTG1;PTMS;EEF1B2;TUBA1B;LGALS1;TMSB4X;CFL1;SH3BGRL3;TIMP1;RAC1;S100A11;AP2M1;CTSB;CTHRC1;EIF5A;POSTN;TPM4;TNFRSF12A;LUM;PGAM1;SSR3;FN1;COL1A1;COL3A1;COL5A2;COL6A3;CALR;P4HB;PPIB;PFN1	7.941906727685884e-31
SRRS_all_modules	135	Gene_Perturbations_from_GEO_up	10	Zfx KO mouse GSE7069 sample 177	1.849152322132354e-32	22.495972382048333	1643.7356120635861	ITGB1;TAGLN;TNFAIP6;ARPC1B;SERPINE1;TNC;PLOD2;PTGS2;THBS1;ACTB;MYL12A;WISP1;ACTG1;LGALS1;BASP1;TMSB4X;ITGAV;TIMP1;TMSB10;S100A11;POSTN;TPM4;TNFRSF12A;GSTO1;TPM2;PGAM1;FN1;CKAP4;COL1A1;COL3A1;RCN1;COL5A2;PLIN2;TGFBI;P4HB;PFN1	4.308524910568385e-30
SRRS_all_modules	135	Gene_Perturbations_from_GEO_up	11	PARK7 KD human GSE5519 sample 2379	2.628639431633368e-32	26.794241747331846	1948.3769580295711	YBX1;ACTB;ACTG1;SRM;TUBA1B;PRDX4;LGALS1;GNG5;BASP1;TMSB4X;CFL1;AP2S1;SH3BGRL3;RAC1;RABAC1;TMSB10;S100A11;AP2M1;CTSB;COX8A;PPP1R14B;TPM4;TNFRSF12A;MIF;PDIA6;CKAP4;NME1;PKM;KDELR2;P4HB;PPIB;PFN1;GAPDH	5.567936250641589e-30
SRRS_all_modules	135	Gene_Perturbations_from_GEO_up	12	Myod1 Mutation - MyoD altered at lysine residues 99, 102, and 104, ren mouse GSE6487 sample 1180	5.826060543245814e-32	24.43087642097543	1757.07796296929	ARPC1B;TNC;THY1;THBS1;ACTB;ACTG1;PTMS;LGALS1;BASP1;SEC61G;TMSB4X;PDPN;CFL1;SEC61B;TIMP1;TMSB10;S100A11;AP2M1;CTSB;PDGFRB;POSTN;TPM4;GSTO1;MMP3;SSR3;FN1;CKAP4;COL1A1;COL3A1;COL5A2;COL6A3;KDELR2;CALR;P4HB	1.1312267554802288e-29
SRRS_all_modules	135	Gene_Perturbations_from_GEO_up	13	ADRB1 Beta-1 receptor blocker (METOPROLOL) human GSE3356 sample 2278	9.599131577656159e-32	18.36155523255814	1311.4015606235698	TAGLN;CXCL8;SDC4;TNFAIP6;SERPINE1;PLOD2;UQCR11;UQCR10;ENO1;YBX1;PTGS2;HIF1A;THBS1;MYL12A;LDHB;PRDX4;GNG5;BASP1;SEC61G;TMSB4X;ITGAV;SEC61B;AP2M1;VKORC1;POSTN;TPI1;PGAM1;FN1;INHBA;PDIA6;IL6;COL3A1;FAP;COL5A2;COL6A3;KDELR2;ITGA5;P4HB;IL6ST	1.6444461031399933e-29
SRRS_all_modules	135	Gene_Perturbations_from_GEO_up	14	Hras OE mouse GSE3530 sample 2707	9.880792036034296e-32	22.596369636963697	1613.202965466863	ITGB1;SDC4;SERPINE1;TNC;ACTB;ACTG1;PTMS;EEF1B2;TUBA1B;LGALS1;TMSB4X;CFL1;SH3BGRL3;TIMP1;RAC1;S100A11;AP2M1;CTSB;CTHRC1;EIF5A;POSTN;TPM4;TNFRSF12A;LUM;PGAM1;SSR3;FN1;COL1A1;COL3A1;COL5A2;COL6A3;CALR;P4HB;PPIB;PFN1	1.6444461031399933e-29
SRRS_all_modules	135	Gene_Perturbations_from_GEO_up	15	PCGF2 KD human GSE7578 sample 130	1.2815292516280983e-31	25.384117647058822	1805.6251834100908	ITGB1;CXCL8;SDC4;SERPINE1;TNC;PLOD2;ACTB;TUBA1C;TUBA1B;PRDX4;S100A16;ITGAV;TMSB10;CTSB;CTHRC1;TNFRSF12A;FN1;INHBA;PDIA6;CKAP4;COL1A1;TGFBR3;RCN3;RCN1;COL5A2;COL6A3;KDELR2;TGFBI;ITGA5;CALR;P4HB;PPIB;GAPDH	1.990642104195646e-29
SRRS_all_modules	135	Gene_Perturbations_from_GEO_up	16	KDM4C natural variation human GSE41040 sample 615	7.14046385473404e-31	27.501444564824848	1908.9951774734413	TAGLN;SDC4;GSTP1;SERPINE1;PLOD2;UQCR11;HIF1A;EEF1B2;PRDX4;SEC61G;TMSB4X;TIMP1;TMSB10;SERF2;CTHRC1;VKORC1;OST4;TPI1;SSR4;LUM;WNT5A;FN1;MIF;COL1A1;COL3A1;RCN1;RAB13;TGFBI;P4HB;PPIB;GAPDH	1.0398300488456445e-28
SRRS_all_modules	135	Gene_Perturbations_from_GEO_up	17	Aqp11 Deficiency mouse GSE10634 sample 605	4.5926234338415144e-30	22.466937838965375	1517.7113294171822	TAGLN;GSTP1;ACTG1;TUBA1B;LGALS1;SEC61G;TMSB4X;CFL1;SH3BGRL3;TIMP1;TMSB10;S100A11;CTSB;EIF5A;POSTN;TPM4;TNFRSF12A;SSR3;FN1;NME2;PDIA6;COL1A1;RCN3;COL3A1;OSTC;COL5A2;COL6A3;PLIN2;TGFBI;CALR;P4HB;PPIB;PFN1	6.294595647559253e-28
SRRS_all_modules	135	Gene_Perturbations_from_GEO_up	18	MYC Silencing human GSE22139 sample 1007	7.973806959921007e-30	20.75872192897523	1390.8632394306114	ITGB1;TAGLN;CXCL8;SERPINE1;TNC;HIF1A;ACTB;MYL12A;ACTG1;GNG5;TUBB3;SEC61G;C1QBP;TMSB4X;CFL1;COTL1;SH3BGRL3;ITGAV;TIMP1;TMSB10;S100A11;EIF5A;PGAM1;FN1;PDIA6;COL3A1;PKM;OSTC;RAB13;COL6A3;TGFBI;CALR;PPIB;PFN1	1.0321650120342193e-27
SRRS_all_modules	135	Gene_Perturbations_from_GEO_up	19	IRS3P KO mouse GSE2556 sample 332	8.782413740419381e-30	20.6923843327729	1384.4198664797343	ITGB1;TAGLN;SDC4;GSTP1;YBX1;ACTB;MYL12A;WISP1;PSMA7;ACTG1;PTMS;SRM;TUBA1C;TUBA1B;GNG5;BASP1;TUBB3;CFL1;ITGAV;RAC1;TMSB10;AP2M1;POSTN;PPP1R14B;TPI1;TPM4;GSTO1;PGAM1;COL1A1;COL3A1;PKM;COL5A2;GAPDH;ENG	1.0770012639566926e-27
SRRS_all_modules	135	Gene_Perturbations_from_GEO_up	20	NR2F2 KD human GSE47438 sample 2214	2.1454208417737376e-29	21.315904139433552	1407.0976190974243	BRI3;GSTP1;YBX1;ACTB;MYL12A;ACTG1;PTMS;TUBA1C;LGALS1;TUBB3;GUK1;C1QBP;TIMP1;RABAC1;TMSB10;COX8A;EIF5A;VKORC1;PPP1R14B;MAP2K2;TPI1;TNFRSF12A;SSR4;GSTO1;TPM2;PGAM1;MIF;PDIA6;CKAP4;LSM7;VDAC1;P4HB;GAPDH	2.4994152806664042e-27
SRRS_all_modules	135	Gene_Perturbations_from_GEO_up	21	Dmd KO mouse GSE466 sample 880	2.619519925225921e-29	21.171158764509148	1393.3158058502788	ITGB1;LRP1;BRI3;ARPC1B;GSTP1;HIF1A;MYL12A;ACTG1;PTMS;TUBA1C;TUBA1B;LGALS1;TUBB3;TMSB4X;CFL1;TIMP1;TMSB10;S100A11;CTSB;VKORC1;POSTN;PPP1R14B;TPM4;LUM;PGAM1;FN1;COL1A1;COL3A1;OSTC;COL5A2;COL6A3;PLIN2;PPIB	2.906419726560188e-27
SRRS_all_modules	135	Gene_Perturbations_from_GEO_up	22	Dysf Deficiency mouse GSE2629 sample 869	5.501452236158392e-29	21.969647050576565	1429.5639580518869	ITGB1;UQCR11;THY1;ACTB;MYL12A;ACTG1;PTMS;TUBA1C;TUBA1B;LGALS1;GNG5;TUBB3;SEC61G;TMSB4X;CFL1;SEC61B;RAC1;TMSB10;S100A11;VKORC1;POSTN;TPM4;LUM;FN1;ATOX1;COL1A1;COL3A1;RCN1;OSTC;COL5A2;COL6A3;PPIB	5.826538050113206e-27
SRRS_all_modules	135	Gene_Perturbations_from_GEO_up	23	Dmd Deficiency mouse GSE897 sample 906	4.299108346217472e-28	21.79631888633754	1373.4726926106173	ITGB1;LRP1;YBX1;HIF1A;ACTB;ACTG1;PTMS;TUBA1C;TUBA1B;LGALS1;TMSB4X;CFL1;TIMP1;RAC1;TMSB10;S100A11;CTSB;POSTN;TPI1;TPM4;LUM;TPM2;PGAM1;SSR3;COL1A1;COL3A1;PKM;COL5A2;COL6A3;PLIN2;GAPDH	4.3551836724724824e-26
SRRS_all_modules	135	Gene_Perturbations_from_GEO_up	24	MECOM KD human GSE16238 sample 2341	7.202312295999358e-28	21.391659622428854	1336.9355254563425	CXCL8;ARPC1B;PLOD2;UQCR10;ENO1;HIF1A;ACTB;LGALS1;TMSB4X;SH3BGRL3;TIMP1;RAC1;TMSB10;S100A11;AP2M1;CTSB;CTHRC1;OST4;SSR4;PGAM1;MIF;PDIA6;PKM;OSTC;RAB13;KDELR2;TGFBI;P4HB;IL6ST;PPIB;GAPDH	6.99224485403271e-26
SRRS_all_modules	135	Gene_Perturbations_from_GEO_up	25	KDM1B KD human GSE22859 sample 2611	1.4258833779873177e-27	18.46861025111799	1141.6372530192791	ITGB1;ARPC1B;GSTP1;PLOD2;UQCR11;YBX1;SRM;PRDX4;LGALS1;GNG5;C1QBP;CFL1;TMSB10;S100A11;AP2M1;VKORC1;OST4;PRELID1;PPP1R14B;SSR4;PGAM1;MIF;PDIA6;CKAP4;NME1;RCN1;PKM;VDAC1;TGFBI;CALR;P4HB;PPIB;GAPDH	1.3086424367624775e-25
SRRS_all_modules	135	Gene_Perturbations_from_GEO_up	26	IRS3P KO mouse GSE2556 sample 2539	1.4602876976748677e-27	20.849416208791208	1288.3096971233708	TAGLN;SDC4;YBX1;ACTB;MYL12A;WISP1;PSMA7;ACTG1;SRM;TUBA1C;TUBA1B;GNG5;BASP1;TUBB3;CFL1;ITGAV;RAC1;TMSB10;POSTN;PPP1R14B;TPI1;TPM4;GSTO1;PGAM1;CKAP4;COL1A1;COL3A1;PKM;COL5A2;GAPDH;ENG	1.3086424367624775e-25
SRRS_all_modules	135	Gene_Perturbations_from_GEO_up	27	Akt1 KO mouse GSE2746 sample 223	2.393604984108603e-27	20.478407557354927	1255.264884965159	TNC;THY1;YBX1;THBS1;ACTB;ACTG1;PTMS;TUBA1B;PRDX4;BASP1;CFL1;TIMP1;AP2M1;SERF2;EIF5A;POSTN;PPP1R14B;TPM4;GSTO1;NME2;COL1A1;RCN3;COL3A1;RCN1;PKM;COL6A3;TGFBI;CALR;PPIB;PFN1;GAPDH	2.0655924492492758e-25
SRRS_all_modules	135	Gene_Perturbations_from_GEO_up	28	Eif2ak3 KO mouse GSE4422 sample 983	2.6262023337834124e-27	17.123490939172246	1048.0305690783173	SDC4;UQCR11;YBX1;ACTB;MYL12A;ACTG1;TUBA1B;LGALS1;S100A16;SEC61G;TMSB4X;CFL1;SH3BGRL3;TMSB10;S100A11;AP2M1;CTSB;VKORC1;POSTN;SSR3;FN1;NME2;PDIA6;NME1;COL1A1;COL3A1;OSTC;COL6A3;KDELR2;PLIN2;CALR;PPIB;PFN1;GAPDH	2.185375513469768e-25
SRRS_all_modules	135	Gene_Perturbations_from_GEO_up	29	IRS4 KO mouse GSE2556 sample 2540	2.8356040895350878e-27	18.0390756302521	1102.684362494822	LRP1;BRI3;GSTP1;UQCR11;UQCR10;HIF1A;THBS1;MYL12A;ACTG1;PTMS;TUBA1C;LGALS1;TUBB3;CFL1;ITGAV;SEC61B;RAC1;RABAC1;TMSB10;S100A11;CTSB;POSTN;TPI1;GSTO1;PGAM1;FN1;ATOX1;LSM7;PKM;PLIN2;TGFBI;CD47;GAPDH	2.278261216764398e-25
SRRS_all_modules	135	Gene_Perturbations_from_GEO_up	30	EZH2 DEPLETION human GSE6015 sample 144	3.206443202314946e-27	20.261985844017094	1236.0750553420098	GSTP1;SERPINE1;TNC;PLOD2;UQCR10;ENO1;YBX1;PRDX4;GNG5;AP2S1;SH3BGRL3;TIMP1;TMSB10;S100A11;AP2M1;VKORC1;TPI1;TNFRSF12A;LUM;MIF;PDIA6;CKAP4;ATOX1;NME1;COL1A1;PKM;ADAM12;VDAC1;TGFBI;ITGA5;P4HB	2.4903375537979414e-25
SRRS_all_modules	135	Gene_Perturbations_from_GEO_up	31	SUZ12 DEPLETION human GSE6015 sample 146	1.0968827889584663e-26	22.184118197411507	1326.0498993573344	ARPC1B;GSTP1;SERPINE1;PLOD2;UQCR10;YBX1;ACTB;TUBA1C;LGALS1;AP2S1;SH3BGRL3;RABAC1;TMSB10;S100A11;AP2M1;IL11;TPI1;TNFRSF12A;GSTO1;PGAM1;INHBA;PDIA6;ATOX1;COL1A1;RCN1;COL6A3;TGFBI;P4HB;GAPDH	8.244312575074924e-25
SRRS_all_modules	135	Gene_Perturbations_from_GEO_up	32	Rps6ka3 KO mouse GSE52992 sample 2894	1.250460455413919e-26	20.580882352941178	1227.5199845258242	ITGB1;TAGLN;SERPINE1;TNC;THY1;PTGS2;THBS1;MYL12A;WISP1;ACTG1;BASP1;TMSB4X;CFL1;TIMP1;TMSB10;POSTN;TPM4;GSTO1;TPM2;MMP3;FN1;INHBA;MMP10;COL3A1;COL5A2;ADAM12;PLIN2;P4HB;PFN1;GAPDH	9.104915190982598e-25
SRRS_all_modules	135	Gene_Perturbations_from_GEO_up	33	Akt1 KO mouse GSE2746 sample 224	1.380736240428959e-26	20.50444793301936	1220.9290592170464	TNC;THY1;YBX1;THBS1;WISP1;ACTG1;SRM;TUBA1B;PRDX4;BASP1;SH3BGRL3;TIMP1;AP2M1;VKORC1;POSTN;TPM4;GSTO1;CKAP4;COL1A1;RCN3;COL3A1;RCN1;OSTC;COL5A2;COL6A3;KDELR2;TGFBI;CALR;P4HB;PPIB	9.748834667271136e-25
SRRS_all_modules	135	Gene_Perturbations_from_GEO_up	34	Dmd Deficiency mouse GSE897 sample 907	5.084908893729518e-26	26.532317420826207	1545.2669824027298	ITGB1;LRP1;YBX1;HIF1A;ACTB;ACTG1;PTMS;TUBA1C;TUBA1B;LGALS1;BASP1;TMSB4X;CFL1;TIMP1;RAC1;TMSB10;S100A11;CTSB;POSTN;LUM;TPM2;COL1A1;COL3A1;COL5A2;COL6A3;GAPDH	3.484658153644052e-24
SRRS_all_modules	135	Gene_Perturbations_from_GEO_up	35	COMMD3-BMI1 KD human GSE7578 sample 129	6.07237126073543e-26	18.205979567307693	1057.1022252917262	CXCL8;SDC4;SERPINE1;TNC;PLOD2;THBS1;ACTG1;PRDX4;S100A16;ITGAV;TMSB10;CTHRC1;ACVR1;TNFRSF12A;FN1;INHBA;PDIA6;CKAP4;COL1A1;COL3A1;RCN1;FAP;COL5A2;COL6A3;KDELR2;TGFBI;ITGA5;CALR;P4HB;CD47;PPIB	4.042464296432443e-24
SRRS_all_modules	135	Gene_Perturbations_from_GEO_up	36	MECOM KD human GSE16238 sample 2342	9.616149590335135e-26	20.39091756940957	1174.5936948399903	ARPC1B;GSTP1;UQCR10;HIF1A;ACTB;MYL12A;ACTG1;TUBA1B;PRDX4;LGALS1;GNG5;BASP1;TUBB3;CFL1;COTL1;AP2S1;SH3BGRL3;TIMP1;TMSB10;AP2M1;SERF2;SSR4;PGAM1;PDIA6;PKM;CALR;P4HB;PPIB;PFN1	6.2237857070780186e-24
SRRS_all_modules	135	Gene_Perturbations_from_GEO_up	37	HNF4A KD human GSE25417 sample 1357	1.021590559028246e-25	19.01943634596696	1094.4404951063557	PLOD2;HIF1A;MYL12A;LGALS1;BASP1;TMSB4X;PDPN;CFL1;AP2S1;ITGAV;TIMP1;RABAC1;TMSB10;S100A11;CTHRC1;OST4;POSTN;LUM;WNT5A;FN1;CKAP4;COL1A1;TGFBR3;COL3A1;RCN1;COL5A2;RAB13;COL6A3;TGFBI;IL6ST	6.433259466313009e-24
SRRS_all_modules	135	Gene_Perturbations_from_GEO_up	38	Cdx2 KO mouse GSE12999 sample 773	1.4169800707190075e-25	13.087531601509545	748.8175093876998	TAGLN;THBS1;ACTB;MYL12A;ACTG1;EEF1B2;TUBA1C;TUBA1B;LGALS1;GNG5;BASP1;SEC61G;C1QBP;TMSB4X;CFL1;TMSB10;S100A11;AP2M1;COX8A;EIF5A;TPI1;TPM4;PGAM1;SSR3;FN1;NME2;NME1;COL1A1;RCN3;PKM;VDAC1;PLIN2;CALR;P4HB;PPIB;PFN1;GAPDH	8.688325170461283e-24
SRRS_all_modules	135	Gene_Perturbations_from_GEO_up	39	TNF Stimulation of gene product human GSE2638 sample 3111	2.179548568064621e-25	17.37743972445465	986.7867693991285	CXCL8;SDC4;SERPINE1;TNC;PLOD2;HIF1A;PRDX4;BASP1;PDPN;CFL1;COTL1;AP2S1;SH3BGRL3;ITGAV;TIMP1;RAC1;S100A11;EIF5A;CCL20;GSTO1;SPHK1;CKAP4;NME1;PKM;BAMBI;RAB13;TGFBI;ITGA5;CALR;P4HB;CD47	1.302140554766812e-23
SRRS_all_modules	135	Gene_Perturbations_from_GEO_up	40	Slc39a13 Deficiency mouse GSE10556 sample 597	2.3352809607720403e-25	22.848837209302324	1295.9059639683994	SDC4;SERPINE1;PLOD2;THBS1;SEC61G;TIMP1;RABAC1;CTHRC1;VKORC1;OST4;POSTN;LUM;SSR3;FN1;NME1;COL1A1;RCN3;COL3A1;OSTC;COL5A2;COL6A3;KDELR2;PLIN2;TGFBI;CALR;P4HB;PPIB	1.3603011596497135e-23
SRRS_all_modules	135	Gene_Perturbations_from_GEO_up	41	Hras  mouse GSE3530 sample 990	2.4957904406335874e-25	16.324496898961087	924.7831057870131	ITGB1;BRI3;SERPINE1;ACTB;ACTG1;PTMS;EEF1B2;LGALS1;TMSB4X;CFL1;SH3BGRL3;RAC1;RABAC1;TMSB10;S100A11;CTSB;VKORC1;POSTN;TPM4;TNFRSF12A;LUM;GSTO1;FN1;COL1A1;COL3A1;COL5A2;COL6A3;TGFBI;CALR;P4HB;PPIB;PFN1	1.4183394455307947e-23
SRRS_all_modules	135	Gene_Perturbations_from_GEO_up	42	Akt1 KO mouse GSE2746 sample 222	4.088538996039336e-25	19.275926428668384	1082.467398848071	ITGB1;TNC;THY1;THBS1;ACTB;ACTG1;EEF1B2;PRDX4;BASP1;C1QBP;CFL1;SH3BGRL3;TIMP1;TMSB10;EIF5A;VKORC1;POSTN;TPM4;GSTO1;INHBA;COL1A1;RCN3;COL3A1;RCN1;COL6A3;TGFBI;CALR;PPIB;PFN1	2.2681656811361077e-23
SRRS_all_modules	135	Gene_Perturbations_from_GEO_up	43	Foxd3 KO mouse GSE58960 sample 1417	5.4099664986518515e-25	19.067212784529644	1065.406911452076	TAGLN;SDC4;ARPC1B;GSTP1;SERPINE1;TNC;PTGS2;THBS1;ACTB;ACTG1;EEF1B2;TUBA1B;LGALS1;BASP1;TMSB4X;TIMP1;S100A11;CTSB;POSTN;TPM4;GSTO1;MMP3;FN1;INHBA;LSM7;IL6;COL5A2;PLIN2;P4HB	2.93144696322298e-23
SRRS_all_modules	135	Gene_Perturbations_from_GEO_up	44	Dmd Deficiency mouse GSE897 sample 905	6.0376476694810795e-25	17.78980891719745	992.0773865156124	ITGB1;GSTP1;UQCR10;HIF1A;THBS1;MYL12A;ACTG1;PTMS;TUBA1C;TUBA1B;LGALS1;SEC61G;TMSB4X;CFL1;TIMP1;RAC1;TMSB10;S100A11;CTSB;POSTN;TPM4;LUM;PGAM1;ATOX1;COL1A1;COL3A1;PKM;OSTC;COL5A2;COL6A3	3.1972088795206625e-23
SRRS_all_modules	135	Gene_Perturbations_from_GEO_up	45	MAP4K5 knockdown human GSE61497 sample 2053	7.137122327369197e-25	18.86290858357693	1048.7648464264637	UQCR10;ENO1;ACTB;PSMA7;ACTG1;SRM;TUBA1C;TUBA1B;GNG5;BASP1;S100A16;GUK1;SEC61G;C1QBP;CFL1;AP2S1;SH3BGRL3;SEC61B;TIMP1;TMSB10;S100A11;EIF5A;TNFRSF12A;SSR4;MIF;ATOX1;PLIN2;PPIB;PFN1	3.615107613645702e-23
SRRS_all_modules	135	Gene_Perturbations_from_GEO_up	46	PTEN KD human GSE7562 sample 1367	7.137122327369197e-25	18.86290858357693	1048.7648464264637	ITGB1;CXCL8;SDC4;GSTP1;PLOD2;PTGS2;HIF1A;ACTG1;LDHB;TUBB3;SEC61G;C1QBP;TMSB4X;COTL1;TIMP1;S100A11;EIF5A;TPI1;TNFRSF12A;SSR4;CCL20;GSTO1;PGAM1;LSM7;RCN1;PKM;TGFBI;CD47;PFN1	3.615107613645702e-23
SRRS_all_modules	135	Gene_Perturbations_from_GEO_up	47	Rb1 Deficiency mouse GSE6787 sample 671	1.8902744658584737e-24	16.059100084997876	877.2334841592284	ITGB1;BRI3;GSTP1;HIF1A;THBS1;MYL12A;ACTG1;PTMS;PRDX4;GNG5;BASP1;TMSB4X;RAC1;RABAC1;TMSB10;S100A11;POSTN;TPI1;TPM4;LUM;PGAM1;SSR3;PDIA6;COL1A1;COL3A1;PKM;OSTC;COL5A2;COL6A3;GAPDH;ENG	9.370935117979241e-23
SRRS_all_modules	135	Gene_Perturbations_from_GEO_up	48	Irs1 KO mouse GSE2556 sample 330	1.9585951115665047e-24	17.01829268292683	929.0254456955189	TAGLN;BRI3;GSTP1;UQCR10;THY1;ACTB;MYL12A;WISP1;ACTG1;PTMS;TUBA1C;TUBA1B;LGALS1;GNG5;BASP1;CFL1;TIMP1;RAC1;TMSB10;AP2M1;TPI1;TPM4;GSTO1;PGAM1;ATOX1;COL1A1;PKM;COL5A2;PPIB;GAPDH	9.507347104062408e-23
SRRS_all_modules	135	Gene_Perturbations_from_GEO_up	49	ADRB1 Beta-1 receptor blocker (NEBIVOLOL) human GSE3356 sample 2279	2.0522121788081486e-24	14.383362498317405	784.513522972574	TAGLN;ARPC1B;GSTP1;UQCR11;UQCR10;YBX1;HIF1A;THBS1;GNG5;TUBB3;SEC61G;TMSB4X;AP2S1;SH3BGRL3;SEC61B;TIMP1;RABAC1;S100A11;AP2M1;CTSB;COX8A;VKORC1;GSTO1;TPM2;MIF;PDIA6;ATOX1;NME1;PKM;FAP;ITGA5;P4HB;PFN1	9.758478319638748e-23
SRRS_all_modules	135	Gene_Perturbations_from_GEO_up	50	FAM60A KD human GSE39733 sample 3034	2.3461541992482388e-24	19.280865715691096	1049.057727434612	TAGLN;SERPINE1;PLOD2;HIF1A;ACTB;SRM;EEF1B2;LGALS1;BASP1;TUBB3;SH3BGRL3;TIMP1;RABAC1;TMSB10;AP2M1;CTSB;COX8A;VKORC1;IL11;SSR4;FN1;MIF;LSM7;PKM;COL5A2;TGFBI;P4HB;PFN1	1.0933078568496793e-22
SRRS_all_modules	135	Gene_Perturbations_from_GEO_up	51	YY2 KD human GSE14964 sample 517	2.5994627211192437e-24	26.79721230664627	1455.2691732336498	COX8A;PGAM1;PLOD2;ACTB;NME1;LDHB;TUBA1C;TUBA1B;LGALS1;PKM;GNG5;BASP1;TUBB3;S100A16;TMSB4X;CFL1;COTL1;SH3BGRL3;TGFBI;PPIB;PFN1;TMSB10;GAPDH;S100A11	1.1875976745505566e-22
SRRS_all_modules	135	Gene_Perturbations_from_GEO_up	52	Dmd Deficiency mouse GSE1026 sample 928	2.9452126046492057e-24	16.75847275847276	908.0052453530343	LRP1;BRI3;GSTP1;HIF1A;THBS1;PSMA7;ACTG1;TUBA1C;TUBA1B;LGALS1;BASP1;TUBB3;SEC61G;TMSB4X;CFL1;TIMP1;TMSB10;S100A11;CTSB;VKORC1;POSTN;PPP1R14B;TPM4;LUM;SSR3;OSTC;COL5A2;COL6A3;PLIN2;PPIB	1.2863411257246277e-22
SRRS_all_modules	135	Gene_Perturbations_from_GEO_up	53	TBK1 knockdown human GSE17643 sample 1890	2.9812197763575065e-24	17.842295597484277	966.5119727931731	SDC4;GSTP1;UQCR11;UQCR10;HIF1A;LDHB;TUBA1B;LGALS1;GNG5;BASP1;TUBB3;TMSB4X;CFL1;AP2S1;SEC61B;TIMP1;TMSB10;S100A11;COX8A;TPI1;GSTO1;PGAM1;MIF;CKAP4;ATOX1;RAB13;KDELR2;TGFBI;CALR	1.2863411257246277e-22
SRRS_all_modules	135	Gene_Perturbations_from_GEO_up	54	Dmd Deficiency mouse GSE1472 sample 1642	2.9812197763575065e-24	17.842295597484277	966.5119727931731	ITGB1;LRP1;YBX1;HIF1A;ACTG1;PTMS;TUBA1C;TUBA1B;LGALS1;BASP1;TMSB4X;CFL1;TIMP1;RAC1;TMSB10;S100A11;CTSB;VKORC1;POSTN;TPM4;LUM;FN1;COL1A1;COL3A1;COL5A2;COL6A3;PLIN2;CD47;PPIB	1.2863411257246277e-22
SRRS_all_modules	135	Gene_Perturbations_from_GEO_up	55	ZMPSTE24 KD human GSE41799 sample 3020	4.9475180045879526e-24	18.710280373831775	1004.0526981389706	CXCL8;GSTP1;YBX1;PTGS2;HIF1A;THBS1;ACTB;MYL12A;ACTG1;S100A16;GUK1;SEC61G;C1QBP;TMSB4X;CFL1;SEC61B;PPP1R14B;TPI1;CCL20;TPM2;ATOX1;COL1A1;LSM7;IL6;RCN1;KDELR2;PFN1;GAPDH	2.0959485364890782e-22
SRRS_all_modules	135	Gene_Perturbations_from_GEO_up	56	KDM4C natural variation human GSE41040 sample 616	1.0283008733854836e-23	22.925407925407924	1213.4773606576498	TAGLN;HIF1A;ACTG1;LDHB;PRDX4;LGALS1;S100A16;TMSB4X;SH3BGRL3;RABAC1;TMSB10;SERF2;VKORC1;OST4;SSR4;LUM;WNT5A;FN1;CKAP4;COL3A1;PKM;RAB13;P4HB;PPIB;GAPDH	4.278466133907458e-22
SRRS_all_modules	135	Gene_Perturbations_from_GEO_up	57	Pparg OE mouse GSE2192 sample 861	1.100545364978514e-23	19.45734126984127	1028.5861040279099	ARPC1B;GSTP1;UQCR10;YBX1;ACTB;MYL12A;ACTG1;PTMS;SRM;TUBA1C;TUBA1B;LGALS1;GNG5;TUBB3;CFL1;SEC61B;TMSB10;S100A11;PPP1R14B;TPI1;TPM4;GSTO1;PGAM1;PKM;PLIN2;PFN1;GAPDH	4.483940679426328e-22
SRRS_all_modules	135	Gene_Perturbations_from_GEO_up	58	Mnat1 Deficiency - Ablation mouse GSE6662 sample 717	1.1161740747069832e-23	18.106931739374524	956.943199850052	ITGB1;LRP1;SERPINE1;UQCR10;HIF1A;THBS1;MYL12A;ACTG1;PTMS;TUBA1C;TUBA1B;LGALS1;TMSB4X;CFL1;ITGAV;RAC1;TMSB10;S100A11;POSTN;TPM4;LUM;GSTO1;FN1;COL1A1;COL3A1;COL5A2;COL6A3;ENG	4.483940679426328e-22
SRRS_all_modules	135	Gene_Perturbations_from_GEO_up	59	YY1AP1 OE human GSE10196 sample 59	1.4554545651052394e-23	17.914253970328737	942.0056185488413	ITGB1;SDC4;SERPINE1;PLOD2;THBS1;ACTB;PSMA7;ACTG1;TUBA1C;LGALS1;BASP1;TUBB3;SEC61G;TMSB4X;COTL1;RAC1;RABAC1;TMSB10;S100A11;CTSB;OST4;CCL20;SSR3;FN1;OSTC;P4HB;PPIB;PFN1	5.747812096093573e-22
SRRS_all_modules	135	Gene_Perturbations_from_GEO_up	60	Muc2 &quot;missense mutation (T2996C, Accession AJ511873) resulting i mouse GSE9913 sample 1053	1.885615462078538e-23	16.604564631430915	868.8372128441006	UQCR11;ACTB;PSMA7;ACTG1;GNG5;S100A16;SEC61G;C1QBP;TMSB4X;CFL1;SH3BGRL3;SEC61B;RAC1;TMSB10;S100A11;EIF5A;PRELID1;TPI1;SSR4;PGAM1;NME2;NME1;PKM;OSTC;CALR;P4HB;PPIB;PFN1;GAPDH	7.205169686406062e-22
SRRS_all_modules	135	Gene_Perturbations_from_GEO_up	61	Dmd Deficiency mouse GSE1026 sample 929	1.8925603970344e-23	17.72557643178217	927.4292173427838	ITGB1;LRP1;TNC;UQCR10;HIF1A;THBS1;ACTG1;TUBA1C;TUBA1B;LGALS1;BASP1;TUBB3;SEC61G;TMSB4X;CFL1;TIMP1;TMSB10;S100A11;CTSB;POSTN;PPP1R14B;LUM;PGAM1;LSM7;OSTC;COL5A2;COL6A3;PPIB	7.205169686406062e-22
SRRS_all_modules	135	Gene_Perturbations_from_GEO_up	62	Socs3 DELETION mouse GSE2202 sample 107	1.9481789280840427e-23	18.999031007751938	993.5080085402793	SDC4;ARPC1B;PLOD2;YBX1;THBS1;ACTG1;LGALS1;BASP1;SEC61G;AP2S1;TIMP1;RAC1;TMSB10;S100A11;AP2M1;VKORC1;TPM4;SSR3;CKAP4;RCN3;RCN1;KDELR2;VDAC1;PLIN2;CALR;P4HB;PPIB	7.205169686406062e-22
SRRS_all_modules	135	Gene_Perturbations_from_GEO_up	63	RNF185 KD human GSE47685 sample 1780	1.9481789280840427e-23	18.999031007751938	993.5080085402793	YBX1;HIF1A;ACTB;ACTG1;TUBA1C;TUBA1B;PRDX4;LGALS1;BASP1;S100A16;C1QBP;CFL1;COTL1;IL6R;TMSB10;S100A11;PRELID1;TPM4;SSR4;CCL20;PDIA6;LSM7;PKM;P4HB;PPIB;PFN1;GAPDH	7.205169686406062e-22
SRRS_all_modules	135	Gene_Perturbations_from_GEO_up	64	Dmd Deficiency mouse GSE897 sample 911	2.064433036738118e-23	17.66355140186916	922.6485687038113	ITGB1;LRP1;GSTP1;HIF1A;ACTB;MYL12A;ACTG1;PTMS;TUBA1C;TUBA1B;LGALS1;BASP1;TMSB4X;CFL1;TIMP1;TMSB10;S100A11;CTSB;POSTN;LUM;FN1;ATOX1;COL1A1;COL3A1;COL5A2;COL6A3;GAPDH;ENG	7.422308760593096e-22
SRRS_all_modules	135	Gene_Perturbations_from_GEO_up	65	ERBB2 overexpression human GSE14990 sample 1992	2.0706011563886318e-23	15.568236233040702	813.154170349378	ENO1;YBX1;ACTB;MYL12A;PSMA7;ACTG1;SRM;LDHB;TUBA1C;TUBA1B;PRDX4;GNG5;TUBB3;S100A16;SEC61G;C1QBP;TMSB4X;CFL1;COTL1;AP2S1;TIMP1;EIF5A;PRELID1;TNFRSF12A;GSTO1;PGAM1;PDIA6;NME1;LSM7;PFN1	7.422308760593096e-22
SRRS_all_modules	135	Gene_Perturbations_from_GEO_up	66	BMI1 DEPLETION human GSE6015 sample 142	2.4541955588233694e-23	17.54077582895916	913.2018741199856	TAGLN;CXCL8;GSTP1;SERPINE1;UQCR11;UQCR10;ENO1;YBX1;THBS1;ACTB;EEF1B2;GNG5;CFL1;AP2S1;SEC61B;S100A11;IL11;TPM4;TNFRSF12A;WNT5A;FN1;MIF;INHBA;PDIA6;COL1A1;COL6A3;ITGA5;PFN1	8.66405401827038e-22
SRRS_all_modules	135	Gene_Perturbations_from_GEO_up	67	Dmd Deficiency mouse GSE1025 sample 924	2.5791506235944265e-23	18.77777777777778	976.6697216283535	ITGB1;LRP1;HIF1A;THBS1;ACTG1;PTMS;TUBA1C;TUBA1B;LGALS1;TUBB3;TMSB4X;CFL1;TIMP1;TMSB10;S100A11;CTSB;POSTN;TPM4;LUM;FN1;COL1A1;COL3A1;PKM;COL5A2;COL6A3;PPIB;GAPDH	8.837383754375021e-22
SRRS_all_modules	135	Gene_Perturbations_from_GEO_up	68	IGF1 OE human GSE7561 sample 569	2.5791506235944265e-23	18.77777777777778	976.6697216283535	ARPC1B;YBX1;ACTB;PSMA7;ACTG1;TUBA1C;TUBA1B;GNG5;TUBB3;SEC61G;CFL1;AP2S1;SH3BGRL3;SEC61B;RAC1;S100A11;COX8A;PPP1R14B;TPI1;TNFRSF12A;PGAM1;MIF;NME1;PKM;P4HB;PFN1;GAPDH	8.837383754375021e-22
SRRS_all_modules	135	Gene_Perturbations_from_GEO_up	69	Dmd Deficiency mouse GSE897 sample 914	3.034014551177596e-23	14.505168269230769	752.0867442373531	ITGB1;LRP1;UQCR10;HIF1A;THBS1;ACTB;ACTG1;PTMS;TUBA1C;TUBA1B;LGALS1;GNG5;BASP1;TMSB4X;CFL1;TIMP1;RAC1;RABAC1;TMSB10;S100A11;CTSB;VKORC1;POSTN;TPM4;LUM;FN1;ATOX1;COL1A1;COL3A1;COL5A2;COL6A3	1.024529551339681e-21
SRRS_all_modules	135	Gene_Perturbations_from_GEO_up	70	BRCA1 DEPLETION human GSE22259 sample 529	4.34541409988336e-23	15.137422360248447	779.4309647105504	SDC4;UQCR11;UQCR10;ACTB;ACTG1;EEF1B2;TUBA1C;TUBA1B;PRDX4;GNG5;TUBB3;SEC61G;TMSB4X;CFL1;SEC61B;TIMP1;S100A11;COX8A;TNFRSF12A;SSR4;GSTO1;CKAP4;IL6;BAMBI;OSTC;RAB13;ITGA5;P4HB;PPIB;PFN1	1.4260302609476379e-21
SRRS_all_modules	135	Gene_Perturbations_from_GEO_up	71	Lhx1 NULL MUTATION - Ablation mouse GSE4230 sample 775	4.34541409988336e-23	15.137422360248447	779.4309647105504	BRI3;UQCR11;PTMS;SRM;LGALS1;SEC61G;C1QBP;AP2S1;SH3BGRL3;TMSB10;S100A11;COX8A;EIF5A;VKORC1;PRELID1;POSTN;TPI1;TPM4;PGAM1;SSR3;FN1;MIF;COL1A1;COL3A1;PKM;TGFBI;P4HB;PPIB;PFN1;GAPDH	1.4260302609476379e-21
SRRS_all_modules	135	Gene_Perturbations_from_GEO_up	72	RAF1 overexpression human GSE42964 sample 1982	1.0924576649102075e-22	17.67870036101083	893.9843364803464	FKBP11;TAGLN;BRI3;GSTP1;SERPINE1;THBS1;ACTB;ACTG1;TUBA1B;SEC61G;CFL1;AP2S1;SEC61B;RABAC1;SERF2;VKORC1;PPP1R14B;TPI1;TNFRSF12A;SSR4;MIF;CKAP4;ATOX1;COL5A2;KDELR2;P4HB;ENG	3.5353143878344216e-21
SRRS_all_modules	135	Gene_Perturbations_from_GEO_up	73	Akt1 KO mouse GSE2746 sample 221	1.5467548502304812e-22	17.423487544483987	875.0199666411299	ITGB1;SERPINE1;TNC;THY1;THBS1;WISP1;ACTG1;PRDX4;BASP1;SH3BGRL3;TIMP1;TMSB10;SERF2;PDGFRB;POSTN;TPM4;TNFRSF12A;GSTO1;INHBA;COL1A1;RCN3;COL3A1;RCN1;COL6A3;TGFBI;CALR;PPIB	4.936902467174002e-21
SRRS_all_modules	135	Gene_Perturbations_from_GEO_up	74	Sox7 OE mouse GSE10809 sample 1004	1.8877034681582598e-22	20.10954135954136	1005.9096453636911	TAGLN;SDC4;GSTP1;HIF1A;ACTB;ACTG1;TUBA1C;TUBA1B;LGALS1;GNG5;S100A16;TMSB4X;CFL1;ITGAV;RABAC1;TMSB10;S100A11;OST4;TPI1;SSR4;FN1;PKM;P4HB;PFN1;GAPDH	5.9437149740658726e-21
SRRS_all_modules	135	Gene_Perturbations_from_GEO_up	75	Dmd Deficiency mouse GSE897 sample 910	2.372240315176483e-22	17.11451048951049	852.1834584318664	ITGB1;YBX1;HIF1A;ACTB;MYL12A;ACTG1;TUBA1C;TUBA1B;LGALS1;GNG5;BASP1;TUBB3;TMSB4X;RAC1;TMSB10;S100A11;CTSB;POSTN;TPI1;TPM4;LUM;COL1A1;COL3A1;PKM;COL5A2;COL6A3;GAPDH	7.369759912481607e-21
SRRS_all_modules	135	Gene_Perturbations_from_GEO_up	76	Ddit3 knock-out (treated with 2 ug/ml tunicamycin for 4 hours) mouse GSE2082 sample 1387	3.0569541328724376e-22	18.19897904544319	901.5674671978388	TAGLN;BRI3;GSTP1;TNC;PTGS2;THBS1;ACTG1;PTMS;TUBA1B;GNG5;BASP1;TUBB3;TMSB4X;CFL1;TIMP1;RAC1;RABAC1;S100A11;POSTN;TPM4;GSTO1;SPHK1;COL3A1;PLIN2;ITGA5;ENG	9.371977802095763e-21
SRRS_all_modules	135	Gene_Perturbations_from_GEO_up	77	UPF1 KD human GSE1703 sample 1039	4.259603165993229e-22	14.698217163054213	723.2654025401844	TAGLN;SERPINE1;ENO1;ACTB;ACTG1;SRM;TUBA1B;PRDX4;LGALS1;GNG5;TUBB3;TMSB4X;CFL1;AP2S1;SEC61B;TIMP1;RABAC1;TMSB10;S100A11;AP2M1;SSR4;GSTO1;NME2;CKAP4;NME1;KDELR2;P4HB;PPIB;PFN1	1.2734671418436976e-20
SRRS_all_modules	135	Gene_Perturbations_from_GEO_up	78	Ddit3 knock-out (treated with 2 ug/ml tunicamycin for 8 hours) mouse GSE2082 sample 1388	4.26310888685873e-22	16.699658703071673	821.7379910592077	ITGB1;TAGLN;SERPINE1;TNC;THY1;PTGS2;HIF1A;THBS1;WISP1;ACTG1;PTMS;TUBA1C;GNG5;BASP1;TUBB3;TIMP1;RABAC1;TMSB10;S100A11;POSTN;SPHK1;INHBA;COL1A1;COL5A2;KDELR2;ITGA5;ENG	1.2734671418436976e-20
SRRS_all_modules	135	Gene_Perturbations_from_GEO_up	79	RELA KD human GSE1676 sample 1787	5.327592054508239e-22	13.763083451202263	674.1705037925161	UQCR11;UQCR10;ENO1;YBX1;HIF1A;ACTB;SRM;LDHB;PRDX4;BASP1;C1QBP;AP2S1;RABAC1;AP2M1;COX8A;EIF5A;MAP2K2;TPI1;SSR4;GSTO1;PGAM1;MIF;NME1;PKM;BAMBI;VDAC1;P4HB;PPIB;PFN1;GAPDH	1.571302466709392e-20
SRRS_all_modules	135	Gene_Perturbations_from_GEO_up	80	CMAHP KO mouse GSE16438 sample 1147	5.921484012479812e-22	16.47138047138047	805.0928282099447	GSTP1;ACTG1;TUBA1B;LGALS1;BASP1;PDPN;CFL1;SH3BGRL3;TIMP1;TMSB10;S100A11;AP2M1;CTSB;PRELID1;POSTN;TPM4;PGAM1;FN1;CKAP4;COL3A1;COL5A2;COL6A3;KDELR2;PLIN2;TGFBI;PPIB;PFN1	1.7246322186347452e-20
SRRS_all_modules	135	Gene_Perturbations_from_GEO_up	81	PPARGC1A KD human GSE36879 sample 2868	6.828789925681908e-22	17.57515348003035	856.5378390753137	PLOD2;THBS1;ACTB;ACTG1;PRDX4;LGALS1;SEC61G;COTL1;SH3BGRL3;TIMP1;SERF2;CTSB;VKORC1;TPI1;TNFRSF12A;PGAM1;MIF;INHBA;PDIA6;CKAP4;ATOX1;RCN1;RAB13;TGFBI;ITGA5;P4HB	1.9643309292393637e-20
SRRS_all_modules	135	Gene_Perturbations_from_GEO_up	82	FH Heterozygous germline mutations human GSE2724 sample 2489	8.193277958857472e-22	18.822401227464518	913.8945494880716	TNC;UQCR10;ENO1;LDHB;PRDX4;LGALS1;GNG5;TMSB4X;ITGAV;TIMP1;CTSB;TPI1;PGAM1;FN1;MIF;COL1A1;COL3A1;PKM;COL5A2;RAB13;ITGA8;COL6A3;ITGA5;PFN1;GAPDH	2.328089956602184e-20
SRRS_all_modules	135	Gene_Perturbations_from_GEO_up	83	Akt1 KO mouse GSE2746 sample 220	9.894426531647272e-22	18.662989729935337	902.6336398998551	ITGB1;TNC;THY1;THBS1;WISP1;ACTG1;PTMS;PRDX4;BASP1;SH3BGRL3;TIMP1;TMSB10;PDGFRB;POSTN;TPM4;GSTO1;COL1A1;RCN3;COL3A1;RCN1;COL6A3;PLIN2;TGFBI;CALR;PPIB	2.777592026353993e-20
SRRS_all_modules	135	Gene_Perturbations_from_GEO_up	84	CMAHP KO mouse GSE16438 sample 1149	1.428840097677694e-21	15.874188311688311	761.920146389113	THBS1;ACTB;ACTG1;TUBA1B;LGALS1;BASP1;TMSB4X;PDPN;CFL1;SH3BGRL3;TIMP1;TMSB10;S100A11;CTSB;POSTN;PGAM1;FN1;CKAP4;COL1A1;COL3A1;COL5A2;COL6A3;KDELR2;PLIN2;TGFBI;P4HB;PPIB	3.9633302709393176e-20
SRRS_all_modules	135	Gene_Perturbations_from_GEO_up	85	Dmd Deficiency mouse GSE1025 sample 920	2.496631749949882e-21	14.548339856751072	690.1637053410449	ITGB1;LRP1;GSTP1;HIF1A;THBS1;ACTG1;PTMS;TUBA1C;TUBA1B;LGALS1;BASP1;TUBB3;SEC61G;TMSB4X;CFL1;TIMP1;TMSB10;S100A11;CTSB;POSTN;PPP1R14B;LUM;COL3A1;COL5A2;COL6A3;PLIN2;PPIB;ENG	6.843708208686147e-20
SRRS_all_modules	135	Gene_Perturbations_from_GEO_up	86	Irs2 KO mouse GSE2556 sample 2538	2.6578371349759625e-21	15.465981012658228	732.728291269638	ITGB1;TAGLN;SDC4;GSTP1;UQCR10;HIF1A;ACTG1;PTMS;GNG5;BASP1;TUBB3;SEC61G;CFL1;ITGAV;RABAC1;TMSB10;AP2M1;POSTN;PPP1R14B;TPI1;TPM4;GSTO1;PGAM1;PKM;TGFBI;GAPDH;ENG	7.200884330806969e-20
SRRS_all_modules	135	Gene_Perturbations_from_GEO_up	87	Abcb4 KO mouse GSE4612 sample 313	2.8785688057563083e-21	14.464430383098144	684.1240730606032	ENO1;ACTB;MYL12A;ACTG1;PTMS;TUBA1B;LGALS1;GNG5;TMSB4X;CFL1;TMSB10;S100A11;CTSB;OST4;TPI1;TPM4;LUM;PGAM1;SSR3;FN1;MIF;ATOX1;COL3A1;OSTC;PLIN2;CALR;PFN1;GAPDH	7.709270479784137e-20
SRRS_all_modules	135	Gene_Perturbations_from_GEO_up	88	Dmd Deficiency mouse GSE1025 sample 925	3.5505815434734514e-21	17.617678763923823	829.5667327005882	ITGB1;GSTP1;UQCR10;YBX1;HIF1A;ACTG1;PTMS;TUBA1C;TUBA1B;LGALS1;GNG5;TMSB4X;ITGAV;TIMP1;TMSB10;S100A11;CTSB;POSTN;TPI1;MMP3;COL1A1;COL3A1;PKM;COL5A2;COL6A3	9.400971586696752e-20
SRRS_all_modules	135	Gene_Perturbations_from_GEO_up	89	Dmd Deficiency mouse GSE897 sample 915	4.065519861801973e-21	13.450566990661331	631.5275958999911	ITGB1;GSTP1;UQCR11;HIF1A;ACTB;ACTG1;TUBA1C;TUBA1B;LGALS1;GNG5;TUBB3;SEC61G;TMSB4X;ITGAV;RAC1;TMSB10;S100A11;CTSB;POSTN;TPI1;LUM;TPM2;ATOX1;COL1A1;COL3A1;PKM;COL5A2;COL6A3;PPIB	1.0643439638200672e-19
SRRS_all_modules	135	Gene_Perturbations_from_GEO_up	90	Tcof1 KD mouse GSE1956 sample 182	4.135733332946061e-21	18.95849420849421	889.8097649078281	COX8A;EIF5A;PRELID1;PPP1R14B;TPI1;TPM4;PGAM1;GSTP1;PLOD2;UQCR11;MIF;PSMA7;SRM;TUBA1B;PKM;TUBB3;OSTC;SEC61G;VDAC1;CALR;P4HB;PFN1;TMSB10;GAPDH	1.070695407307147e-19
SRRS_all_modules	135	Gene_Perturbations_from_GEO_up	91	Dmd mutation leading to lack of expression (mdx mutant) mouse GSE7187 sample 1298	7.118525429304426e-21	13.941371737909197	646.7623508379326	ARPC1B;ACTG1;TUBA1B;LGALS1;BASP1;TMSB4X;PDPN;CFL1;COTL1;SH3BGRL3;TIMP1;TMSB10;S100A11;CTSB;VKORC1;PRELID1;POSTN;LUM;PGAM1;MMP3;COL3A1;RCN1;FAP;COL5A2;COL6A3;PLIN2;TGFBI;PPIB	1.8226554121186059e-19
SRRS_all_modules	135	Gene_Perturbations_from_GEO_up	92	PPARGC1A KD human GSE36879 sample 2869	8.472075131031728e-21	16.93916349809886	782.8859833749742	TNC;THBS1;ACTG1;PRDX4;LGALS1;SEC61G;COTL1;SH3BGRL3;TIMP1;TMSB10;CTSB;VKORC1;TPI1;TNFRSF12A;PGAM1;MIF;INHBA;PDIA6;CKAP4;ATOX1;RAB13;TGFBI;ITGA5;P4HB;GAPDH	2.1456451147069483e-19
SRRS_all_modules	135	Gene_Perturbations_from_GEO_up	93	Dmd Deficiency mouse GSE897 sample 909	9.224761494680685e-21	16.8741391184573	778.4444615177044	ITGB1;GSTP1;YBX1;HIF1A;ACTB;ACTG1;TUBA1C;TUBA1B;LGALS1;RAC1;RABAC1;TMSB10;CTSB;VKORC1;POSTN;TPI1;LUM;TPM2;SSR3;COL1A1;COL3A1;PKM;COL5A2;COL6A3;GAPDH	2.31114992286086e-19
SRRS_all_modules	135	Gene_Perturbations_from_GEO_up	94	SOX17 OE human GSE10809 sample 1272	1.2727817890989968e-20	17.983508932661476	823.8334814640693	TAGLN;SSR4;GSTO1;GSTP1;FN1;ENO1;ACTB;MYL12A;ACTG1;TUBA1C;TUBA1B;LGALS1;PKM;GNG5;BAMBI;S100A16;TMSB4X;CFL1;ITGAV;P4HB;PPIB;PFN1;TMSB10;S100A11	3.154874009149641e-19
SRRS_all_modules	135	Gene_Perturbations_from_GEO_up	95	Xbp1 OE mouse GSE46178 sample 300	1.4049915830395424e-20	16.55626900980061	756.8147144772917	ARPC1B;GSTP1;SERPINE1;SRM;EEF1B2;SEC61G;PDPN;SEC61B;TIMP1;RABAC1;AP2M1;EIF5A;VKORC1;SSR4;SSR3;NME2;PDIA6;ATOX1;NME1;OSTC;CALR;P4HB;IL6ST;PPIB;GAPDH	3.445926724718036e-19
SRRS_all_modules	135	Gene_Perturbations_from_GEO_up	96	Mef2d KD mouse GSE47150 sample 366	1.4237567313570698e-20	15.399884942622702	703.7501466631916	UQCR11;THY1;ACTB;ACTG1;EEF1B2;LDHB;TUBA1B;BASP1;TUBB3;C1QBP;TMSB4X;CFL1;SH3BGRL3;TMSB10;AP2M1;COX8A;EIF5A;TPI1;PGAM1;NME2;NME1;PKM;VDAC1;CALR;PPIB;GAPDH	3.4555762333978883e-19
SRRS_all_modules	135	Gene_Perturbations_from_GEO_up	97	Dmd Deficiency mouse GSE1026 sample 930	1.659486239766415e-20	15.297337945555723	696.7202213472742	ITGB1;LRP1;HIF1A;ACTG1;PTMS;TUBA1C;TUBA1B;LGALS1;BASP1;TUBB3;TMSB4X;CFL1;TIMP1;TMSB10;S100A11;CTSB;VKORC1;POSTN;PPP1R14B;LUM;ATOX1;COL1A1;COL3A1;COL5A2;COL6A3;PPIB	3.986188596552316e-19
SRRS_all_modules	135	Gene_Perturbations_from_GEO_up	98	Xbp1 OE mouse GSE46178 sample 1437	1.9560422714698236e-20	16.310356310356312	740.1766698685243	ARPC1B;GSTP1;SERPINE1;SRM;EEF1B2;SEC61G;PDPN;SEC61B;TIMP1;RABAC1;AP2M1;EIF5A;VKORC1;SSR4;SSR3;NME2;PDIA6;ATOX1;NME1;OSTC;CALR;P4HB;IL6ST;PPIB;GAPDH	4.650590298494581e-19
SRRS_all_modules	135	Gene_Perturbations_from_GEO_up	99	MAPK7 constitutive activation human GSE17939 sample 2307	2.123094269382397e-20	16.25	736.105943207236	ARPC1B;ENO1;YBX1;ACTB;LGALS1;TUBB3;GUK1;CFL1;SH3BGRL3;TIMP1;TMSB10;S100A11;AP2M1;COX8A;PRELID1;TPM4;GSTO1;MIF;ATOX1;PKM;ITGA5;CALR;PFN1;GAPDH;ENG	4.9967774218797835e-19
SRRS_all_modules	135	Gene_Perturbations_from_GEO_up	100	Dysf Deficiency mouse GSE2629 sample 870	2.6117462688631957e-20	14.997610548983745	676.2674975388676	BRI3;UQCR11;ACTB;ACTG1;PTMS;TUBA1C;TUBA1B;LGALS1;GNG5;BASP1;TMSB4X;CFL1;RAC1;RABAC1;TMSB10;S100A11;VKORC1;POSTN;TPI1;TPM4;LUM;FN1;COL1A1;COL3A1;COL5A2;COL6A3	6.085368806451246e-19
SRRS_all_modules	135	Gene_Perturbations_from_GEO_down	1	LMNA OE human GSE40404 sample 2715	3.4709588001590423e-42	34.57564413124862	3300.734236999775	FKBP11;SDC4;GSTP1;TNC;PLOD2;ENO1;PTGS2;HIF1A;ACTB;ACTG1;EEF1B2;PRDX4;LGALS1;S100A16;SEC61G;RABAC1;TMSB10;CTHRC1;POSTN;TPI1;PGAM1;WNT5A;MIF;PDIA6;CKAP4;COL1A1;RCN3;IL6;COL3A1;FAP;OSTC;COL5A2;ADAM12;COL6A3;KDELR2;TGFBI;ITGA5;P4HB;PPIB;GAPDH	7.851308805959753e-39
SRRS_all_modules	135	Gene_Perturbations_from_GEO_down	2	Pfkl OE mouse GSE4695 sample 230	3.844305929973902e-39	25.55212716222534	2260.193619352747	TAGLN;GSTP1;TNC;THY1;THBS1;WISP1;PTMS;SRM;TUBA1B;BASP1;TMSB4X;CFL1;SEC61B;TMSB10;S100A11;CTHRC1;PDGFRB;EIF5A;PRELID1;POSTN;TPI1;TPM4;TPM2;PGAM1;SSR3;PDIA6;CKAP4;COL1A1;RCN3;COL3A1;RCN1;PKM;OSTC;COL5A2;ADAM12;COL6A3;ITGA5;CALR;P4HB;PPIB;PFN1;GAPDH	4.347910006800483e-36
SRRS_all_modules	135	Gene_Perturbations_from_GEO_down	3	ERG KD human GSE14801 sample 2614	9.664012049867788e-36	30.41438053097345	2452.148920915925	TAGLN;CXCL8;TNFAIP6;ARPC1B;PLOD2;ENO1;ACTG1;LGALS1;BASP1;CFL1;COTL1;AP2S1;ITGAV;TIMP1;TMSB10;AP2M1;CTHRC1;TPI1;TPM4;TNFRSF12A;CCL20;TPM2;SPHK1;PGAM1;FN1;NME1;IL6;PKM;COL5A2;RAB13;ITGA5;P4HB;IL6ST;PFN1;GAPDH	7.286665085600312e-33
SRRS_all_modules	135	Gene_Perturbations_from_GEO_down	4	E2f4 KO mouse GSE11039 sample 1167	9.860494509901598e-34	23.28191592094251	1769.410636025007	SDC4;GSTP1;SERPINE1;TNC;THY1;PTGS2;THBS1;ACTB;TUBA1B;LGALS1;GNG5;BASP1;PDPN;SH3BGRL3;SEC61B;TIMP1;RAC1;RABAC1;S100A11;CTSB;VKORC1;OST4;TNFRSF12A;LUM;GSTO1;TPM2;FN1;NME2;INHBA;CKAP4;COL1A1;RCN3;COL3A1;COL6A3;KDELR2;P4HB;PFN1	5.576109645349354e-31
SRRS_all_modules	135	Gene_Perturbations_from_GEO_down	5	NRAS DEPLETION - siRNA siMut10 human GSE12445 sample 1021	1.1148012191077773e-32	20.52804567121162	1510.3313942732711	ITGB1;CXCL8;SDC4;ARPC1B;ENO1;YBX1;HIF1A;THBS1;ACTB;ACTG1;SRM;PRDX4;GNG5;SEC61G;C1QBP;TMSB4X;COTL1;ITGAV;TIMP1;RAC1;S100A11;AP2M1;EIF5A;PPP1R14B;TNFRSF12A;SSR4;TPM2;FN1;PDIA6;NME1;LSM7;BAMBI;COL5A2;VDAC1;TGFBI;P4HB;PPIB;PFN1	5.043360715243584e-30
SRRS_all_modules	135	Gene_Perturbations_from_GEO_down	6	Suz12 KO mouse GSE31354 sample 1332	1.0969824027702249e-31	20.170533967011462	1437.9084477771578	ITGB1;TAGLN;PLOD2;YBX1;THBS1;ACTB;MYL12A;ACTG1;EEF1B2;TUBA1B;LGALS1;GNG5;BASP1;TMSB4X;PDPN;CFL1;RAC1;TMSB10;S100A11;AP2M1;EIF5A;TPI1;TPM4;TNFRSF12A;TPM2;PGAM1;SSR3;FN1;NME2;NME1;COL1A1;PKM;PLIN2;CALR;P4HB;PPIB;GAPDH	4.135623658443748e-29
SRRS_all_modules	135	Gene_Perturbations_from_GEO_down	7	NRAS KD human GSE12445 sample 2758	8.120885231006559e-31	19.98463508322663	1384.6494053253853	ITGB1;CXCL8;SDC4;ARPC1B;ENO1;YBX1;THBS1;ACTB;ACTG1;SRM;EEF1B2;PRDX4;GNG5;C1QBP;TMSB4X;COTL1;TIMP1;RAC1;S100A11;AP2M1;EIF5A;PPP1R14B;TPM4;TNFRSF12A;SSR4;FN1;PDIA6;NME1;LSM7;PKM;COL5A2;KDELR2;TGFBI;P4HB;PPIB;PFN1	2.624206056076691e-28
SRRS_all_modules	135	Gene_Perturbations_from_GEO_down	8	JAG1 OE human GSE16906 sample 2860	1.1239655617177422e-30	25.192008344700312	1737.2582698209483	TAGLN;SDC4;BRI3;ARPC1B;SERPINE1;TNC;YBX1;ACTB;ACTG1;TUBA1C;TUBA1B;TUBB3;S100A16;TMSB4X;CFL1;COTL1;SH3BGRL3;TMSB10;VKORC1;TNFRSF12A;MMP3;FN1;MIF;PDIA6;MMP10;LSM7;PKM;CALR;P4HB;PPIB;PFN1;GAPDH	3.1780126257569163e-28
SRRS_all_modules	135	Gene_Perturbations_from_GEO_down	9	NFKB1 Inactivation  (IKK Inhibition) human GSE20667 sample 2576	4.123825747565618e-30	20.039296187683284	1355.8742399311275	ARPC1B;GSTP1;UQCR10;ENO1;YBX1;ACTB;PSMA7;TUBA1C;TUBA1B;PRDX4;GNG5;TUBB3;SEC61G;C1QBP;TMSB4X;CFL1;AP2S1;SH3BGRL3;TIMP1;SERF2;COX8A;EIF5A;OST4;TPI1;SSR4;GSTO1;PGAM1;MIF;PDIA6;NME1;LSM7;OSTC;PPIB;PFN1;GAPDH	1.0364548712214919e-27
SRRS_all_modules	135	Gene_Perturbations_from_GEO_down	10	NRAS DEPLETION - siRNA siMut10 human GSE12445 sample 1023	2.064114905101503e-28	20.97087378640777	1336.8445742450915	ITGB1;CXCL8;SDC4;ENO1;YBX1;THBS1;ACTB;ACTG1;SRM;EEF1B2;TUBA1C;TUBA1B;PRDX4;LGALS1;TUBB3;C1QBP;TMSB4X;COTL1;SH3BGRL3;TIMP1;RAC1;S100A11;PPP1R14B;TPM4;TNFRSF12A;TPM2;FN1;NME1;LSM7;BAMBI;PFN1;GAPDH	4.6690279153396e-26
SRRS_all_modules	135	Gene_Perturbations_from_GEO_down	11	NRAS DEPLETION - siRNA siMut10 human GSE12445 sample 1022	6.5010173745303365e-28	21.471401300904976	1344.1188235935424	ITGB1;CXCL8;SDC4;ARPC1B;ENO1;THBS1;ACTB;ACTG1;SRM;TUBA1C;TUBA1B;TUBB3;C1QBP;TMSB4X;COTL1;SH3BGRL3;TIMP1;RAC1;TMSB10;S100A11;PPP1R14B;TPM4;TNFRSF12A;TPM2;FN1;NME1;LSM7;BAMBI;TGFBI;PFN1;GAPDH	1.3368455728352383e-25
SRRS_all_modules	135	Gene_Perturbations_from_GEO_down	12	NRAS DEPLETION - siRNA siMut12 human GSE12445 sample 1024	8.395173438140811e-28	17.78593469103008	1108.859218809066	ITGB1;CXCL8;SDC4;ENO1;YBX1;THBS1;ACTB;ACTG1;SRM;EEF1B2;PRDX4;GNG5;C1QBP;TMSB4X;COTL1;TIMP1;RAC1;S100A11;AP2M1;EIF5A;PPP1R14B;TPM4;TNFRSF12A;FN1;PDIA6;NME1;LSM7;PKM;COL5A2;KDELR2;TGFBI;P4HB;PPIB;PFN1	1.5824901930895429e-25
SRRS_all_modules	135	Gene_Perturbations_from_GEO_down	13	Pparg OE mouse GSE2192 sample 865	1.0810053204034186e-27	21.07845043043599	1308.8011638157407	ITGB1;TAGLN;LRP1;THY1;HIF1A;THBS1;ACTB;MYL12A;ACTG1;TUBA1C;TUBA1B;PRDX4;LGALS1;BASP1;SEC61G;TMSB4X;CFL1;ITGAV;RAC1;RABAC1;TMSB10;S100A11;VKORC1;POSTN;LUM;FN1;COL1A1;COL3A1;COL5A2;PPIB;PFN1	1.7465957391089524e-25
SRRS_all_modules	135	Gene_Perturbations_from_GEO_down	14	PTEN KD human GSE7562 sample 1366	1.0810053204034186e-27	21.07845043043599	1308.8011638157407	ITGB1;CXCL8;TNC;PLOD2;YBX1;PTGS2;HIF1A;ACTG1;EEF1B2;LDHB;TUBA1C;GNG5;BASP1;SEC61G;C1QBP;TMSB4X;COTL1;TMSB10;S100A11;CTSB;EIF5A;TPI1;TNFRSF12A;SSR4;CCL20;NME1;RCN1;PLIN2;TGFBI;CD47;PFN1	1.7465957391089524e-25
SRRS_all_modules	135	Gene_Perturbations_from_GEO_down	15	FOXP1 KD human GSE51382 sample 2764	2.639513941889371e-27	20.405762506724045	1248.816396377673	FKBP11;GSTP1;UQCR11;UQCR10;ENO1;YBX1;ACTB;PSMA7;ACTG1;SRM;PRDX4;TUBB3;C1QBP;TMSB4X;CFL1;COTL1;RABAC1;SERF2;EIF5A;PRELID1;TPI1;SSR4;PGAM1;MIF;ATOX1;NME1;LSM7;OSTC;P4HB;PPIB;PFN1	3.980387024369172e-25
SRRS_all_modules	135	Gene_Perturbations_from_GEO_down	16	Ebf1 OE mouse GSE2192 sample 860	7.879449571635737e-26	20.549266247379453	1187.8082991876165	ITGB1;LRP1;THY1;ACTB;ACTG1;TUBA1C;TUBA1B;PRDX4;LGALS1;BASP1;SEC61G;TMSB4X;CFL1;ITGAV;RAC1;RABAC1;TMSB10;S100A11;VKORC1;POSTN;TPM4;LUM;FN1;COL1A1;COL3A1;COL5A2;COL6A3;PPIB;PFN1	1.1139571831900024e-23
SRRS_all_modules	135	Gene_Perturbations_from_GEO_down	17	TWIST2 Q119X Homozygous Mutation human GSE16524 sample 2262	8.552105015988128e-26	25.940696436717523	1497.3238460272157	TAGLN;CXCL8;TNFAIP6;SERPINE1;PTGS2;ACTG1;LGALS1;BASP1;SEC61G;CFL1;RABAC1;S100A11;POSTN;TPI1;LUM;GSTO1;TPM2;PGAM1;MMP3;FN1;MIF;IL6;RAB13;PLIN2;TGFBI;GAPDH	1.1379330321273614e-23
SRRS_all_modules	135	Gene_Perturbations_from_GEO_down	18	BRAF Drug human GSE50791 sample 2545	1.5718940052872994e-25	20.00538580681498	1142.554517258217	ENO1;YBX1;ACTB;EEF1B2;LDHB;TUBA1C;TUBA1B;PRDX4;LGALS1;C1QBP;TMSB4X;CFL1;AP2S1;TIMP1;TMSB10;COX8A;EIF5A;PRELID1;PPP1R14B;TPI1;TNFRSF12A;GSTO1;PGAM1;MIF;NME1;PKM;TGFBI;PFN1;GAPDH	1.9753467999777063e-23
SRRS_all_modules	135	Gene_Perturbations_from_GEO_down	19	PTEN KD human GSE7562 sample 1368	6.509628549430533e-25	18.93052870191346	1054.2666036212543	ITGB1;CXCL8;SDC4;GSTP1;PLOD2;PTGS2;HIF1A;ACTG1;LDHB;TUBB3;SEC61G;C1QBP;TMSB4X;COTL1;TIMP1;S100A11;EIF5A;TPI1;TNFRSF12A;SSR4;CCL20;GSTO1;PGAM1;LSM7;RCN1;PKM;TGFBI;CD47;PFN1	7.749884094111509e-23
SRRS_all_modules	135	Gene_Perturbations_from_GEO_down	20	ADRB1 Beta-1 receptor blocker (NEBIVOLOL) human GSE3356 sample 2279	7.01243289146199e-25	35.615699770567026	1980.8363306494293	EIF5A;CXCL8;TNFAIP6;PGAM1;SERPINE1;FN1;ENO1;PTGS2;ACTB;CKAP4;ACTG1;EEF1B2;COL1A1;TUBA1C;IL6;TUBA1B;COL3A1;LGALS1;CFL1;TGFBI;TMSB10;GAPDH	7.93106160024351e-23
SRRS_all_modules	135	Gene_Perturbations_from_GEO_down	21	Emd KO mouse GSE5304 sample 1202	2.133862221023767e-24	19.354611179686124	1054.9058305151018	TAGLN;TNC;PLOD2;THBS1;WISP1;GNG5;SEC61G;RAC1;RABAC1;S100A11;POSTN;TPM4;TNFRSF12A;LUM;TPM2;SSR3;FN1;NME2;COL1A1;RCN3;COL3A1;FAP;OSTC;COL5A2;COL6A3;KDELR2;PPIB;GAPDH	2.298474449502743e-22
SRRS_all_modules	135	Gene_Perturbations_from_GEO_down	22	BRAF Drug human GSE50791 sample 2542	3.7252233132427646e-24	20.356846473029044	1098.189075141864	ENO1;ACTB;ACTG1;TUBA1C;LGALS1;S100A16;SEC61G;TMSB4X;CFL1;AP2S1;TIMP1;TMSB10;S100A11;CTSB;COX8A;TPI1;GSTO1;TPM2;PGAM1;MIF;PDIA6;NME1;PKM;PLIN2;TGFBI;PFN1;GAPDH	3.8302068793432423e-22
SRRS_all_modules	135	Gene_Perturbations_from_GEO_down	23	Srf homozygous Srf mutant 81 (non-binding Srf treatment) mouse GSE1948 sample 1396	4.766276752494738e-24	16.456805731142016	883.7383141497578	ITGB1;TAGLN;UQCR11;UQCR10;ACTB;MYL12A;PSMA7;ACTG1;SRM;EEF1B2;LGALS1;GNG5;BASP1;SEC61G;TMSB4X;CFL1;RAC1;RABAC1;TMSB10;S100A11;AP2M1;TPI1;TPM4;CKAP4;ATOX1;LSM7;PKM;PLIN2;PPIB;PFN1	4.687529571366564e-22
SRRS_all_modules	135	Gene_Perturbations_from_GEO_down	24	Srf KO mouse GSE1948 sample 1158	6.5080687454873394e-24	18.50480785451601	987.953176909823	ITGB1;UQCR11;UQCR10;YBX1;ACTB;MYL12A;PSMA7;ACTG1;SRM;EEF1B2;LGALS1;SEC61G;TMSB4X;CFL1;RAC1;RABAC1;TMSB10;S100A11;AP2M1;SERF2;VKORC1;TPI1;TPM4;CKAP4;ATOX1;LSM7;PKM;PFN1	6.133854792621817e-22
SRRS_all_modules	135	Gene_Perturbations_from_GEO_down	25	Emd KO mouse GSE5304 sample 1200	7.800262718833291e-24	18.370281043781194	977.4437978302515	TAGLN;TNC;PLOD2;THBS1;WISP1;GNG5;SEC61G;TIMP1;RAC1;POSTN;TPI1;TPM4;LUM;PGAM1;SSR3;FN1;NME2;NME1;COL1A1;COL3A1;OSTC;COL5A2;ADAM12;COL6A3;KDELR2;P4HB;PPIB;GAPDH	7.057677708000362e-22
SRRS_all_modules	135	Gene_Perturbations_from_GEO_down	26	Emd KO mouse GSE5304 sample 1199	1.1161740747069832e-23	18.106931739374524	956.943199850052	ENO1;ACTB;ACTG1;TUBA1B;LGALS1;S100A16;SEC61G;TMSB4X;RAC1;TMSB10;S100A11;VKORC1;POSTN;TPM4;TNFRSF12A;LUM;SSR3;COL1A1;RCN3;COL3A1;OSTC;COL5A2;COL6A3;KDELR2;CALR;P4HB;PPIB;PFN1	9.710714449950754e-22
SRRS_all_modules	135	Gene_Perturbations_from_GEO_down	27	SOX4 RNAi Knock down human GSE4225 sample 64	1.6031160008323024e-23	16.710053066037737	877.0690423635012	GSTP1;UQCR11;UQCR10;ENO1;YBX1;ACTB;PSMA7;ACTG1;LDHB;TUBA1C;TUBA1B;PRDX4;GNG5;TUBB3;C1QBP;TMSB4X;CFL1;AP2S1;SSR4;MIF;PDIA6;NME1;RCN1;PKM;KDELR2;VDAC1;P4HB;PPIB;PFN1	1.3430549606972844e-21
SRRS_all_modules	135	Gene_Perturbations_from_GEO_down	28	VGLL4 OE human GSE44590 sample 1418	1.864827270510843e-23	20.544101078384035	1075.2020052518628	ITGB1;TAGLN;GSTP1;SERPINE1;YBX1;ACTB;MYL12A;ACTG1;PRDX4;LGALS1;BASP1;TMSB4X;CTHRC1;PPP1R14B;TPI1;TNFRSF12A;LUM;TPM2;MIF;CKAP4;COL1A1;LSM7;COL3A1;BAMBI;COL6A3;TGFBI	1.5065140306769739e-21
SRRS_all_modules	135	Gene_Perturbations_from_GEO_down	29	Gata3 OE mouse GSE12999 sample 2531	2.2938805496359543e-23	12.08783542039356	630.1293375751665	TAGLN;THBS1;ACTB;MYL12A;ACTG1;EEF1B2;TUBA1B;LGALS1;GNG5;BASP1;SEC61G;C1QBP;TMSB4X;CFL1;TMSB10;S100A11;AP2M1;COX8A;EIF5A;TPI1;TPM4;PGAM1;SSR3;FN1;NME2;NME1;COL1A1;PKM;VDAC1;PLIN2;CALR;P4HB;PPIB;PFN1;GAPDH	1.7892268287160443e-21
SRRS_all_modules	135	Gene_Perturbations_from_GEO_down	30	ABL1 druginhibition human GSE24493 sample 1904	2.816688683756819e-23	16.346488950435635	848.7733786513887	CXCL8;ARPC1B;ENO1;YBX1;ACTB;MYL12A;ACTG1;SRM;LDHB;TUBA1C;TUBA1B;PRDX4;GNG5;C1QBP;TMSB4X;CFL1;TIMP1;EIF5A;PRELID1;TPI1;PGAM1;MIF;PDIA6;NME1;LSM7;PKM;VDAC1;PPIB;PFN1	2.1237832675526416e-21
SRRS_all_modules	135	Gene_Perturbations_from_GEO_down	31	Trpv4 DEPLETION mouse GSE40280 sample 116	5.725245909528827e-23	16.951290462338306	868.1530797182014	SDC4;TNFAIP6;SERPINE1;THY1;HIF1A;THBS1;ACTG1;LGALS1;GNG5;ITGAV;TIMP1;RABAC1;S100A11;VKORC1;POSTN;TPM4;GSTO1;SSR3;INHBA;CKAP4;COL1A1;RCN3;RCN1;COL5A2;KDELR2;TGFBI;IL6ST;PFN1	4.177582660436841e-21
SRRS_all_modules	135	Gene_Perturbations_from_GEO_down	32	Rora KO mouse GSE23736 sample 1155	9.389236257045748e-23	16.615972812234496	842.7603661968897	ARPC1B;ACTG1;TUBA1C;TUBA1B;GNG5;SEC61G;TMSB4X;COTL1;SH3BGRL3;SEC61B;S100A11;SERF2;CTSB;VKORC1;POSTN;TPI1;TPM4;LUM;GSTO1;PGAM1;FN1;NME2;CKAP4;COL1A1;COL3A1;COL5A2;PLIN2;P4HB	6.637016379199213e-21
SRRS_all_modules	135	Gene_Perturbations_from_GEO_down	33	Hprt KO mouse GSE48790 sample 1450	1.9458369263361596e-22	12.278258362168398	613.8046222125023	TAGLN;SERPINE1;TNC;THY1;PTGS2;THBS1;WISP1;LGALS1;S100A16;TIMP1;S100A11;CTHRC1;PDGFRB;IL11;POSTN;TPM4;TNFRSF12A;LUM;CCL20;TPM2;SPHK1;MMP3;INHBA;COL1A1;RCN3;IL6;COL3A1;FAP;COL5A2;ADAM12;COL6A3;TGFBI;CD47	1.3337827658704222e-20
SRRS_all_modules	135	Gene_Perturbations_from_GEO_down	34	Bcl2 OE mouse GSE5811 sample 2587	2.790911410091845e-22	18.271000573394495	906.7989639923737	TAGLN;ARPC1B;THY1;YBX1;ACTB;ACTG1;EEF1B2;LGALS1;TMSB4X;CFL1;KDR;COTL1;SEC61B;TMSB10;S100A11;EIF5A;TPM4;PGAM1;NME2;MIF;NME1;COL3A1;PKM;CALR;PFN1;GAPDH	1.8567769440081628e-20
SRRS_all_modules	135	Gene_Perturbations_from_GEO_down	35	BRCA1 DEPLETION human GSE4754 sample 148	2.971087195870715e-22	14.907320543902182	738.9252314131787	ITGB1;TNFAIP6;ARPC1B;GSTP1;SERPINE1;ENO1;YBX1;TUBA1C;TUBA1B;PRDX4;GNG5;BASP1;TUBB3;S100A16;AP2S1;TIMP1;RAC1;TMSB10;AP2M1;COX8A;PRELID1;PPP1R14B;TPI1;MIF;NME1;LSM7;OSTC;P4HB;PPIB	1.920171210588445e-20
SRRS_all_modules	135	Gene_Perturbations_from_GEO_down	36	Lmna KO mouse GSE5304 sample 1204	4.794067573378316e-22	17.8471181455284	876.1059779653366	TAGLN;BRI3;TNC;PLOD2;ACTG1;TUBA1B;PRDX4;GNG5;RAC1;EIF5A;POSTN;TPI1;LUM;SSR3;FN1;MIF;NME1;COL1A1;COL3A1;OSTC;COL5A2;ADAM12;COL6A3;KDELR2;PPIB;GAPDH	2.9308596894545274e-20
SRRS_all_modules	135	Gene_Perturbations_from_GEO_down	37	Srf homozygous Srf mutant (constitutive Srf treatment) mouse GSE1948 sample 1398	4.794067573378316e-22	17.8471181455284	876.1059779653366	ITGB1;TAGLN;UQCR10;YBX1;MYL12A;PTMS;TUBA1C;TUBA1B;LGALS1;GNG5;BASP1;SEC61G;TMSB4X;SEC61B;RAC1;TMSB10;S100A11;AP2M1;TPM4;GSTO1;SSR3;CKAP4;ATOX1;PKM;PLIN2;PFN1	2.9308596894545274e-20
SRRS_all_modules	135	Gene_Perturbations_from_GEO_down	38	Src overexpression mouse GSE15161 sample 2015	5.0763426062063505e-22	19.232954545454547	943.0356317903083	TAGLN;SERPINE1;THBS1;WISP1;ACTG1;PTMS;SRM;TUBA1B;S100A11;AP2M1;CTHRC1;PDGFRB;VKORC1;POSTN;TPM4;TPM2;CKAP4;COL1A1;RCN3;COL3A1;COL5A2;COL6A3;KDELR2;P4HB;PPIB	3.021759730325991e-20
SRRS_all_modules	135	Gene_Perturbations_from_GEO_down	39	Utrn OE mouse GSE7187 sample 1296	7.923151266465457e-22	12.860363247863248	624.8475369455974	LRP1;ARPC1B;TNC;THBS1;TUBA1B;LGALS1;BASP1;PDPN;CFL1;COTL1;SH3BGRL3;TIMP1;TMSB10;S100A11;CTSB;VKORC1;POSTN;LUM;PGAM1;MMP3;COL1A1;RCN3;COL3A1;RCN1;FAP;COL5A2;COL6A3;PLIN2;TGFBI;PPIB;PFN1	4.595427734549965e-20
SRRS_all_modules	135	Gene_Perturbations_from_GEO_down	40	MCAM KD human GSE11951 sample 2759	1.0547245057131243e-21	17.24648769423474	833.022728916674	SERPINE1;PLOD2;UQCR11;THBS1;ACTG1;EEF1B2;TUBA1C;TUBA1B;LGALS1;GNG5;S100A16;C1QBP;SH3BGRL3;S100A11;PPP1R14B;TPI1;PGAM1;FN1;MIF;PDIA6;NME1;RCN1;PKM;TGFBI;PPIB;PFN1	5.964467079807717e-20
SRRS_all_modules	135	Gene_Perturbations_from_GEO_down	41	LAMC2 KD human GSE50767 sample 2210	2.0719003502554248e-21	18.05115936694884	859.7012798551407	ITGB1;CXCL8;PTGS2;ACTB;ACTG1;LDHB;TUBA1B;LGALS1;BASP1;TMSB4X;PDPN;CFL1;AP2S1;COX8A;TNFRSF12A;CCL20;GSTO1;MMP3;IL6;PKM;COL5A2;VDAC1;TGFBI;PFN1;GAPDH	1.143082583482383e-19
SRRS_all_modules	135	Gene_Perturbations_from_GEO_down	42	NRAS DEPLETION - siRNA siMut10 human GSE12445 sample 1026	2.4567183782113912e-21	16.624244996571875	788.911201545861	SDC4;ARPC1B;TNC;ENO1;ACTB;PSMA7;ACTG1;SRM;EEF1B2;TUBA1C;TUBA1B;GNG5;TUBB3;C1QBP;TMSB4X;COTL1;SH3BGRL3;RAC1;TMSB10;S100A11;EIF5A;PPP1R14B;TNFRSF12A;LSM7;BAMBI;PFN1	1.323118326550992e-19
SRRS_all_modules	135	Gene_Perturbations_from_GEO_down	43	Vdr KO mouse GSE2421 sample 1153	2.668971595792728e-21	16.56444791463335	784.7008613351213	LRP1;BRI3;ARPC1B;UQCR11;UQCR10;ACTB;ACTG1;LGALS1;SEC61G;C1QBP;CFL1;AP2S1;TMSB10;CTSB;COX8A;TPI1;PGAM1;NME2;MIF;PKM;PLIN2;CALR;P4HB;PPIB;PFN1;GAPDH	1.4040031976007328e-19
SRRS_all_modules	135	Gene_Perturbations_from_GEO_down	44	UBR5 DEPLETION human GSE6015 sample 143	4.515431083188809e-21	15.125386996904025	708.5757722362224	TAGLN;ARPC1B;SERPINE1;ENO1;THY1;PTGS2;THBS1;ACTB;ACTG1;SRM;TUBA1C;TUBA1B;BASP1;TUBB3;CFL1;COTL1;TPM4;PGAM1;FN1;COL1A1;PKM;COL6A3;TGFBI;ITGA5;CALR;P4HB;GAPDH	2.321342070493883e-19
SRRS_all_modules	135	Gene_Perturbations_from_GEO_down	45	BRAF Drug human GSE50791 sample 2549	6.5498600411099165e-21	17.137237762237763	796.4504391017285	ITGB1;GSTP1;PLOD2;ENO1;ACTB;MYL12A;TUBA1C;LGALS1;GUK1;SEC61G;TMSB4X;TIMP1;RAC1;S100A11;TPI1;GSTO1;TPM2;PGAM1;MIF;PKM;VDAC1;TGFBI;P4HB;PFN1;GAPDH	3.292396313997918e-19
SRRS_all_modules	135	Gene_Perturbations_from_GEO_down	46	NR2F2 KD human GSE33182 sample 822	1.0447156334321956e-20	15.609094535301157	718.1425522590446	CXCL8;SDC4;ENO1;YBX1;HIF1A;MYL12A;ACTG1;SRM;LDHB;TUBA1C;TUBA1B;PRDX4;SEC61G;TMSB4X;SH3BGRL3;SERF2;COX8A;PGAM1;SSR3;PDIA6;NME1;IL6;RCN1;P4HB;PPIB;GAPDH	5.137275571355709e-19
SRRS_all_modules	135	Gene_Perturbations_from_GEO_down	47	NRAS KD human GSE12445 sample 2376	1.4926198496369925e-20	13.526959022286125	617.5214923223441	ITGB1;ARPC1B;ENO1;HIF1A;ACTB;ACTG1;SRM;LDHB;TUBA1C;TUBA1B;GNG5;TUBB3;C1QBP;TMSB4X;CFL1;COTL1;RAC1;EIF5A;TNFRSF12A;FN1;NME1;LSM7;BAMBI;KDELR2;VDAC1;PPIB;PFN1;GAPDH	7.183629999742292e-19
SRRS_all_modules	135	Gene_Perturbations_from_GEO_down	48	APP Induced  expression / Over-expression human GSE4097 sample 315	1.537307955001498e-20	15.348442781265089	700.2215770657364	ITGB1;GSTP1;SERPINE1;UQCR11;UQCR10;YBX1;HIF1A;MYL12A;ACTG1;EEF1B2;LDHB;TUBA1B;GNG5;C1QBP;TMSB4X;COTL1;SEC61B;S100A11;TPI1;TPM4;FN1;PKM;COL5A2;ITGA5;P4HB;PPIB	7.24456373794456e-19
SRRS_all_modules	135	Gene_Perturbations_from_GEO_down	49	Ksr1 knockout mouse GSE28228 sample 1912	2.0614137793441138e-20	19.128385240352063	867.057372374591	PPP1R14B;TPI1;TPM4;GSTO1;PTGS2;PDIA6;ACTB;MYL12A;PSMA7;ACTG1;TUBA1C;IL6;TUBA1B;LGALS1;PKM;BASP1;PDPN;CFL1;PLIN2;TIMP1;TMSB10;GAPDH;S100A11	9.516159120155889e-19
SRRS_all_modules	135	Gene_Perturbations_from_GEO_down	50	Gykl1 KO mouse GSE4656 sample 189	2.3037118409884137e-20	16.1900826446281	732.0698842960308	ACTB;ACTG1;PTMS;LDHB;TUBA1B;LGALS1;SEC61G;C1QBP;TMSB4X;CFL1;TMSB10;S100A11;TPI1;TPM4;LUM;PGAM1;COL3A1;PKM;VDAC1;PLIN2;CALR;P4HB;PPIB;PFN1;GAPDH	1.0421992368631584e-18
SRRS_all_modules	135	Gene_Perturbations_from_GEO_down	51	Pax3 Knock-in mouse GSE11400 sample 625	2.4231341050104868e-20	15.046759396271087	679.6115659148435	GSTP1;PLOD2;SRM;TUBA1B;RABAC1;CTHRC1;VKORC1;TPI1;LUM;SSR3;FN1;PDIA6;CKAP4;COL1A1;RCN3;COL3A1;RCN1;BAMBI;OSTC;COL5A2;COL6A3;VDAC1;CALR;P4HB;PPIB;PFN1	1.0747312442222983e-18
SRRS_all_modules	135	Gene_Perturbations_from_GEO_down	52	Irak4 Deficiency mouse GSE6789 sample 680	2.4989397342689077e-20	16.130599472990777	728.0680814944699	SDC4;TNFAIP6;SERPINE1;TNC;PTGS2;HIF1A;C1QBP;PDPN;TIMP1;EIF5A;IL11;POSTN;TPM4;LUM;GSTO1;MMP3;NME2;COL3A1;PKM;COL5A2;ADAM12;COL6A3;CALR;IL6ST;PFN1	1.0870387844069748e-18
SRRS_all_modules	135	Gene_Perturbations_from_GEO_down	53	BRD4 druginhibition mouse GSE50865 sample 1986	2.7098987835511348e-20	16.071545782737118	724.1001294566191	GSTP1;TNC;THY1;THBS1;SRM;LGALS1;SEC61G;C1QBP;SH3BGRL3;SEC61B;TIMP1;EIF5A;TPI1;TPM4;SSR3;PDIA6;RCN3;LSM7;COL3A1;OSTC;COL6A3;TGFBI;CALR;P4HB;PPIB	1.1565643487533332e-18
SRRS_all_modules	135	Gene_Perturbations_from_GEO_down	54	PIAS1 Depletion human GSE44024 sample 37	3.7029668100840884e-20	17.102877070619005	765.2266321350182	IL11;CXCL8;CCL20;SERPINE1;FN1;PLOD2;INHBA;PTGS2;THBS1;ACTB;CKAP4;PSMA7;ACTG1;NME1;LDHB;IL6;CFL1;RAB13;COL6A3;TGFBI;ITGA5;SEC61B;TIMP1;GAPDH	1.5511316526685568e-18
SRRS_all_modules	135	Gene_Perturbations_from_GEO_down	55	NRAS KD human GSE12445 sample 2377	6.769836080692886e-20	14.386283837354174	634.9994190072823	ITGB1;ARPC1B;HIF1A;ACTB;ACTG1;SRM;TUBA1C;TUBA1B;TUBB3;SEC61G;C1QBP;TMSB4X;CFL1;COTL1;RAC1;TMSB10;EIF5A;PPP1R14B;TPM4;TNFRSF12A;NME1;LSM7;PKM;BAMBI;PPIB;PFN1	2.784248948095874e-18
SRRS_all_modules	135	Gene_Perturbations_from_GEO_down	56	Alkbh1 KO mouse GSE30561 sample 1543	8.175533526104755e-20	15.2874101843174	671.890175598351	TAGLN;SDC4;SERPINE1;THBS1;ACTB;MYL12A;PSMA7;LGALS1;GNG5;BASP1;GUK1;C1QBP;PDPN;S100A11;EIF5A;TPM4;FN1;NME2;MIF;NME1;COL3A1;PKM;COL5A2;PFN1;GAPDH	3.302331577865885e-18
SRRS_all_modules	135	Gene_Perturbations_from_GEO_down	57	KDM4C natural variation human GSE41040 sample 615	1.0369218925178922e-19	14.120378092855157	617.2421129947726	CXCL8;ARPC1B;ENO1;YBX1;PTGS2;ACTB;PSMA7;TUBA1C;TUBA1B;GNG5;BASP1;TUBB3;S100A16;C1QBP;CFL1;COTL1;RAC1;COX8A;EIF5A;TNFRSF12A;GSTO1;MMP3;NME1;COL5A2;COL6A3;PFN1	4.114942668202583e-18
SRRS_all_modules	135	Gene_Perturbations_from_GEO_down	58	Rbp2 deficiency mouse GSE6945 sample 89	1.2468541616730524e-19	21.091034271725825	918.0609388907266	TPM4;TNFRSF12A;TPM2;PGAM1;FN1;PDIA6;ACTB;WISP1;ACTG1;PTMS;SRM;COL1A1;TUBA1B;LGALS1;COL5A2;COL6A3;KDELR2;P4HB;PPIB;GAPDH;S100A11	4.862731230524905e-18
SRRS_all_modules	135	Gene_Perturbations_from_GEO_down	59	Myod1 Mutation - MyoD altered at lysine residues 99, 102, and 104, ren mouse GSE6487 sample 1179	1.6719445008984763e-19	15.930908351960984	688.7748847896793	TAGLN;POSTN;PPP1R14B;TPI1;TPM2;PGAM1;FN1;MIF;ACTB;MYL12A;WISP1;ACTG1;TUBA1B;LGALS1;PKM;TMSB4X;COL5A2;P4HB;PPIB;PFN1;TMSB10;GAPDH;S100A11;SERF2	6.41006518819043e-18
SRRS_all_modules	135	Gene_Perturbations_from_GEO_down	60	Cyp27b1 KO mouse GSE40375 sample 2404	2.706511272597508e-19	14.478827361563518	619.0199130896958	TAGLN;TNC;THY1;THBS1;WISP1;SRM;LGALS1;PDPN;SH3BGRL3;TIMP1;TMSB10;SERF2;CTHRC1;PDGFRB;VKORC1;IL11;GSTO1;WNT5A;MMP3;FN1;INHBA;MMP10;COL1A1;ITGA5;ENG	1.0203547497692607e-17
SRRS_all_modules	135	Gene_Perturbations_from_GEO_down	61	PIK3CA OE human GSE3737 sample 1590	3.554618236589777e-19	18.134798473346475	770.3820000491842	SPHK1;ARPC1B;FN1;UQCR10;MIF;ENO1;ACTB;MYL12A;ACTG1;NME1;EEF1B2;TUBA1B;LGALS1;PKM;BASP1;CFL1;AP2S1;CALR;PPIB;PFN1;TMSB10;GAPDH	1.3181223690436188e-17
SRRS_all_modules	135	Gene_Perturbations_from_GEO_down	62	Pdpn KO mouse GSE62081 sample 2592	4.1296112019517553e-19	16.51357581967213	699.0350799408998	ITGB1;TAGLN;POSTN;TPM4;LRP1;GSTO1;WNT5A;SERPINE1;FN1;PLOD2;INHBA;PTGS2;THBS1;ACTB;WISP1;ACTG1;COL1A1;TMSB4X;PDPN;ITGAV;ITGA5;GAPDH;S100A11	1.4974546465623216e-17
SRRS_all_modules	135	Gene_Perturbations_from_GEO_down	63	NRAS DEPLETION - siRNA siMut10 human GSE12445 sample 1025	4.1706296522292774e-19	14.196921289573046	600.8286121465223	TNC;ENO1;ACTB;PSMA7;ACTG1;SRM;EEF1B2;LDHB;TUBA1C;TUBA1B;TUBB3;C1QBP;TMSB4X;COTL1;RAC1;EIF5A;PPP1R14B;TPM4;TNFRSF12A;NME1;LSM7;BAMBI;TGFBI;PPIB;PFN1	1.4974546465623216e-17
SRRS_all_modules	135	Gene_Perturbations_from_GEO_down	64	DPP3 OE human GSE6451 sample 677	4.492806103448787e-19	16.44533527696793	694.7601474982321	TPI1;TPM4;SSR4;PGAM1;GSTP1;MIF;ENO1;YBX1;ACTG1;NME1;PTMS;LDHB;TUBA1C;TUBA1B;PKM;TUBB3;SEC61G;CFL1;KDELR2;VDAC1;CALR;PFN1;GAPDH	1.5879261571876807e-17
SRRS_all_modules	135	Gene_Perturbations_from_GEO_down	65	GSK3A KD human GSE35200 sample 2706	5.537825649596386e-19	14.01491253226269	589.152093348751	GSTP1;UQCR10;ENO1;YBX1;ACTB;PSMA7;ACTG1;SRM;TUBA1C;TUBA1B;PRDX4;GNG5;BASP1;SEC61G;TMSB4X;CFL1;COX8A;PPP1R14B;TPI1;MIF;ATOX1;NME1;MZT2B;P4HB;GAPDH	1.927163326059542e-17
SRRS_all_modules	135	Gene_Perturbations_from_GEO_down	66	AMER1 OE human GSE34715 sample 352	5.773485556857609e-19	16.24391561059908	682.1768937256775	COX8A;OST4;PRELID1;TPI1;SSR4;GSTO1;UQCR11;UQCR10;MIF;ENO1;YBX1;SRM;LDHB;PRDX4;PKM;GNG5;C1QBP;CFL1;RAB13;AP2S1;PPIB;PFN1;TMSB10	1.978730959032108e-17
SRRS_all_modules	135	Gene_Perturbations_from_GEO_down	67	NRAS DEPLETION - siRNA siMut12 human GSE12445 sample 1029	9.21526263305599e-19	14.697447447447447	610.3593553758261	EIF5A;PPP1R14B;TNFRSF12A;SDC4;ENO1;ACTB;PSMA7;ACTG1;NME1;SRM;EEF1B2;TUBA1C;GNG5;BAMBI;TUBB3;C1QBP;TMSB4X;COTL1;SH3BGRL3;SEC61B;RAC1;PFN1;S100A11;SERF2	3.111182697906366e-17
SRRS_all_modules	135	Gene_Perturbations_from_GEO_down	68	Zmpste24 Deficiency mouse GSE25257 sample 533	1.0582305413409545e-18	17.148458272153658	709.7735468470394	EIF5A;PRELID1;POSTN;TPI1;TPM4;TNFRSF12A;GSTO1;PGAM1;MMP3;MIF;THY1;ACTG1;SRM;PKM;PDPN;CFL1;COL6A3;PLIN2;PFN1;GAPDH;S100A11;CTSB	3.5201727713429986e-17
SRRS_all_modules	135	Gene_Perturbations_from_GEO_down	69	Gadd45a KO mouse GSE43318 sample 3108	1.788878806189186e-18	15.364946837513632	627.8876708059137	PDGFRB;TPI1;FLT1;TPM4;BRI3;GSTO1;TNC;FN1;MIF;THY1;THBS1;WISP1;COL1A1;COL3A1;PKM;PDPN;COTL1;VDAC1;P4HB;PPIB;RABAC1;TMSB10;CTSB	5.780634085142771e-17
SRRS_all_modules	135	Gene_Perturbations_from_GEO_down	70	IRS4 KO mouse GSE2556 sample 333	1.788878806189186e-18	15.364946837513632	627.8876708059137	ITGB1;FKBP11;TAGLN;LRP1;LUM;SSR3;YBX1;THBS1;ACTB;ACTG1;COL1A1;TUBA1C;COL3A1;RCN1;PRDX4;OSTC;TMSB4X;COL5A2;COL6A3;IL6ST;PPIB;RABAC1;S100A11	5.780634085142771e-17
SRRS_all_modules	135	Gene_Perturbations_from_GEO_down	71	SQSTM1 OE human GSE6451 sample 678	2.3083282630739158e-18	16.47566371681416	669.0768371079006	TPI1;TPM4;GSTP1;YBX1;ACTB;ACTG1;NME1;PTMS;SRM;LDHB;TUBA1C;TUBA1B;PKM;TUBB3;CFL1;KDELR2;VDAC1;CALR;P4HB;PFN1;TMSB10;GAPDH	7.354138776159433e-17
SRRS_all_modules	135	Gene_Perturbations_from_GEO_down	72	SUZ12 DEPLETION human GSE6015 sample 146	3.1510027087379226e-18	13.866194062915374	558.79113315788	COX8A;TAGLN;TPM4;SSR4;LUM;MIF;THY1;PTGS2;THBS1;CKAP4;PSMA7;ACTG1;EEF1B2;COL3A1;TUBA1B;BASP1;TUBB3;TMSB4X;COL5A2;CFL1;COTL1;CALR;SEC61B;PFN1	9.899400176618307e-17
SRRS_all_modules	135	Gene_Perturbations_from_GEO_down	73	Kdm1a KD mouse GSE25423 sample 302	4.885611171215591e-18	15.85311937722616	631.9091000742976	PDGFRB;COX8A;VKORC1;OST4;POSTN;ARPC1B;GSTP1;SSR3;THY1;COL1A1;RCN3;LDHB;COL3A1;BASP1;COL5A2;COL6A3;SH3BGRL3;CALR;P4HB;PPIB;TMSB10;SERF2	1.5138702012725571e-16
SRRS_all_modules	135	Gene_Perturbations_from_GEO_down	74	Akt1 KO mouse GSE2746 sample 220	5.121629874247115e-18	13.550242550242551	539.476605448891	EIF5A;TAGLN;TPI1;TNFRSF12A;SDC4;LUM;PGAM1;MMP3;FN1;PLOD2;UQCR11;MIF;ACTB;LDHB;TUBA1B;LGALS1;PKM;GNG5;S100A16;TMSB4X;COL5A2;PDPN;GAPDH;S100A11	1.5655576723712127e-16
SRRS_all_modules	135	Gene_Perturbations_from_GEO_down	75	PRKCDBP KD human GSE50982 sample 1768	5.621149277237278e-18	14.521789582258897	576.8054173408851	EIF5A;TAGLN;PPP1R14B;TPM2;ENO1;ACTB;CKAP4;MYL12A;ACTG1;NME1;SRM;TUBA1C;TUBB3;SEC61G;C1QBP;CFL1;COL6A3;VDAC1;PLIN2;CALR;P4HB;PFN1;GAPDH	1.695338622014763e-16
SRRS_all_modules	135	Gene_Perturbations_from_GEO_down	76	Srf homozygous Srf mutant 81 (vector control treatment) mouse GSE1948 sample 1393	5.871918475578824e-18	13.462558099500775	534.145170635718	VKORC1;ITGB1;TAGLN;TPI1;TPM4;SSR3;ACTB;CKAP4;MYL12A;ATOX1;ACTG1;PTMS;SRM;PRDX4;LGALS1;BASP1;TMSB4X;CFL1;PLIN2;RAC1;PFN1;S100A11;AP2M1;SERF2	1.7476683673367498e-16
SRRS_all_modules	135	Gene_Perturbations_from_GEO_down	77	Srf homozygous Srf mutant (non-binding Srf treatment) mouse GSE1948 sample 1395	7.546528741352533e-18	14.312150482968988	564.2628871814251	ITGB1;TAGLN;TPI1;TPM4;ACTB;CKAP4;MYL12A;ATOX1;ACTG1;PTMS;LGALS1;PKM;GNG5;BASP1;SEC61G;TMSB4X;CFL1;PLIN2;RAC1;PFN1;TMSB10;S100A11;AP2M1	2.2081136750850176e-16
SRRS_all_modules	135	Gene_Perturbations_from_GEO_down	78	Zfp42 KD mouse GSE9978 sample 1335	7.61418508650006e-18	16.91551893753074	666.7508686485946	EIF5A;TAGLN;TPI1;TPM4;PGAM1;GSTP1;FN1;THBS1;ACTB;ACTG1;EEF1B2;LGALS1;PKM;BASP1;TMSB4X;CFL1;SH3BGRL3;CALR;P4HB;GAPDH;S100A11	2.2081136750850176e-16
SRRS_all_modules	135	Gene_Perturbations_from_GEO_down	79	Cav1 KO mouse GSE10849 sample 393	1.1477644050693314e-17	13.040373707040374	508.65451892629625	EIF5A;POSTN;TPM4;LUM;NME2;ACTB;ACTG1;COL1A1;EEF1B2;COL3A1;TUBA1B;LGALS1;S100A16;TMSB4X;COL5A2;CFL1;COL6A3;TGFBI;CALR;P4HB;RAC1;PFN1;TMSB10;S100A11	3.2453038553335344e-16
SRRS_all_modules	135	Gene_Perturbations_from_GEO_down	80	Mycn OE mouse GSE6077 sample 40	1.1477644050693314e-17	13.040373707040374	508.65451892629625	POSTN;TPM4;FN1;ACTB;ACTG1;PTMS;COL1A1;COL3A1;LGALS1;GNG5;S100A16;TMSB4X;COL5A2;PDPN;KDR;COL6A3;SH3BGRL3;PLIN2;CALR;RAC1;PPIB;RABAC1;TMSB10;S100A11	3.2453038553335344e-16
SRRS_all_modules	135	Gene_Perturbations_from_GEO_down	81	Ezh2 KO mouse GSE20054 sample 542	1.4415329124661853e-17	13.861607142857142	537.5287217926486	PDGFRB;ITGB1;TAGLN;POSTN;TPI1;TPM4;GSTO1;TPM2;PGAM1;SERPINE1;SSR3;TNC;FN1;THY1;THBS1;WISP1;COL1A1;EEF1B2;COL3A1;COL5A2;COL6A3;KDELR2;SH3BGRL3	4.0256141333314955e-16
SRRS_all_modules	135	Gene_Perturbations_from_GEO_down	82	NR4A2 OE human GSE58475 sample 1431	1.852520496648438e-17	11.234689117444521	432.8433551946399	ARPC1B;GSTP1;PLOD2;ENO1;YBX1;HIF1A;THBS1;PRDX4;BASP1;SEC61G;C1QBP;AP2S1;S100A11;COX8A;EIF5A;PRELID1;TNFRSF12A;SSR3;CKAP4;RCN1;PKM;COL5A2;RAB13;COL6A3;KDELR2;P4HB	5.066946420204346e-16
SRRS_all_modules	135	Gene_Perturbations_from_GEO_down	83	KLF4 OE human GSE3113 sample 2071	1.859224371693018e-17	19.67614592094197	757.999658071707	COX8A;TAGLN;TNFRSF12A;GSTO1;ARPC1B;PGAM1;UQCR10;ENO1;ACTB;ACTG1;EEF1B2;TUBA1C;LGALS1;SEC61G;AP2S1;SEC61B;TMSB10;GAPDH;AP2M1	5.066946420204346e-16
SRRS_all_modules	135	Gene_Perturbations_from_GEO_down	84	Nr4a2 OE mouse GSE3571 sample 3121	2.0469217697079295e-17	13.62318401937046	523.5063955339601	ITGB1;POSTN;BRI3;GSTP1;TNC;UQCR11;MYL12A;WISP1;ATOX1;PTMS;COL3A1;LGALS1;GNG5;TUBB3;SEC61G;PLIN2;TGFBI;SEC61B;RABAC1;TMSB10;S100A11;AP2M1;CTSB	5.447220050681572e-16
SRRS_all_modules	135	Gene_Perturbations_from_GEO_down	85	PTEN Deletion human GSE6263 sample 2960	2.0469217697079295e-17	13.62318401937046	523.5063955339601	PPP1R14B;TNFRSF12A;SDC4;PGAM1;UQCR11;PDIA6;HIF1A;ACTG1;SRM;LDHB;TUBA1B;PRDX4;LGALS1;PKM;SEC61G;C1QBP;COTL1;VDAC1;SEC61B;PFN1;GAPDH;S100A11;SERF2	5.447220050681572e-16
SRRS_all_modules	135	Gene_Perturbations_from_GEO_down	86	Prkaca knockout mouse GSE20984 sample 2058	2.919357720658535e-17	17.274483970136146	657.6842238281229	TPI1;TNFRSF12A;LUM;TNC;MIF;ENO1;ACTB;NME1;COL1A1;COL3A1;TUBA1B;LGALS1;PKM;OSTC;PDPN;SH3BGRL3;TIMP1;P4HB;S100A11;CTSB	7.6785897257321e-16
SRRS_all_modules	135	Gene_Perturbations_from_GEO_down	87	CXCR4 Stimulation of gene product human GSE20484 sample 2951	3.0926789319211267e-17	13.347532036070241	507.40521435540074	TPM4;PGAM1;FN1;MIF;ENO1;PDIA6;HIF1A;ACTB;ACTG1;NME1;LDHB;LGALS1;GNG5;C1QBP;CFL1;COTL1;VDAC1;PLIN2;ITGAV;PFN1;GAPDH;AP2M1;CTSB	8.040965222994929e-16
SRRS_all_modules	135	Gene_Perturbations_from_GEO_down	88	DLX4 OE human GSE21657 sample 2160	3.3101339242704036e-17	13.302654919583727	504.79528661501064	COX8A;EIF5A;FKBP11;TPI1;TNFRSF12A;ARPC1B;UQCR10;MIF;ENO1;HIF1A;PSMA7;EEF1B2;PRDX4;PKM;GNG5;BASP1;TUBB3;CFL1;TIMP1;RAC1;PFN1;TMSB10;S100A11	8.508548791704151e-16
SRRS_all_modules	135	Gene_Perturbations_from_GEO_down	89	Irf1 OE mouse GSE6505 sample 2076	3.6648391044039377e-17	14.290411322130522	540.8229336347223	ITGB1;TPM4;LRP1;GSTO1;TNC;HIF1A;THBS1;MYL12A;ACTG1;COL1A1;COL3A1;PRDX4;LGALS1;BASP1;COL5A2;PDPN;SEC61B;IL6ST;RABAC1;TMSB10;S100A11;CTSB	9.314456240631133e-16
SRRS_all_modules	135	Gene_Perturbations_from_GEO_down	90	Srf homozygous Srf mutant 100 (non-binding Srf treatment) mouse GSE1948 sample 1397	3.786205730020698e-17	18.8639846743295	713.2959709272877	ITGB1;TAGLN;TPI1;TPM4;YBX1;ACTB;MYL12A;ACTG1;TUBA1C;TUBA1B;LGALS1;PKM;GNG5;TMSB4X;CFL1;PFN1;TMSB10;GAPDH;S100A11	9.515997068118687e-16
SRRS_all_modules	135	Gene_Perturbations_from_GEO_down	91	FH KD human GSE2725 sample 1517	3.9440255168249255e-17	14.236362435609562	537.7322470100085	TAGLN;POSTN;LUM;TPM2;FN1;UQCR11;THY1;CKAP4;TUBA1C;TUBA1B;BASP1;CFL1;COL6A3;TGFBI;ITGA5;CALR;SEC61B;RAC1;PPIB;PFN1;RABAC1;TMSB10	9.803720570393386e-16
SRRS_all_modules	135	Gene_Perturbations_from_GEO_down	92	KDM4C natural variation human GSE41040 sample 616	8.54637812055337e-17	11.84877011843304	438.38599844392945	COX8A;EIF5A;CXCL8;TPM4;TNFRSF12A;ARPC1B;MMP3;ENO1;YBX1;PTGS2;THBS1;PSMA7;TUBA1C;TUBA1B;GNG5;BASP1;TUBB3;C1QBP;COL5A2;CFL1;COTL1;TIMP1;S100A11;CTSB	2.089941230749027e-15
SRRS_all_modules	135	Gene_Perturbations_from_GEO_down	93	Egfr druginhibition mouse GSE27640 sample 1910	8.684990083572438e-17	13.66739620008247	505.4524342746099	VKORC1;FKBP11;OST4;TNFRSF12A;SSR4;GSTP1;SSR3;NME2;MIF;ACTB;ATOX1;NME1;SRM;TUBA1B;PRDX4;OSTC;TMSB4X;COTL1;CALR;P4HB;RABAC1;S100A11	2.089941230749027e-15
SRRS_all_modules	135	Gene_Perturbations_from_GEO_down	94	BRAF Drug human GSE50791 sample 2541	8.684990083572438e-17	13.66739620008247	505.4524342746099	EIF5A;PRELID1;PPP1R14B;TPI1;TNFRSF12A;GSTO1;MIF;ENO1;YBX1;ACTB;NME1;LDHB;TUBA1C;TUBA1B;PRDX4;PKM;C1QBP;CFL1;TGFBI;TIMP1;PFN1;TMSB10	2.089941230749027e-15
SRRS_all_modules	135	Gene_Perturbations_from_GEO_down	95	DDIT4 Repression human GSE11670 sample 100	1.0837608632151165e-16	11.714714714714715	430.64373982931374	EIF5A;PRELID1;TPI1;PGAM1;UQCR10;MIF;ENO1;YBX1;PDIA6;PSMA7;NME1;SRM;LSM7;TUBA1B;PRDX4;GNG5;TUBB3;C1QBP;CFL1;CALR;SEC61B;TIMP1;PPIB;PFN1	2.5804916553606246e-15
SRRS_all_modules	135	Gene_Perturbations_from_GEO_down	96	Rb1 KO mouse GSE6206 sample 1164	1.126456134170223e-16	14.630939697421692	537.2815366213574	POSTN;SERPINE1;TNC;FN1;INHBA;PTGS2;THBS1;WISP1;RCN3;COL3A1;RCN1;BASP1;OSTC;TMSB4X;COL5A2;PLIN2;ITGA5;RABAC1;TMSB10;S100A11;CTSB	2.654212266138588e-15
SRRS_all_modules	135	Gene_Perturbations_from_GEO_down	97	Kdm6a KO mouse GSE35415 sample 1454	1.317985171588916e-16	13.375562800807328	489.0808953783238	TAGLN;TPI1;TPM4;TNFRSF12A;TPM2;ARPC1B;PGAM1;SERPINE1;NME2;ACTB;MYL12A;LDHB;LGALS1;PKM;BASP1;GUK1;C1QBP;PDPN;PLIN2;P4HB;PFN1;S100A11	3.073487070241369e-15
SRRS_all_modules	135	Gene_Perturbations_from_GEO_down	98	Emd KO mouse GSE6399 sample 839	1.3946992912590096e-16	12.38544422398589	452.1762527480166	COX8A;TPI1;TNFRSF12A;GSTP1;SERPINE1;UQCR11;ACTB;MYL12A;ACTG1;PTMS;COL3A1;TUBA1B;LGALS1;PKM;C1QBP;CFL1;PLIN2;CALR;RAC1;PPIB;PFN1;TMSB10;AP2M1	3.2191936702325304e-15
SRRS_all_modules	135	Gene_Perturbations_from_GEO_down	99	LAMC2 KD human GSE50767 sample 2208	1.5115118219176375e-16	13.280996577348834	483.80347859470044	COX8A;CXCL8;GSTO1;GSTP1;MIF;THBS1;ACTB;ATOX1;ACTG1;NME1;LDHB;LGALS1;BASP1;GUK1;SEC61G;TMSB4X;CFL1;AP2S1;TGFBI;TIMP1;PFN1;TMSB10	3.4535754961390868e-15
SRRS_all_modules	135	Gene_Perturbations_from_GEO_down	100	Dmd Deficiency mouse GSE1025 sample 916	1.9021705286063575e-16	14.222648155822627	514.8366215887133	TPI1;LUM;BRI3;TNC;YBX1;ACTB;ATOX1;PSMA7;COL1A1;TUBA1C;LSM7;PKM;TUBB3;OSTC;SEC61G;TIMP1;RAC1;PPIB;RABAC1;GAPDH;AP2M1	4.269879865757274e-15
SRRS_all_modules	135	LINCS_L1000_Chem_Pert_up	1	LJP009 PC3 24H-mitoxantrone-10	2.924181506767756e-13	16.767006802721088	483.90573558956163	EIF5A;PPP1R14B;TPM2;SERPINE1;INHBA;THY1;YBX1;SRM;GUK1;SEC61G;COTL1;AP2S1;TGFBI;RABAC1;CTSB	4.72045910926e-09
SRRS_all_modules	135	LINCS_L1000_Chem_Pert_up	2	LJP006 HEPG2 24H-sirolimus-0.37	4.642009154548137e-13	44.06444444444445	1251.3623157829682	COL1A1;POSTN;BASP1;SERPINE1;COTL1;FN1;COL6A3;SH3BGRL3;INHBA;THBS1	4.72045910926e-09
SRRS_all_modules	135	LINCS_L1000_Chem_Pert_up	3	LJP008 HEPG2 24H-entinostat-1.11	4.387269380563536e-12	21.43631436314363	560.6092261859045	COL1A1;POSTN;COL3A1;LGALS1;BASP1;BAMBI;LUM;TNC;COTL1;COL6A3;TIMP1;CTSB	2.2397680361805915e-08
SRRS_all_modules	135	LINCS_L1000_Chem_Pert_up	4	LJP009 PC3 24H-saracatinib-10	4.733019359118339e-12	13.5939226519337	354.481350026641	EIF5A;SSR4;SERPINE1;INHBA;PRDX4;GUK1;AP2S1;KDELR2;ITGAV;TGFBI;P4HB;CD47;RABAC1;AP2M1;CTSB	2.2397680361805915e-08
SRRS_all_modules	135	LINCS_L1000_Chem_Pert_up	5	LJP007 MCF7 24H-dinaciclib-0.12	6.771902606497788e-12	15.005545889517181	385.9162160155678	EIF5A;SSR4;TPM2;GSTP1;SSR3;FN1;UQCR11;ENO1;COL5A2;COTL1;CD47;IL6ST;RABAC1;CTSB	2.2397680361805915e-08
SRRS_all_modules	135	LINCS_L1000_Chem_Pert_up	6	LJP005 HEPG2 24H-PF-477736-10	7.111213683052401e-12	25.08582949308756	643.9368917884248	EIF5A;TNFRSF12A;BASP1;SERPINE1;RAB13;FN1;ITGAV;TIMP1;INHBA;IL6ST;THBS1	2.2397680361805915e-08
SRRS_all_modules	135	LINCS_L1000_Chem_Pert_up	7	LJP006 BT20 24H-alvocidib-3.33	8.751468658598208e-12	20.090447154471544	511.5389389789376	PRDX4;SSR4;GUK1;CCL20;COL5A2;SSR3;COL6A3;ITGAV;ENO1;THY1;THBS1;NME1	2.2397680361805915e-08
SRRS_all_modules	135	LINCS_L1000_Chem_Pert_up	8	LJP009 MCF7 24H-CGP-60474-0.12	8.81018010101521e-12	16.964106292966683	431.8232465908224	COX8A;EIF5A;TPI1;TPM2;ARPC1B;GSTP1;UQCR11;ENO1;COL3A1;COL5A2;COTL1;P4HB;CD47	2.2397680361805915e-08
SRRS_all_modules	135	LINCS_L1000_Chem_Pert_up	9	LJP005 MCF10A 24H-GSK-690693-10	1.507257985970272e-11	19.091040811398212	475.71330263918344	TAGLN;LGALS1;SDC4;BASP1;TPM2;SERPINE1;FN1;INHBA;TGFBI;IL6ST;THBS1;CTSB	3.4060681020737104e-08
SRRS_all_modules	135	LINCS_L1000_Chem_Pert_up	10	LJP005 HEPG2 24H-mitoxantrone-10	2.362380009584838e-11	15.573163327261687	381.05609608445957	POSTN;LUM;ARPC1B;GSTP1;THY1;COL3A1;GUK1;COL5A2;COL6A3;COL10A1;CD47;IL6ST;CTSB	4.804608463493643e-08
SRRS_all_modules	135	LINCS_L1000_Chem_Pert_up	11	LJP008 HEPG2 24H-mocetinostat-10	5.0176943974565174e-11	17.053313187999137	404.42726019737404	COL1A1;LDHB;POSTN;IL6;COL3A1;BASP1;BAMBI;LUM;TPM2;SERPINE1;WNT5A;COTL1	9.277260786860969e-08
SRRS_all_modules	135	LINCS_L1000_Chem_Pert_up	12	LJP009 HEPG2 24H-dabrafenib-0.04	8.732937462064396e-11	16.188563230170118	374.9487236877252	LDHB;POSTN;SDC4;SERPINE1;COL10A1;SH3BGRL3;ITGAV;TIMP1;THBS1;S100A11;CTSB;ENG	1.480087350862214e-07
SRRS_all_modules	135	LINCS_L1000_Chem_Pert_up	13	LJP008 HEPG2 24H-sirolimus-10	1.752434712305657e-10	22.303098591549297	501.0356494161312	TGFBR3;COL1A1;TAGLN;LGALS1;SERPINE1;FN1;SH3BGRL3;ITGA5;INHBA;THBS1	2.7416167060671116e-07
SRRS_all_modules	135	LINCS_L1000_Chem_Pert_up	14	LJP005 MDAMB231 3H-BX-912-3.33	5.048958856336394e-10	34.69641294838145	742.7346231352454	EIF5A;COL1A1;TAGLN;POSTN;COL3A1;FN1;COL6A3;PPIB	7.334694658583542e-07
SRRS_all_modules	135	LINCS_L1000_Chem_Pert_up	15	LJP007 HEPG2 24H-amuvatinib-10	5.450278796397889e-10	16.078425569695177	342.95577852136256	ACVR1;LGALS1;SERPINE1;COL10A1;INHBA;TIMP1;ITGA5;IL6ST;S100A11;CTSB;ENG	7.389851344076017e-07
SRRS_all_modules	135	LINCS_L1000_Chem_Pert_up	16	LJP005 MCF7 24H-CGP-60474-1.11	1.003605338956755e-09	15.102822580645162	312.92545435383573	EIF5A;LDHB;COL3A1;SSR4;GUK1;CCL20;COL10A1;COL6A3;UQCR11;THY1;CTSB	1.2757078364814052e-06
SRRS_all_modules	135	LINCS_L1000_Chem_Pert_up	17	LJP006 MCF10A 24H-CGP-60474-0.12	1.2796928304879319e-09	12.56942451777459	257.37965330774495	EIF5A;IL6;SSR4;CCL20;WNT5A;COL5A2;PLOD2;ITGAV;INHBA;THY1;CD47;PTGS2	1.4912703273252901e-06
SRRS_all_modules	135	LINCS_L1000_Chem_Pert_up	18	LJP007 A375 24H-everolimus-3.33	1.3198380318544214e-09	22.45124716553288	459.03273965052824	EIF5A;LGALS1;TPM2;SSR3;COL5A2;FN1;PLIN2;TIMP1;INHBA	1.4912703273252901e-06
SRRS_all_modules	135	LINCS_L1000_Chem_Pert_up	19	LJP006 BT20 24H-alvocidib-0.37	1.5176939510263498e-09	14.47507331378299	293.9319068483423	TAGLN;TPM4;SSR4;GUK1;CCL20;COL5A2;SSR3;TNC;THY1;CKAP4;CTSB	1.6245715566302055e-06
SRRS_all_modules	135	LINCS_L1000_Chem_Pert_up	20	LJP008 A549 24H-entinostat-3.33	1.7436130819146985e-09	29.03790514557773	585.6163300751675	EIF5A;COL1A1;LGALS1;SERPINE1;TNC;COL6A3;PLIN2;PTGS2	1.773080142999057e-06
SRRS_all_modules	135	LINCS_L1000_Chem_Pert_up	21	LJP006 HEPG2 24H-mitoxantrone-10	2.0592435141666652e-09	12.015243902439025	240.31601795478954	EIF5A;LDHB;POSTN;COL3A1;GUK1;GSTP1;COL5A2;COL6A3;UQCR11;SH3BGRL3;IL6ST;CTSB	1.994328313862935e-06
SRRS_all_modules	135	LINCS_L1000_Chem_Pert_up	22	LJP006 BT20 3H-THZ-2-98-01-3.33	3.1349110822617704e-09	38.744140625	758.6360393052856	COL1A1;TAGLN;COL3A1;RCN1;LUM;TPM2;COL6A3	2.88220879612782e-06
SRRS_all_modules	135	LINCS_L1000_Chem_Pert_up	23	LJP008 HEPG2 24H-entinostat-0.04	3.2594553206283736e-09	26.561233037359692	519.051799977207	COL1A1;COL3A1;LGALS1;COL6A3;SH3BGRL3;VDAC1;ENO1;TIMP1	2.88220879612782e-06
SRRS_all_modules	135	LINCS_L1000_Chem_Pert_up	24	LJP008 PC3 24H-entinostat-0.37	5.26128507563991e-09	15.20076923076923	289.7705998039265	IL6;BASP1;CCL20;SERPINE1;WNT5A;MMP3;TNC;INHBA;ITGA5;THBS1	4.458500661181853e-06
SRRS_all_modules	135	LINCS_L1000_Chem_Pert_up	25	LJP008 HEPG2 24H-CGP-60474-0.37	1.0179666092439925e-08	14.109285714285715	259.6514019631686	POSTN;COL3A1;LUM;SERPINE1;COL5A2;COL6A3;PLOD2;SH3BGRL3;CD47;IL6ST	8.281361959521728e-06
SRRS_all_modules	135	LINCS_L1000_Chem_Pert_up	26	LJP009 PC3 24H-CGP-60474-0.37	1.1342156723546987e-08	10.21120913336793	186.81140974210228	COL1A1;EIF5A;SSR4;GUK1;SERPINE1;AP2S1;INHBA;P4HB;CD47;IL6ST;RABAC1;CTSB	8.872183978596102e-06
SRRS_all_modules	135	LINCS_L1000_Chem_Pert_up	27	LJP008 HT29 24H-entinostat-3.33	1.2024850410529498e-08	17.02409638554217	310.456366521186	LGALS1;WNT5A;COL5A2;RAB13;FN1;PLIN2;RABAC1;CKAP4;CTSB	9.057829912938849e-06
SRRS_all_modules	135	LINCS_L1000_Chem_Pert_up	28	LJP006 HEPG2 24H-OSI-027-1.11	1.3237821098015058e-08	16.82057823129252	305.12844919123535	EIF5A;LGALS1;SDC4;SERPINE1;FN1;COL10A1;INHBA;S100A11;CTSB	9.283820879014835e-06
SRRS_all_modules	135	LINCS_L1000_Chem_Pert_up	29	LJP006 MCF7 3H-NVP-TAE684-10	1.3237821098015058e-08	16.82057823129252	305.12844919123535	EIF5A;COL1A1;POSTN;TNFAIP6;CCL20;FN1;PLOD2;TGFBI;P4HB	9.283820879014835e-06
SRRS_all_modules	135	LINCS_L1000_Chem_Pert_up	30	LJP005 A549 24H-nilotinib-10	1.4995970495917718e-08	11.429053341766814	205.89993110575844	EIF5A;IL11;IL6;TNFRSF12A;SDC4;CCL20;SERPINE1;MMP3;TIMP1;PTGS2;MMP10	1.0166268264865817e-05
SRRS_all_modules	135	LINCS_L1000_Chem_Pert_up	31	LJP006 LNCAP 3H-imatinib-10	1.6985723186863014e-08	29.30658783783784	524.3210171868526	POSTN;COL3A1;TPM4;CCL20;TNC;COL6A3;PLOD2	1.1092530971677877e-05
SRRS_all_modules	135	LINCS_L1000_Chem_Pert_up	32	LJP006 BT20 24H-CGP-60474-0.12	1.745309229490078e-08	13.274621848739496	237.13451271102846	COL1A1;TAGLN;SSR4;CCL20;TNC;COL6A3;ITGAV;THY1;THBS1;CKAP4	1.1092530971677877e-05
SRRS_all_modules	135	LINCS_L1000_Chem_Pert_up	33	LJP006 LNCAP 24H-CGP-60474-0.04	1.8108137145056622e-08	11.207557899090157	199.7960636019476	COL1A1;LDHB;COL3A1;LGALS1;TPM4;GUK1;GSTP1;COL5A2;COL6A3;SH3BGRL3;CD47	1.1160099795641258e-05
SRRS_all_modules	135	LINCS_L1000_Chem_Pert_up	34	LJP006 HT29 24H-JNK-9L-10	1.9266639217515547e-08	11.135607150195192	197.8228447324468	EIF5A;TGFBR3;IL6;PPP1R14B;SSR4;GUK1;SERPINE1;AP2S1;CD47;IL6ST;ATOX1	1.1524850247230329e-05
SRRS_all_modules	135	LINCS_L1000_Chem_Pert_up	35	LJP006 BT20 3H-selumetinib-0.04	2.228056609677538e-08	43.95127353266888	774.4017061354698	COL1A1;COL3A1;FN1;TIMP1;INHBA;TGFBI	1.2946918665034792e-05
SRRS_all_modules	135	LINCS_L1000_Chem_Pert_up	36	LJP008 HEPG2 24H-entinostat-0.12	2.321787065984482e-08	20.11988823977648	353.67430802313515	COL1A1;POSTN;COL3A1;LGALS1;LUM;TPM2;WNT5A;TIMP1	1.3116807041109e-05
SRRS_all_modules	135	LINCS_L1000_Chem_Pert_up	37	LJP009 PC3 24H-CGP-60474-3.33	2.8143794382211773e-08	9.356335514574658	162.66867809793015	EIF5A;SSR4;GUK1;SERPINE1;SSR3;AP2S1;SH3BGRL3;TGFBI;CD47;PPIB;AP2M1;CTSB	1.546995919311954e-05
SRRS_all_modules	135	LINCS_L1000_Chem_Pert_up	38	LJP008 HEPG2 24H-mocetinostat-0.37	2.9106134337189078e-08	19.489173228346456	338.18230964632426	COL1A1;POSTN;COL3A1;TNFAIP6;LUM;COL5A2;COTL1;COL6A3	1.557790947762504e-05
SRRS_all_modules	135	LINCS_L1000_Chem_Pert_up	39	LJP008 HEPG2 24H-pracinostat-0.12	3.2634166553156024e-08	15.02355623100304	258.9746507510855	COL1A1;COL3A1;LGALS1;TNFAIP6;BAMBI;GSTP1;WNT5A;RABAC1;CTSB	1.7018299470720183e-05
SRRS_all_modules	135	LINCS_L1000_Chem_Pert_up	40	LJP006 HCC515 24H-alvocidib-10	3.4445903367895494e-08	9.175399696580698	157.66892845143502	EIF5A;COL3A1;SSR4;CCL20;GSTP1;COL5A2;COL6A3;VDAC1;ITGAV;THY1;PDIA6;CTSB	1.7514019567406464e-05
SRRS_all_modules	135	LINCS_L1000_Chem_Pert_up	41	LJP006 BT20 24H-alvocidib-0.12	4.1979294829745226e-08	14.556701030927835	247.26142392260024	TPM4;CCL20;SSR3;FN1;PLOD2;ITGAV;THY1;THBS1;CTSB	2.0823778006033133e-05
SRRS_all_modules	135	LINCS_L1000_Chem_Pert_up	42	LJP009 A549 24H-CGP-60474-3.33	4.557497862663125e-08	14.407434402332362	243.54193103460304	EIF5A;COL3A1;SSR4;FAP;GUK1;ADAM12;UQCR11;THY1;CD47	2.1555905007172707e-05
SRRS_all_modules	135	LINCS_L1000_Chem_Pert_up	43	LJP006 MCF10A 3H-geldanamycin-0.37	4.557497862663125e-08	14.407434402332362	243.54193103460304	FKBP11;COL3A1;TNFAIP6;ADAM12;COL6A3;PLOD2;TGFBI;P4HB;PDIA6	2.1555905007172707e-05
SRRS_all_modules	135	LINCS_L1000_Chem_Pert_up	44	LJP006 SKBR3 24H-BMS-387032-0.37	4.68020171601774e-08	11.868872180451127	200.3149856660821	TAGLN;IL6;LGALS1;CCL20;COL5A2;TNC;COTL1;FN1;ITGAV;CTSB	2.1633168750083817e-05
SRRS_all_modules	135	LINCS_L1000_Chem_Pert_up	45	LJP009 HEPG2 24H-sirolimus-10	4.974451425820071e-08	18.072349651945682	303.91123982204067	COL1A1;POSTN;SERPINE1;COL6A3;TIMP1;INHBA;TGFBI;CTSB	2.248230957740636e-05
SRRS_all_modules	135	LINCS_L1000_Chem_Pert_up	46	LJP009 HEPG2 24H-JNK-IN-5A-10	5.358076475873057e-08	14.117857142857142	236.36223300353598	COL1A1;POSTN;LGALS1;TNFRSF12A;SERPINE1;TIMP1;ITGA5;THBS1;S100A11	2.3689686818762223e-05
SRRS_all_modules	135	LINCS_L1000_Chem_Pert_up	47	LJP005 MCF7 24H-CGP-60474-3.33	6.486063917074584e-08	11.435942028985508	189.27656106506632	EIF5A;LDHB;COL3A1;SSR4;GUK1;GSTP1;COL5A2;COL10A1;UQCR11;CTSB	2.8066716584141043e-05
SRRS_all_modules	135	LINCS_L1000_Chem_Pert_up	48	LJP008 HEPG2 24H-CX-5461-1.11	7.422203389150062e-08	23.059507978723403	378.5496050618573	LDHB;LGALS1;BASP1;SERPINE1;VDAC1;TIMP1;S100A11	3.144849427677791e-05
SRRS_all_modules	135	LINCS_L1000_Chem_Pert_up	49	LJP006 LNCAP 24H-JNK-9L-3.33	7.842468337577962e-08	11.190921985815603	183.09609720177463	COL3A1;LGALS1;TPM4;GUK1;GSTP1;COL6A3;TGFBI;THY1;S100A11;CTSB	3.255104511217563e-05
SRRS_all_modules	135	LINCS_L1000_Chem_Pert_up	50	LJP006 BT20 24H-CGP-60474-1.11	8.19114208488742e-08	16.846988721004468	274.90288488105557	COL1A1;CCL20;TNC;FN1;COL6A3;PLOD2;THY1;THBS1	3.3286831644006935e-05
SRRS_all_modules	135	LINCS_L1000_Chem_Pert_up	51	LJP006 PC3 24H-alvocidib-10	8.347076476764449e-08	11.111549295774648	181.1045795256695	COL1A1;EIF5A;COL3A1;GSTO1;SERPINE1;ITGAV;THY1;PPIB;RABAC1;THBS1	3.3286831644006935e-05
SRRS_all_modules	135	LINCS_L1000_Chem_Pert_up	52	LJP006 HCC515 24H-sorafenib-10	9.918449700111145e-08	13.066798941798941	210.71891221032917	RCN1;SDC4;TNFRSF12A;BASP1;KDELR2;PPIB;RABAC1;S100A11;CKAP4	3.8060647169973676e-05
SRRS_all_modules	135	LINCS_L1000_Chem_Pert_up	53	LJP007 MCF7 24H-dinaciclib-1.11	9.918449700111145e-08	13.066798941798941	210.71891221032917	EIF5A;TPM2;GSTP1;WNT5A;COL5A2;COTL1;UQCR11;TGFBI;CTSB	3.8060647169973676e-05
SRRS_all_modules	135	LINCS_L1000_Chem_Pert_up	54	LJP007 HA1E 24H-everolimus-0.37	1.0895600108265136e-07	21.67265625	347.46299700686836	COL1A1;POSTN;COL3A1;FAP;COL5A2;INHBA;THBS1	4.1036058333684506e-05
SRRS_all_modules	135	LINCS_L1000_Chem_Pert_up	55	LJP006 HCC515 24H-mitoxantrone-10	1.1921913343308541e-07	15.979810216030689	254.75496963203037	POSTN;FAP;GSTP1;COL5A2;COL10A1;VDAC1;THY1;CTSB	4.4085067922947115e-05
SRRS_all_modules	135	LINCS_L1000_Chem_Pert_up	56	LJP009 MCF7 24H-CGP-60474-1.11	1.2754314404996762e-07	10.585771812080537	168.04712833958848	COL1A1;EIF5A;ARPC1B;GSTP1;WNT5A;COL5A2;FN1;UQCR11;CD47;IL6ST	4.550828883663582e-05
SRRS_all_modules	135	LINCS_L1000_Chem_Pert_up	57	LJP006 LNCAP 24H-CGP-60474-10	1.2754314404996762e-07	10.585771812080537	168.04712833958848	COL1A1;COL3A1;TPM4;GUK1;GSTP1;COL5A2;COL6A3;RABAC1;THBS1;S100A11	4.550828883663582e-05
SRRS_all_modules	135	LINCS_L1000_Chem_Pert_up	58	LJP005 BT20 3H-CGP-60474-0.37	1.3948880901395268e-07	30.751937984496124	485.4279965572621	FKBP11;POSTN;COL3A1;LUM;COL5A2;COL6A3	4.891247237458223e-05
SRRS_all_modules	135	LINCS_L1000_Chem_Pert_up	59	LJP006 LNCAP 24H-alvocidib-0.37	1.434127710989667e-07	10.444503311258279	164.57966673244118	COL1A1;LDHB;COL3A1;TPM4;GUK1;GSTP1;COL5A2;FN1;COL6A3;ENO1	4.943608370526754e-05
SRRS_all_modules	135	LINCS_L1000_Chem_Pert_up	60	LJP005 MCF10A 3H-LDN-193189-10	1.5197977986514382e-07	10.375263157894738	162.88663435577536	IL6;TNFAIP6;BAMBI;BASP1;CCL20;TNC;PLOD2;INHBA;CD47;PTGS2	5.1516079381621576e-05
SRRS_all_modules	135	LINCS_L1000_Chem_Pert_up	61	LJP006 HEPG2 24H-alvocidib-10	1.8563632277432598e-07	15.013376340005692	232.69947123239913	LDHB;POSTN;COL3A1;GUK1;GSTP1;COL5A2;COL6A3;ENO1	6.189297594400397e-05
SRRS_all_modules	135	LINCS_L1000_Chem_Pert_up	62	LJP009 HCC515 24H-GSK-1059615-3.33	2.204720175603327e-07	19.3447265625	296.5062007193245	COL1A1;POSTN;COL3A1;BASP1;COL5A2;FN1;THBS1	7.117396655781026e-05
SRRS_all_modules	135	LINCS_L1000_Chem_Pert_up	63	LJP008 HEPG2 24H-mocetinostat-0.12	2.204720175603327e-07	19.3447265625	296.5062007193245	COL1A1;COL3A1;SDC4;SERPINE1;COTL1;FN1;CTSB	7.117396655781026e-05
SRRS_all_modules	135	LINCS_L1000_Chem_Pert_up	64	LJP006 MCF7 24H-BMS-387032-1.11	2.4559441932184124e-07	11.655253837072019	177.38811905205344	EIF5A;LDHB;COL3A1;SSR4;GUK1;CCL20;WNT5A;UQCR11;IL6ST	7.702309985708375e-05
SRRS_all_modules	135	LINCS_L1000_Chem_Pert_up	65	LJP005 A375 24H-BX-912-3.33	2.4616488792951344e-07	19.00438596491228	289.19476312589705	COL1A1;POSTN;TAGLN;COL3A1;LUM;SERPINE1;FN1	7.702309985708375e-05
SRRS_all_modules	135	LINCS_L1000_Chem_Pert_up	66	LJP008 PC3 24H-mocetinostat-0.04	2.743336553242377e-07	18.67578125	282.17089887330945	TNFAIP6;SDC4;BASP1;SERPINE1;MMP3;TNC;MMP10	8.453633154521737e-05
SRRS_all_modules	135	LINCS_L1000_Chem_Pert_up	67	LJP005 MDAMB231 24H-AS-601245-10	2.798130879968524e-07	11.464576074332172	172.99063927941089	COL1A1;EIF5A;POSTN;COL3A1;CCL20;ADAM12;COL6A3;PLOD2;THY1	8.493788930865649e-05
SRRS_all_modules	135	LINCS_L1000_Chem_Pert_up	68	LJP006 A549 24H-QL-XII-47-10	2.879515895309526e-07	8.38349100496278	126.2593438062493	IL11;IL6;TNFRSF12A;SDC4;TNFAIP6;SPHK1;SERPINE1;MMP3;TNC;ITGAV;INHBA	8.612293276294873e-05
SRRS_all_modules	135	LINCS_L1000_Chem_Pert_up	69	LJP009 PC3 24H-CGP-60474-1.11	3.0138275950103997e-07	8.34295415959253	125.26849521235235	EIF5A;SSR4;GUK1;SERPINE1;AP2S1;KDELR2;SH3BGRL3;CD47;IL6ST;RABAC1;CTSB	8.883366032945146e-05
SRRS_all_modules	135	LINCS_L1000_Chem_Pert_up	70	LJP005 MDAMB231 3H-CGP-60474-3.33	3.1322204307423767e-07	26.35215946843854	394.65925555911934	POSTN;COL3A1;COL5A2;ENO1;THY1;INHBA	9.100442731491208e-05
SRRS_all_modules	135	LINCS_L1000_Chem_Pert_up	71	LJP009 PC3 24H-CGP-60474-10	3.2893383027410986e-07	9.493493975903615	141.71326960271412	COL1A1;EIF5A;GUK1;SERPINE1;ADAM12;AP2S1;SH3BGRL3;P4HB;RABAC1;AP2M1	9.422332732556122e-05
SRRS_all_modules	135	LINCS_L1000_Chem_Pert_up	72	LJP007 MCF7 24H-SB-525334-0.04	3.388676688068913e-07	18.051432291666668	268.9240315359268	POSTN;SDC4;LUM;TNC;COL6A3;VDAC1;THBS1	9.57207034471466e-05
SRRS_all_modules	135	LINCS_L1000_Chem_Pert_up	73	LJP005 MCF7 3H-PF-477736-10	3.756446108875942e-07	17.754610655737704	262.67275916723514	COL1A1;POSTN;COL3A1;TNFAIP6;CCL20;THY1;PTGS2	0.0001032413526517823
SRRS_all_modules	135	LINCS_L1000_Chem_Pert_up	74	LJP006 BT20 24H-AT-7519-3.33	3.756446108875942e-07	17.754610655737704	262.67275916723514	POSTN;COL3A1;CCL20;SSR3;COL5A2;COL6A3;THY1	0.0001032413526517823
SRRS_all_modules	135	LINCS_L1000_Chem_Pert_up	75	LJP008 HEPG2 24H-entinostat-10	3.840392982080333e-07	11.013950892857142	162.70382031263753	COL1A1;POSTN;COL3A1;BAMBI;BASP1;TPM2;COL5A2;SERPINE1;COTL1	0.00010338359531540412
SRRS_all_modules	135	LINCS_L1000_Chem_Pert_up	76	LJP007 A375 24H-NVP-TAE226-0.12	3.863287070494008e-07	13.538514207463198	199.91751599216488	COL1A1;POSTN;COL3A1;TNFAIP6;COL5A2;TNC;FN1;THBS1	0.00010338359531540412
SRRS_all_modules	135	LINCS_L1000_Chem_Pert_up	77	LJP006 LNCAP 24H-CGP-60474-3.33	4.343165373702628e-07	10.843406593406593	158.85040052745416	COL1A1;COL3A1;GUK1;GSTP1;COL6A3;TGFBI;INHBA;THY1;TIMP1	0.00011471597061086241
SRRS_all_modules	135	LINCS_L1000_Chem_Pert_up	78	LJP006 HEPG2 24H-AZD-5438-10	4.483868940366903e-07	9.15953488372093	133.89050298198404	LDHB;COL3A1;SSR4;GUK1;GSTP1;COL5A2;SERPINE1;UQCR11;ATOX1;CTSB	0.00011588968214571809
SRRS_all_modules	135	LINCS_L1000_Chem_Pert_up	79	LJP009 HT29 24H-BX-795-10	4.5015659796989523e-07	13.24912045568772	193.6182783591837	IL6;SDC4;TNFAIP6;CCL20;FN1;INHBA;CD47;PTGS2	0.00011588968214571809
SRRS_all_modules	135	LINCS_L1000_Chem_Pert_up	80	LJP006 HME1 24H-WZ-4-145-1.11	4.6152806243824404e-07	10.760087241003271	156.97593197633788	COL1A1;TAGLN;COL3A1;TPM2;WNT5A;ITGAV;RABAC1;THBS1;CTSB	0.00011733197167336259
SRRS_all_modules	135	LINCS_L1000_Chem_Pert_up	81	LJP007 MCF7 24H-mitoxantrone-10	4.853167724660495e-07	13.108992954828015	190.5846224135926	EIF5A;GSTP1;COL5A2;COTL1;ENO1;THY1;YBX1;CTSB	0.00012185645084462364
SRRS_all_modules	135	LINCS_L1000_Chem_Pert_up	82	LJP006 A549 24H-BMS-387032-0.12	5.067280571918278e-07	16.9197998046875	245.2574278135967	IL6;SDC4;CCL20;SPHK1;SERPINE1;FN1;THBS1	0.0001241666894839445
SRRS_all_modules	135	LINCS_L1000_Chem_Pert_up	83	LJP006 MCF7 3H-AZD-5438-3.33	5.067280571918278e-07	16.9197998046875	245.2574278135967	EIF5A;TPI1;TNFAIP6;SEC61G;UQCR11;THY1;INHBA	0.0001241666894839445
SRRS_all_modules	135	LINCS_L1000_Chem_Pert_up	84	LJP007 MCF7 24H-CGP-60474-0.37	5.204154121754311e-07	10.597207303974221	153.32716132296326	EIF5A;ARPC1B;GSTP1;COL5A2;COTL1;FN1;UQCR11;THY1;IL6ST	0.0001260024839621895
SRRS_all_modules	135	LINCS_L1000_Chem_Pert_up	85	LJP007 HEPG2 24H-sirolimus-10	6.139173849950924e-07	16.405421401515152	234.65339421171737	ACVR1;COL1A1;TNFRSF12A;SERPINE1;VDAC1;INHBA;CTSB	0.0001468923738356493
SRRS_all_modules	135	LINCS_L1000_Chem_Pert_up	86	LJP006 BT20 24H-AT-7519-1.11	6.504686257950466e-07	12.576791537421459	179.16359907283828	CCL20;COL5A2;SSR3;COL6A3;ITGAV;THY1;IL6ST;THBS1	0.00015382826641185647
SRRS_all_modules	135	LINCS_L1000_Chem_Pert_up	87	LJP006 MCF7 3H-AT-7519-3.33	6.742725496673943e-07	16.159748134328357	229.62406501323863	EIF5A;COL3A1;CCL20;TPM2;AP2S1;TGFBI;P4HB	0.0001576247714383387
SRRS_all_modules	135	LINCS_L1000_Chem_Pert_up	88	LJP009 HT29 24H-mitoxantrone-10	7.395313285118055e-07	15.921300551470589	224.76496733376118	EIF5A;LDHB;GSTO1;ARPC1B;GSTP1;COL5A2;COL10A1	0.00017091577453719434
SRRS_all_modules	135	LINCS_L1000_Chem_Pert_up	89	LJP009 PC3 24H-chelerythrine chloride-10	7.808397478259515e-07	10.063775510204081	141.52582732679116	IL11;IL6;BAMBI;CCL20;SERPINE1;MMP3;FN1;INHBA;IL6R	0.00017645243101426894
SRRS_all_modules	135	LINCS_L1000_Chem_Pert_up	90	LJP007 MCF7 24H-dinaciclib-0.04	7.808397478259515e-07	10.063775510204081	141.52582732679116	EIF5A;TPM2;GSTP1;COL5A2;COTL1;ENO1;CD47;RABAC1;CTSB	0.00017645243101426894
SRRS_all_modules	135	LINCS_L1000_Chem_Pert_up	91	LJP006 HME1 24H-palbociclib-0.37	8.100091804627959e-07	15.689764492753623	220.06809253133582	COL1A1;CCL20;WNT5A;FN1;ITGAV;TGFBI;S100A11	0.00018103260123354222
SRRS_all_modules	135	LINCS_L1000_Chem_Pert_up	92	LJP006 LNCAP 24H-AZD-5438-10	8.259800159773987e-07	9.991894630192503	139.95342312965815	COL1A1;LDHB;COL3A1;GUK1;GSTP1;COL5A2;COL6A3;COL10A1;INHBA	0.00018259545179291666
SRRS_all_modules	135	LINCS_L1000_Chem_Pert_up	93	LJP006 MCF7 24H-BMS-387032-10	1.0298874479284637e-06	9.714285714285714	133.92173577390858	EIF5A;LDHB;COL3A1;SSR4;GUK1;GSTP1;UQCR11;IL6ST;CTSB	0.0002237472878061511
SRRS_all_modules	135	LINCS_L1000_Chem_Pert_up	94	LJP006 MDAMB231 3H-AT-7519-0.37	1.0532377929330136e-06	20.952431289640593	288.3817533699955	EIF5A;POSTN;COL3A1;PGAM1;THY1;TGFBI	0.0002237472878061511
SRRS_all_modules	135	LINCS_L1000_Chem_Pert_up	95	LJP007 HA1E 24H-WZ-7043-10	1.0532377929330136e-06	20.952431289640593	288.3817533699955	COL1A1;POSTN;COL3A1;COL6A3;INHBA;THBS1	0.0002237472878061511
SRRS_all_modules	135	LINCS_L1000_Chem_Pert_up	96	LJP006 MCF10A 3H-alvocidib-10	1.056138245126881e-06	15.033745659722221	206.87774237047168	POSTN;COL3A1;GSTO1;TPM2;COL6A3;THY1;NME1	0.0002237472878061511
SRRS_all_modules	135	LINCS_L1000_Chem_Pert_up	97	LJP006 PC3 24H-BMS-387032-10	1.1127990988489096e-06	8.24041884816754	112.96486956601014	COL1A1;EIF5A;SSR4;CCL20;COL5A2;SERPINE1;AP2S1;TGFBI;THY1;ATOX1	0.00023332070177720747
SRRS_all_modules	135	LINCS_L1000_Chem_Pert_up	98	LJP007 HCC515 24H-dinaciclib-10	1.1472217593728538e-06	9.58114674441205	131.05252905312966	COL1A1;EIF5A;POSTN;GSTO1;SSR3;ADAM12;FN1;THY1;IL6ST	0.00023408062856736394
SRRS_all_modules	135	LINCS_L1000_Chem_Pert_up	99	LJP006 HEPG2 24H-JNK-9L-10	1.1509520531387744e-06	14.827054794520548	202.75880424977916	LDHB;POSTN;BASP1;GSTP1;COL5A2;COL6A3;KDELR2	0.00023408062856736394
SRRS_all_modules	135	LINCS_L1000_Chem_Pert_up	100	LJP006 LNCAP 24H-alvocidib-3.33	1.1509520531387744e-06	14.827054794520548	202.75880424977916	COL1A1;COL3A1;GSTP1;COL5A2;FN1;COL10A1;COL6A3	0.00023408062856736394
SRRS_all_modules	135	LINCS_L1000_Chem_Pert_down	1	LJP005 HS578T 24H-LDN-193189-10	4.378464502414048e-21	28.37800934243622	1330.2926546249532	EIF5A;SDC4;SERPINE1;UQCR10;ENO1;YBX1;ACTB;PSMA7;COL1A1;COL3A1;PRDX4;BASP1;RAB13;COL6A3;KDELR2;TGFBI;P4HB;RAC1;PPIB;AP2M1	4.55177239191139e-17
SRRS_all_modules	135	LINCS_L1000_Chem_Pert_down	2	LJP007 HA1E 24H-NVP-BGT226-1.11	5.068224464882964e-21	28.143977191732002	1315.2045400434165	VKORC1;FKBP11;TPM4;PGAM1;WNT5A;PLOD2;ENO1;THY1;PDIA6;THBS1;ACTB;CKAP4;COL1A1;COL3A1;PRDX4;BASP1;KDELR2;P4HB;CD47;PPIB	4.55177239191139e-17
SRRS_all_modules	135	LINCS_L1000_Chem_Pert_down	3	LJP006 HA1E 24H-QL-X-138-10	9.173561145314348e-20	19.437401733974216	852.0458193348579	EIF5A;FKBP11;PPP1R14B;TPM4;CCL20;TPM2;SERPINE1;TNC;FN1;PLOD2;INHBA;ENO1;THBS1;MMP10;COL1A1;BASP1;COTL1;KDELR2;SH3BGRL3;TGFBI;CD47;S100A11	5.49251684307121e-16
SRRS_all_modules	135	LINCS_L1000_Chem_Pert_down	4	LJP006 HA1E 24H-nintedanib-10	1.9236263023594116e-17	29.21636346846431	1124.5300722865602	FKBP11;EIF5A;TNFRSF12A;SPHK1;PGAM1;SERPINE1;TNC;PLOD2;ENO1;INHBA;THBS1;SRM;COL1A1;ADAM12;ITGAV;TGFBI	8.638043910744938e-14
SRRS_all_modules	135	LINCS_L1000_Chem_Pert_down	5	LJP006 HS578T 24H-QL-X-138-10	8.372535290849259e-17	16.277432712215322	602.5741161969061	VKORC1;FKBP11;LUM;TPM2;ARPC1B;GSTP1;WNT5A;PLOD2;ENO1;PDIA6;CKAP4;NME1;COL3A1;RCN1;PRDX4;ADAM12;KDELR2;P4HB;CD47;ENG	3.007749577884688e-13
SRRS_all_modules	135	LINCS_L1000_Chem_Pert_down	6	LJP006 HEPG2 24H-AS-605240-10	1.6518159618538794e-16	29.436011904761905	1069.6895490510203	TNFRSF12A;LUM;SERPINE1;TNC;PLOD2;ENO1;THY1;INHBA;THBS1;NME1;COL1A1;COL3A1;FAP;COL6A3;TIMP1	4.944986384469897e-13
SRRS_all_modules	135	LINCS_L1000_Chem_Pert_down	7	LJP005 HEPG2 24H-trametinib-0.37	2.2149737269536794e-15	20.89644676768345	705.1200007036347	TAGLN;TNFRSF12A;CCL20;TPM2;SERPINE1;TNC;PLOD2;INHBA;ENO1;THBS1;NME1;SRM;COL1A1;COL3A1;C1QBP;COL6A3	5.595806169769328e-12
SRRS_all_modules	135	LINCS_L1000_Chem_Pert_down	8	LJP005 HEPG2 24H-PD-184352-3.33	2.492286457975427e-15	23.983009708737864	806.4425120618597	EIF5A;POSTN;TNFAIP6;TNFRSF12A;LUM;SERPINE1;TNC;THBS1;COL1A1;COL3A1;FAP;C1QBP;COL10A1;COL6A3;TIMP1	5.595806169769328e-12
SRRS_all_modules	135	LINCS_L1000_Chem_Pert_down	9	LJP006 HME1 24H-nintedanib-10	3.5617929134574244e-15	33.492844132188395	1114.2570986298724	FKBP11;POSTN;TNFAIP6;LUM;SPHK1;TNC;PLOD2;INHBA;COL1A1;COL3A1;FAP;COL5A2;COL6A3	7.108547145724695e-12
SRRS_all_modules	135	LINCS_L1000_Chem_Pert_down	10	LJP006 HS578T 24H-afatinib-10	7.267677210645984e-15	19.22007063695043	625.7159278322005	EIF5A;TAGLN;TPM2;GSTP1;WNT5A;SERPINE1;TNC;PLOD2;INHBA;ENO1;THBS1;CKAP4;SRM;COL3A1;BASP1;ITGAV	1.3054201805762318e-11
SRRS_all_modules	135	LINCS_L1000_Chem_Pert_down	11	LJP009 HEPG2 24H-PD-0325901-1.11	9.721715881535233e-15	25.42240587695133	820.2390347251361	EIF5A;CCL20;SERPINE1;TNC;PLOD2;ENO1;THY1;INHBA;HIF1A;THBS1;COL3A1;COL5A2;COL10A1;COL6A3	1.5874678242194168e-11
SRRS_all_modules	135	LINCS_L1000_Chem_Pert_down	12	LJP009 HEPG2 24H-chelerythrine chloride-10	2.4019670823625034e-14	20.228483606557376	634.3632894555988	SSR4;UQCR11;UQCR10;MIF;ENO1;PSMA7;NME1;TGFBR3;LSM7;PRDX4;KDELR2;TGFBI;P4HB;PPIB;PFN1	3.595344394449607e-11
SRRS_all_modules	135	LINCS_L1000_Chem_Pert_down	13	LJP006 HME1 24H-radicicol-3.33	6.595461859175866e-14	16.455138577169997	499.41032089077197	POSTN;LUM;SERPINE1;TNC;INHBA;ENO1;PTGS2;THBS1;NME1;SRM;LSM7;LGALS1;TUBB3;C1QBP;COL10A1;TIMP1	8.861005853641739e-11
SRRS_all_modules	135	LINCS_L1000_Chem_Pert_down	14	LJP005 HA1E 24H-radicicol-1.11	6.906473775246873e-14	18.68655303030303	566.2722969378366	EIF5A;TNFAIP6;LUM;SERPINE1;MMP3;TNC;INHBA;HIF1A;THBS1;COL1A1;FAP;ADAM12;COL10A1;ITGAV;TGFBI	8.861005853641739e-11
SRRS_all_modules	135	LINCS_L1000_Chem_Pert_down	15	LJP007 HA1E 24H-dacomitinib-10	8.401492291855154e-14	25.396602804661267	764.6353797180354	LUM;PGAM1;SERPINE1;TNC;PLOD2;ENO1;THBS1;ACTB;COL1A1;PRDX4;BASP1;VDAC1;TGFBI	1.0060506969753486e-10
SRRS_all_modules	135	LINCS_L1000_Chem_Pert_down	16	LJP005 HEPG2 24H-AZD-8330-3.33	9.646696853900668e-14	25.092993754879	752.026376882567	EIF5A;TNFRSF12A;SERPINE1;ENO1;THBS1;NME1;SRM;COL1A1;COL3A1;FAP;C1QBP;COL10A1;TIMP1	1.0829623055610237e-10
SRRS_all_modules	135	LINCS_L1000_Chem_Pert_down	17	LJP006 HA1E 24H-radicicol-1.11	2.0201469526174736e-13	17.23951048951049	503.9184071960046	POSTN;SERPINE1;TNC;FN1;INHBA;THY1;HIF1A;THBS1;CKAP4;SRM;COL1A1;FAP;ADAM12;VDAC1;ITGAV	2.134463503700886e-10
SRRS_all_modules	135	LINCS_L1000_Chem_Pert_down	18	LJP005 HEPG2 24H-PD-184352-0.37	3.3221844358940603e-13	34.46457938013915	990.2701968585733	COL1A1;LDHB;COL3A1;TPM4;TNFRSF12A;LUM;C1QBP;SERPINE1;COL6A3;TIMP1;THBS1	3.315170935418284e-10
SRRS_all_modules	135	LINCS_L1000_Chem_Pert_down	19	LJP006 HA1E 24H-JNK-9L-0.37	7.689898183210183e-13	15.590981012658228	434.890126268919	EIF5A;TPM4;GSTP1;WNT5A;FN1;PLOD2;INHBA;ENO1;COL1A1;RCN3;COL5A2;ADAM12;KDELR2;ITGAV;TGFBI	7.269786903516911e-10
SRRS_all_modules	135	LINCS_L1000_Chem_Pert_down	20	LJP007 HA1E 24H-NVP-BGT226-0.12	8.142042831394392e-13	20.85148514851485	580.4337237329964	FKBP11;TPM4;CCL20;PGAM1;WNT5A;TNC;PLOD2;ENO1;CKAP4;PRDX4;KDELR2;CD47;P4HB	7.312368666875304e-10
SRRS_all_modules	135	LINCS_L1000_Chem_Pert_down	21	LJP006 A549 24H-nintedanib-10	9.199670711496523e-13	40.66871794871795	1127.1106831849224	FKBP11;COL1A1;POSTN;COL3A1;BAMBI;SERPINE1;TNC;KDELR2;TGFBI;THBS1	7.868785015233359e-10
SRRS_all_modules	135	LINCS_L1000_Chem_Pert_down	22	LJP006 HA1E 24H-QL-XII-47-1.11	1.1669929444323044e-12	15.108895705521473	415.1409448695881	CCL20;TNC;FN1;PLOD2;INHBA;PDIA6;THBS1;CKAP4;MMP10;COL1A1;COL5A2;ADAM12;CALR;CD47;CTSB	9.527966939951388e-10
SRRS_all_modules	135	LINCS_L1000_Chem_Pert_down	23	LJP009 HEPG2 24H-GSK-429286A-0.04	1.5899474236671695e-12	29.281586021505376	795.5022224472764	EIF5A;COL3A1;FAP;TPM2;SERPINE1;COL5A2;FN1;COL10A1;THY1;INHBA;THBS1	1.2147793970299253e-09
SRRS_all_modules	135	LINCS_L1000_Chem_Pert_down	24	LJP006 HEPG2 24H-PD-0325901-1.11	1.6231324757108456e-12	23.53718024985128	638.9559050793395	TAGLN;COL3A1;TNFRSF12A;C1QBP;SERPINE1;TNC;COL10A1;TIMP1;INHBA;THBS1;NME1;SRM	1.2147793970299253e-09
SRRS_all_modules	135	LINCS_L1000_Chem_Pert_down	25	LJP009 HA1E 24H-dasatinib-10	2.1845666778394703e-12	28.334157127991677	760.7608879017988	EIF5A;POSTN;TPM4;BASP1;LUM;SERPINE1;PLOD2;KDELR2;PLIN2;INHBA;THBS1	1.5695674666941027e-09
SRRS_all_modules	135	LINCS_L1000_Chem_Pert_down	26	LJP006 HME1 24H-withaferin-a-0.37	3.0536076656328143e-12	22.178861788617887	588.0658086273273	COL1A1;POSTN;COL3A1;LUM;TPM2;COL5A2;COL10A1;INHBA;CALR;TIMP1;PTGS2;MMP10	2.1095731111575617e-09
SRRS_all_modules	135	LINCS_L1000_Chem_Pert_down	27	LJP007 HA1E 24H-NVP-BGT226-0.37	6.2304054038669705e-12	20.741673223183845	535.1679350364163	COL1A1;FKBP11;PRDX4;BASP1;PGAM1;TNC;PLOD2;KDELR2;ENO1;PPIB;THBS1;CKAP4	4.144834883861427e-09
SRRS_all_modules	135	LINCS_L1000_Chem_Pert_down	28	LJP006 HA1E 24H-QL-XII-47-0.37	6.985845924129582e-12	20.519979242345617	527.0994775029046	COL1A1;SDC4;GSTP1;COL5A2;PLOD2;ITGAV;ENO1;INHBA;CALR;P4HB;PDIA6;THBS1	4.404538626723697e-09
SRRS_all_modules	135	LINCS_L1000_Chem_Pert_down	29	LJP008 HEPG2 24H-PD-0325901-0.12	7.111213683052401e-12	25.08582949308756	643.9368917884248	TNFRSF12A;FAP;LUM;MMP3;FN1;COL10A1;COL6A3;PLOD2;THY1;INHBA;THBS1	4.404538626723697e-09
SRRS_all_modules	135	LINCS_L1000_Chem_Pert_down	30	LJP006 HA1E 24H-WZ-4-145-10	7.823549198554325e-12	20.302952503209244	519.2253278643897	FKBP11;EIF5A;TUBB3;SERPINE1;TNC;FN1;PLOD2;KDELR2;ENO1;TGFBI;NME1;SRM	4.444919930594157e-09
SRRS_all_modules	135	LINCS_L1000_Chem_Pert_down	31	LJP006 HA1E 24H-NVP-TAE684-10	7.92765925709554e-12	31.704	810.3752692474968	TUBB3;SERPINE1;ADAM12;TNC;PLOD2;VDAC1;ENO1;TGFBI;P4HB;NME1	4.444919930594157e-09
SRRS_all_modules	135	LINCS_L1000_Chem_Pert_down	32	LJP008 HA1E 24H-GSK-1070916-10	8.019704417556463e-12	17.10289217646275	436.9638368739722	FKBP11;TPI1;TPM4;SPHK1;SERPINE1;TNC;THBS1;NME1;PRDX4;SEC61G;ADAM12;VDAC1;TGFBI	4.444919930594157e-09
SRRS_all_modules	135	LINCS_L1000_Chem_Pert_down	33	LJP006 HA1E 24H-saracatinib-10	8.166259754459816e-12	24.731258518855064	631.4140113835604	FKBP11;COL1A1;LUM;SERPINE1;ADAM12;FN1;PLOD2;ITGAV;TGFBI;THBS1;ENG	4.444919930594157e-09
SRRS_all_modules	135	LINCS_L1000_Chem_Pert_down	34	LJP005 HEPG2 24H-WH-4-025-10	9.360363341225527e-12	24.386536738351253	619.284809691342	FKBP11;COL1A1;TAGLN;COL3A1;TNFRSF12A;LUM;SERPINE1;TNC;ENO1;THBS1;SRM	4.838576397976583e-09
SRRS_all_modules	135	LINCS_L1000_Chem_Pert_down	35	LJP006 HA1E 24H-AZD-7762-10	9.428247073220153e-12	31.08078431372549	789.0575351615053	FKBP11;EIF5A;PRDX4;SERPINE1;PLOD2;KDELR2;VDAC1;ENO1;TGFBI;IL6ST	4.838576397976583e-09
SRRS_all_modules	135	LINCS_L1000_Chem_Pert_down	36	LJP006 HA1E 24H-dasatinib-10	1.0608477477809981e-11	16.69314337756961	421.8251776157661	EIF5A;PPP1R14B;TPM4;SPHK1;SERPINE1;TNC;PLOD2;THBS1;COL1A1;SEC61G;ITGAV;TGFBI;IL6ST	5.2930409015673026e-09
SRRS_all_modules	135	LINCS_L1000_Chem_Pert_down	37	LJP005 HEPG2 24H-PD-184352-10	1.091318193296465e-11	19.678446988551517	496.70465856944395	COL1A1;POSTN;COL3A1;TNFRSF12A;C1QBP;SERPINE1;TNC;COL6A3;PLOD2;THBS1;NME1;SRM	5.297907402159759e-09
SRRS_all_modules	135	LINCS_L1000_Chem_Pert_down	38	LJP005 HEPG2 24H-PHA-665752-0.04	1.2166443945938684e-11	19.47868933234787	489.54503234144676	COL1A1;POSTN;COL3A1;TNFRSF12A;LUM;C1QBP;SERPINE1;TNC;COL6A3;ENO1;TIMP1;NME1	5.750885951498701e-09
SRRS_all_modules	135	LINCS_L1000_Chem_Pert_down	39	LJP005 PC3 24H-TWS-119-10	1.2888881249252218e-11	40.46938775510204	1014.7559803298961	POSTN;TNFAIP6;SERPINE1;MMP3;WNT5A;TNC;INHBA;PTGS2;THBS1	5.7877521249767085e-09
SRRS_all_modules	135	LINCS_L1000_Chem_Pert_down	40	LJP005 SKBR3 24H-dasatinib-1.11	1.2888881249252218e-11	40.46938775510204	1014.7559803298961	EIF5A;TAGLN;TNFRSF12A;CCL20;TPM2;SERPINE1;FN1;TGFBI;THBS1	5.7877521249767085e-09
SRRS_all_modules	135	LINCS_L1000_Chem_Pert_down	41	LJP006 HA1E 24H-HG-6-64-01-1.11	1.3945852969231621e-11	23.40752688172043	585.0907716862613	FKBP11;EIF5A;IL6;TNFAIP6;TNFRSF12A;SEC61G;SPHK1;SERPINE1;TNC;PLOD2;ITGAV	6.1096441715448386e-09
SRRS_all_modules	135	LINCS_L1000_Chem_Pert_down	42	LJP005 HA1E 24H-geldanamycin-3.33	2.362380009584838e-11	15.573163327261687	381.05609608445957	TNFRSF12A;SPHK1;ARPC1B;SERPINE1;TNC;INHBA;ENO1;THBS1;COL1A1;ADAM12;COL10A1;ITGAV;TGFBI	1.0103111840991157e-08
SRRS_all_modules	135	LINCS_L1000_Chem_Pert_down	43	LJP006 HME1 24H-QL-X-138-10	2.5734996308092602e-11	15.457871263259403	376.91189243592964	TPM4;TPM2;ARPC1B;SERPINE1;TNC;FN1;PLOD2;ENO1;PTGS2;THBS1;CKAP4;NME1;LDHB	1.075004659734789e-08
SRRS_all_modules	135	LINCS_L1000_Chem_Pert_down	44	LJP009 A375 24H-regorafenib-3.33	2.921063565020801e-11	27.32	662.6872586724177	EIF5A;TNC;FN1;PLOD2;VDAC1;THY1;INHBA;TGFBI;THBS1;CTSB	1.1819310698933309e-08
SRRS_all_modules	135	LINCS_L1000_Chem_Pert_down	45	LJP005 HEPG2 24H-AZD-8330-10	2.961078841175809e-11	21.66706491437674	525.2721055377539	COL1A1;TNFRSF12A;BASP1;SERPINE1;TNC;COL6A3;PLOD2;ENO1;TIMP1;INHBA;THBS1	1.1819310698933309e-08
SRRS_all_modules	135	LINCS_L1000_Chem_Pert_down	46	LJP008 HA1E 24H-dasatinib-3.33	4.144012117545071e-11	17.3623379477038	415.0774476512249	COL1A1;PRDX4;TPM4;TNFRSF12A;SPHK1;SERPINE1;ENO1;INHBA;TGFBI;ITGA5;CKAP4;NME1	1.6159975985806784e-08
SRRS_all_modules	135	LINCS_L1000_Chem_Pert_down	47	LJP006 HEPG2 24H-selumetinib-0.37	4.22847606799309e-11	20.890072964669738	498.992699108051	EIF5A;POSTN;COL3A1;LUM;CCL20;SERPINE1;COL6A3;PLOD2;THY1;PSMA7;NME1	1.6159975985806784e-08
SRRS_all_modules	135	LINCS_L1000_Chem_Pert_down	48	LJP006 HS578T 24H-saracatinib-10	5.3254521436852146e-11	20.402194298574642	482.6330516606849	EIF5A;TAGLN;TNFRSF12A;SERPINE1;WNT5A;TNC;PLOD2;INHBA;THBS1;CKAP4;ENG	1.9928285709348714e-08
SRRS_all_modules	135	LINCS_L1000_Chem_Pert_down	49	LJP005 HEPG2 24H-SB590885-10	5.964674937105891e-11	20.166666666666668	474.775392855443	COL1A1;COL3A1;TNFAIP6;TNFRSF12A;LUM;SERPINE1;TNC;COL6A3;TIMP1;THBS1;SRM	2.1864794126591024e-08
SRRS_all_modules	135	LINCS_L1000_Chem_Pert_down	50	LJP006 HME1 24H-saracatinib-10	7.454116300607436e-11	19.71148967017035	459.6654268176736	COL1A1;FKBP11;TNFRSF12A;SPHK1;SERPINE1;TNC;FN1;COL10A1;INHBA;PTGS2;CKAP4	2.625310529245309e-08
SRRS_all_modules	135	LINCS_L1000_Chem_Pert_down	51	LJP007 HA1E 24H-INK-128-0.37	7.454116300607436e-11	19.71148967017035	459.6654268176736	FKBP11;PRDX4;TPI1;CCL20;PGAM1;PLOD2;KDELR2;VDAC1;ENO1;P4HB;ACTB	2.625310529245309e-08
SRRS_all_modules	135	LINCS_L1000_Chem_Pert_down	52	LJP009 HA1E 24H-BI-2536-10	8.002365388162773e-11	24.369230769230768	566.5529073950215	COL1A1;COL3A1;LGALS1;LUM;SERPINE1;ITGA5;INHBA;TGFBI;THBS1;MMP10	2.7642016750419177e-08
SRRS_all_modules	135	LINCS_L1000_Chem_Pert_down	53	LJP008 HA1E 24H-PFI-1-10	8.64863046378448e-11	13.91173596786451	322.3493216121732	FKBP11;POSTN;TPM4;SDC4;TNFAIP6;GSTO1;WNT5A;SERPINE1;TNC;INHBA;RCN1;ADAM12;S100A11	2.9310698186886196e-08
SRRS_all_modules	135	LINCS_L1000_Chem_Pert_down	54	LJP005 HA1E 24H-PF-477736-10	1.0470221448567966e-10	23.63940298507463	543.2311366912323	COL1A1;POSTN;PRDX4;TPM4;SERPINE1;ADAM12;TNC;PLOD2;KDELR2;ENO1	3.482705882577367e-08
SRRS_all_modules	135	LINCS_L1000_Chem_Pert_down	55	LJP005 A549 24H-ruxolitinib-10	1.0859724992407788e-10	30.774844720496894	706.0788039656794	COL1A1;POSTN;TAGLN;COL3A1;SERPINE1;FN1;COL6A3;IL6ST;THBS1	3.543633708522368e-08
SRRS_all_modules	135	LINCS_L1000_Chem_Pert_down	56	LJP007 HA1E 24H-tanespimycin-10	1.140080087039863e-10	15.788084766093563	361.4642918774605	SDC4;TNFRSF12A;TUBB3;SERPINE1;TNC;FN1;COL10A1;ITGAV;PLIN2;INHBA;HIF1A;THBS1	3.543633708522368e-08
SRRS_all_modules	135	LINCS_L1000_Chem_Pert_down	57	LJP007 HA1E 24H-SGI-1776-10	1.140080087039863e-10	15.788084766093563	361.4642918774605	COL1A1;PRDX4;PGAM1;SERPINE1;PLOD2;VDAC1;ENO1;TGFBI;THBS1;ACTB;MMP10;NME1	3.543633708522368e-08
SRRS_all_modules	135	LINCS_L1000_Chem_Pert_down	58	LJP005 MDAMB231 3H-torin-2-0.04	1.1442531738909775e-10	43.08661417322835	986.2999400846071	EIF5A;COL1A1;TAGLN;COL3A1;TPM4;TNC;FN1;COL6A3	3.543633708522368e-08
SRRS_all_modules	135	LINCS_L1000_Chem_Pert_down	59	LJP007 HA1E 24H-INK-128-1.11	1.4138956240887797e-10	18.460950764006792	418.68517312028337	FKBP11;PRDX4;TPM4;PGAM1;PLOD2;KDELR2;VDAC1;ENO1;PPIB;CKAP4;NME1	4.3044734237089254e-08
SRRS_all_modules	135	LINCS_L1000_Chem_Pert_down	60	LJP005 HA1E 24H-torin-2-10	1.478640493801023e-10	15.406829268292682	348.7293875129336	COL1A1;EIF5A;BASP1;GSTP1;SERPINE1;TNC;KDELR2;PLOD2;THY1;CD47;GAPDH;THBS1	4.426556758275663e-08
SRRS_all_modules	135	LINCS_L1000_Chem_Pert_down	61	LJP007 HA1E 24H-INK-128-0.04	1.5448605224889182e-10	22.622857142857143	511.0710948124188	RCN1;PRDX4;TPM4;PGAM1;TNC;KDELR2;VDAC1;ENO1;CD47;CKAP4	4.548981099171466e-08
SRRS_all_modules	135	LINCS_L1000_Chem_Pert_down	62	LJP007 HA1E 24H-HG-14-8-02-10	1.7347161690627885e-10	18.078483538410374	406.3140462670372	COL1A1;FKBP11;PRDX4;SERPINE1;ADAM12;TNC;PLOD2;TGFBI;P4HB;NME1;SRM	5.025640617533194e-08
SRRS_all_modules	135	LINCS_L1000_Chem_Pert_down	63	LJP008 HA1E 24H-EX-527-0.04	1.8029222307345504e-10	40.30276860553721	904.2507350901909	TPI1;PGAM1;TNC;PLOD2;ENO1;TGFBI;AP2M1;NME1	5.140331604516506e-08
SRRS_all_modules	135	LINCS_L1000_Chem_Pert_down	64	LJP005 HEPG2 24H-NVP-AUY922-0.37	1.9057713966392368e-10	15.043445121951219	336.6868047740255	COL1A1;POSTN;COL3A1;TNFRSF12A;LUM;COL5A2;SERPINE1;TNC;INHBA;THBS1;NME1;SRM	5.348666535380308e-08
SRRS_all_modules	135	LINCS_L1000_Chem_Pert_down	65	LJP007 HA1E 24H-INK-128-10	2.1194968189778727e-10	17.711469534050178	394.51717838719026	FKBP11;TPM4;PGAM1;SERPINE1;TNC;PLOD2;KDELR2;ENO1;ITGA5;P4HB;CKAP4	5.856984901920085e-08
SRRS_all_modules	135	LINCS_L1000_Chem_Pert_down	66	LJP006 HA1E 24H-AT-7519-0.37	2.5792815371641944e-10	17.358990737783454	383.25770032518307	COL1A1;FKBP11;EIF5A;FAP;GSTP1;ADAM12;COL5A2;PLOD2;CALR;RABAC1;CKAP4	6.914784323961681e-08
SRRS_all_modules	135	LINCS_L1000_Chem_Pert_down	67	LJP006 MCF10A 24H-A443654-1.11	2.5792815371641944e-10	17.358990737783454	383.25770032518307	COL1A1;FKBP11;EIF5A;LDHB;ARPC1B;SERPINE1;COTL1;PPIB;PSMA7;NME1;SRM	6.914784323961681e-08
SRRS_all_modules	135	LINCS_L1000_Chem_Pert_down	68	LJP006 HA1E 24H-GSK-2126458-1.11	2.841189294317184e-10	17.1879348513599	377.8187934253311	PRDX4;TPM4;CCL20;PGAM1;PLOD2;KDELR2;VDAC1;ENO1;PDIA6;NME1;SRM	7.428357285563154e-08
SRRS_all_modules	135	LINCS_L1000_Chem_Pert_down	69	LJP006 HEPG2 24H-selumetinib-3.33	2.8535611441034275e-10	21.109333333333332	463.9257966487235	COL1A1;TNFRSF12A;SERPINE1;MMP3;COL10A1;TIMP1;CD47;TGFBI;THBS1;NME1	7.428357285563154e-08
SRRS_all_modules	135	LINCS_L1000_Chem_Pert_down	70	LJP005 BT20 24H-torin-2-10	3.210686509362388e-10	20.830526315789474	455.34210183029467	EIF5A;LGALS1;PGAM1;GSTP1;VDAC1;YBX1;ENO1;CD47;P4HB;ACTB	8.238621583023888e-08
SRRS_all_modules	135	LINCS_L1000_Chem_Pert_down	71	LJP006 HME1 24H-HG-6-64-01-3.33	3.607051029507283e-10	20.55896103896104	447.01267533981576	TUBB3;SERPINE1;WNT5A;FN1;SH3BGRL3;ENO1;INHBA;THBS1;NME1;SRM	9.125331069297158e-08
SRRS_all_modules	135	LINCS_L1000_Chem_Pert_down	72	LJP006 BT20 24H-GSK-1059615-10	3.7763333598569167e-10	16.69431643625192	362.21820977205203	EIF5A;LDHB;C1QBP;PGAM1;WNT5A;COTL1;ENO1;MIF;UQCR10;PPIB;SRM	9.420902751354158e-08
SRRS_all_modules	135	LINCS_L1000_Chem_Pert_down	73	LJP006 HME1 24H-geldanamycin-10	5.357963102911664e-10	13.64746583636049	291.33609769898237	POSTN;TNFRSF12A;TNFAIP6;C1QBP;SERPINE1;TNC;COL10A1;INHBA;ENO1;PTGS2;NME1;SRM	1.318352510335607e-07
SRRS_all_modules	135	LINCS_L1000_Chem_Pert_down	74	LJP008 HA1E 24H-I-BET-3.33	5.450278796397889e-10	16.078425569695177	342.95577852136256	COL1A1;FKBP11;EIF5A;TPM4;SDC4;TNFAIP6;SERPINE1;ADAM12;VDAC1;INHBA;S100A11	1.3229446992013362e-07
SRRS_all_modules	135	LINCS_L1000_Chem_Pert_down	75	LJP009 HA1E 24H-CH5424802-10	6.226928477941432e-10	13.455227699130138	285.2100274716482	COL1A1;FKBP11;LUM;TPM2;WNT5A;PLOD2;SH3BGRL3;INHBA;ENO1;CALR;RABAC1;THBS1	1.4913078576104534e-07
SRRS_all_modules	135	LINCS_L1000_Chem_Pert_down	76	LJP005 HA1E 24H-dovitinib-10	6.514697670936757e-10	15.787125835512933	333.92597235787053	COL1A1;POSTN;TPM4;FAP;SERPINE1;ADAM12;TNC;FN1;COL6A3;PLOD2;THBS1	1.5396973627021846e-07
SRRS_all_modules	135	LINCS_L1000_Chem_Pert_down	77	LJP009 HEPG2 24H-KIN001-265-3.33	7.03956860024611e-10	19.066987951807228	401.8235012238263	FKBP11;COL1A1;TNFRSF12A;LUM;CCL20;TPM2;TNC;COL6A3;TGFBI;THBS1	1.6381905895979756e-07
SRRS_all_modules	135	LINCS_L1000_Chem_Pert_down	78	LJP006 HEPG2 24H-selumetinib-10	7.113844003376133e-10	15.645377304147466	329.5512265129405	COL1A1;COL3A1;TNFRSF12A;C1QBP;SERPINE1;TNC;COL6A3;TGFBI;TIMP1;THBS1;NME1	1.6381905895979756e-07
SRRS_all_modules	135	LINCS_L1000_Chem_Pert_down	79	LJP007 HA1E 24H-dasatinib-3.33	8.462499617388124e-10	15.369340690435767	321.0686982855421	TPM4;BASP1;SEC61G;SERPINE1;ADAM12;TNC;ITGA5;THBS1;CKAP4;NME1;ENG	1.9240939003484238e-07
SRRS_all_modules	135	LINCS_L1000_Chem_Pert_down	80	LJP009 HEPG2 24H-GDC-0879-10	9.21922270069532e-10	15.23492286115007	316.9558698331635	TPM4;SDC4;TNFRSF12A;CCL20;SERPINE1;TNC;FN1;COL6A3;ENO1;THY1;THBS1	2.0699459768736168e-07
SRRS_all_modules	135	LINCS_L1000_Chem_Pert_down	81	LJP005 HA1E 24H-TWS-119-10	1.003605338956755e-09	15.102822580645162	312.92545435383573	COL1A1;EIF5A;TNFRSF12A;SERPINE1;ADAM12;TNC;FN1;INHBA;TGFBI;THBS1;CKAP4	2.2255258146100288e-07
SRRS_all_modules	135	LINCS_L1000_Chem_Pert_down	82	LJP005 SKBR3 24H-NVP-AUY922-3.33	1.0509467285275179e-09	31.22047244094488	645.4387608350262	FKBP11;EIF5A;POSTN;TNFRSF12A;SERPINE1;INHBA;THBS1;SRM	2.3020859924160095e-07
SRRS_all_modules	135	LINCS_L1000_Chem_Pert_down	83	LJP008 HEPG2 24H-PD-0325901-1.11	1.0710947265003542e-09	18.186666666666667	375.6380453061874	COL3A1;TNFAIP6;FAP;MMP3;FN1;COL10A1;COL6A3;THY1;INHBA;THBS1	2.3179522261926942e-07
SRRS_all_modules	135	LINCS_L1000_Chem_Pert_down	84	LJP005 HEPG2 24H-NVP-AUY922-0.12	1.091716772571048e-09	14.972980424593327	308.9751525493541	COL1A1;POSTN;TAGLN;PPP1R14B;COL3A1;TNFRSF12A;LUM;SERPINE1;TNC;NME1;SRM	2.334454365347758e-07
SRRS_all_modules	135	LINCS_L1000_Chem_Pert_down	85	LJP006 PC3 24H-dasatinib-0.37	1.2489291940655458e-09	30.45746111004417	624.4077796717181	EIF5A;POSTN;TAGLN;LGALS1;SERPINE1;INHBA;TGFBI;THBS1	2.6392077863300393e-07
SRRS_all_modules	135	LINCS_L1000_Chem_Pert_down	86	LJP005 HEPG2 24H-geldanamycin-1.11	1.3991774020194656e-09	14.59643817204301	297.5831512629362	POSTN;TAGLN;PPP1R14B;TNFRSF12A;LUM;SERPINE1;COL10A1;ENO1;INHBA;NME1;SRM	2.888738447709614e-07
SRRS_all_modules	135	LINCS_L1000_Chem_Pert_down	87	LJP006 HEPG2 24H-BI-2536-10	1.3991774020194656e-09	14.59643817204301	297.5831512629362	COL1A1;FKBP11;POSTN;COL3A1;FLT1;GSTO1;SERPINE1;COL6A3;ENO1;PDIA6;NME1	2.888738447709614e-07
SRRS_all_modules	135	LINCS_L1000_Chem_Pert_down	88	LJP005 HA1E 24H-torin-2-1.11	1.6451248451853199e-09	14.355698043363299	290.35044670161204	PRDX4;WNT5A;TNC;PLOD2;KDELR2;ENO1;CALR;CD47;THBS1;CKAP4;MMP10	3.3201946594627773e-07
SRRS_all_modules	135	LINCS_L1000_Chem_Pert_down	89	LJP006 MCF10A 24H-QL-X-138-10	1.6451248451853199e-09	14.355698043363299	290.35044670161204	FKBP11;LDHB;POSTN;COL3A1;TPM4;CCL20;C1QBP;THBS1;CKAP4;NME1;SRM	3.3201946594627773e-07
SRRS_all_modules	135	LINCS_L1000_Chem_Pert_down	90	LJP005 HA1E 24H-NVP-AUY922-10	1.6839938760008285e-09	12.246698772720212	247.40900336640516	COL1A1;LSM7;TNFRSF12A;SPHK1;SERPINE1;ADAM12;TNC;COL10A1;TGFBI;INHBA;THBS1;SRM	3.36087755563632e-07
SRRS_all_modules	135	LINCS_L1000_Chem_Pert_down	91	LJP005 HEPG2 24H-trametinib-10	1.7631751630503617e-09	17.19391304347826	346.5630832276484	COL1A1;TAGLN;COL3A1;TNFRSF12A;SERPINE1;FN1;COL10A1;COL6A3;ENO1;THBS1	3.4802365141440216e-07
SRRS_all_modules	135	LINCS_L1000_Chem_Pert_down	92	LJP005 HS578T 24H-crizotinib-10	1.9416706966976015e-09	17.008172043010752	341.1791187309336	EIF5A;TAGLN;COL3A1;BAMBI;SERPINE1;COL5A2;PLOD2;INHBA;TGFBI;THBS1	3.790900984139382e-07
SRRS_all_modules	135	LINCS_L1000_Chem_Pert_down	93	LJP006 MCF10A 24H-AZD-5438-1.11	2.0869305624727542e-09	14.009032258064517	280.00653363574054	EIF5A;TGFBR3;TPM4;WNT5A;SERPINE1;TNC;COTL1;FN1;TGFBI;INHBA;THBS1	4.0306932003371624e-07
SRRS_all_modules	135	LINCS_L1000_Chem_Pert_down	94	LJP006 A549 24H-geldanamycin-1.11	2.159577573773485e-09	21.106609808102345	421.1476403994181	TNFRSF12A;BAMBI;SERPINE1;WNT5A;AP2S1;CD47;TGFBI;PTGS2;THBS1	4.126631104268014e-07
SRRS_all_modules	135	LINCS_L1000_Chem_Pert_down	95	LJP005 HA1E 24H-geldanamycin-10	2.2562167680190432e-09	13.897145417306708	276.68627874479466	COL1A1;EIF5A;TNFRSF12A;SPHK1;SERPINE1;ADAM12;TNC;TGFBI;INHBA;THBS1;SRM	4.265912167069269e-07
SRRS_all_modules	135	LINCS_L1000_Chem_Pert_down	96	LJP005 HT29 24H-PD-0325901-3.33	2.399684439881618e-09	27.744531933508313	550.6714886241901	POSTN;C1QBP;FN1;COL6A3;PTGS2;THBS1;NME1;SRM	4.489909573870169e-07
SRRS_all_modules	135	LINCS_L1000_Chem_Pert_down	97	LJP006 HA1E 24H-geldanamycin-3.33	2.4376928210146303e-09	13.787020574041149	273.4271398290175	COL1A1;EIF5A;TNFRSF12A;SDC4;SPHK1;SERPINE1;TNC;TGFBI;INHBA;THBS1;SRM	4.514003964027298e-07
SRRS_all_modules	135	LINCS_L1000_Chem_Pert_down	98	LJP006 PC3 24H-A443654-1.11	2.5083048085650028e-09	11.792308843333831	233.5308594656045	EIF5A;ARPC1B;WNT5A;TNC;COTL1;COL6A3;TGFBI;ENO1;CALR;PDIA6;CKAP4;CTSB	4.5973643848412836e-07
SRRS_all_modules	135	LINCS_L1000_Chem_Pert_down	99	LJP006 HME1 3H-AZD-7762-10	2.6321254748303158e-09	13.678616431451612	270.22755334409027	IL6;TNFRSF12A;SDC4;SPHK1;ARPC1B;WNT5A;TNC;INHBA;ITGA5;PTGS2;S100A11	4.775579573626478e-07
SRRS_all_modules	135	LINCS_L1000_Chem_Pert_down	100	LJP009 HEPG2 24H-GSK-429286A-0.12	2.7331385759242344e-09	20.492753623188406	404.0723294261346	EIF5A;TAGLN;SDC4;FAP;TPM2;SERPINE1;WNT5A;COL6A3;THBS1	4.90926351007511e-07
SRRS_all_modules	135	Diabetes_Perturbations_GEO_2022	1	GSE141891 2D-vs-3D-Growth Hs iPSCs Up	6.771902606497788e-12	15.005545889517181	385.9162160155678	COX8A;OST4;PPP1R14B;PSMA7;ACTG1;EEF1B2;PRDX4;GNG5;TMSB4X;AP2S1;SH3BGRL3;PFN1;TMSB10;SERF2	2.5056039644041817e-09
SRRS_all_modules	135	Diabetes_Perturbations_GEO_2022	2	GSE94846 PAX8-Overexpression Mm Chip Islet Up	1.4996175797382564e-11	14.072135496377921	350.7230117896227	IL11;POSTN;LRP1;LUM;TNC;FN1;PLOD2;INHBA;COL1A1;COL3A1;COL6A3;TGFBI;TIMP1;TMSB10	2.7742925225157743e-09
SRRS_all_modules	135	Diabetes_Perturbations_GEO_2022	3	GSE138252 NoFib-vs-AtrialFib Hs RAtrium Up	1.088600996693002e-10	11.981296215745976	274.86240784765	POSTN;TPI1;LUM;UQCR11;UQCR10;MIF;LDHB;PRDX4;LGALS1;TMSB4X;TIMP1;TMSB10;GAPDH;ENG	1.342607895921369e-08
SRRS_all_modules	135	Diabetes_Perturbations_GEO_2022	4	GSE41203 NonObeseDiab 2Wks Mm Chip Islets Dn	5.771154270503553e-10	11.785365629029288	250.70983344230305	POSTN;TNFRSF12A;LUM;WNT5A;FN1;PLOD2;THBS1;ACTG1;RCN3;IL6;COL3A1;FAP;TUBB3	5.3383177002157865e-08
SRRS_all_modules	135	Diabetes_Perturbations_GEO_2022	5	GSE108654 Islets-vs-hESC-OE Hs Islets Up	8.383846637181548e-09	9.301275045537341	172.97543068684365	PDGFRB;IL11;POSTN;CXCL8;TNFRSF12A;TNFAIP6;LUM;SPHK1;SERPINE1;PTGS2;LGALS1;FAP;KDR	6.204046511514346e-07
SRRS_all_modules	135	Diabetes_Perturbations_GEO_2022	6	GSE108971 Diabetic Hs EpicardialAdipose Dn	1.1993664017949733e-08	10.156665376177571	185.2462753948765	IL11;IL6;CXCL8;TNFRSF12A;TNFAIP6;CCL20;SPHK1;SERPINE1;TNC;INHBA;PTGS2;THBS1	7.396092811069002e-07
SRRS_all_modules	135	Diabetes_Perturbations_GEO_2022	7	GSE59143 PregnantIsletGraft Mm Chip Islets Dn	1.2020423320539962e-07	10.657837837837837	169.82277249780049	FKBP11;FLT1;GSTP1;WNT5A;TNC;KDR;FN1;THBS1;ENG;SRM	6.353652326571122e-06
SRRS_all_modules	135	Diabetes_Perturbations_GEO_2022	8	GSE37248 FXR-Overexpression Mm Chip WAT Dn	1.889343747537985e-07	8.766655859944885	135.7241922184844	COL1A1;RCN3;TUBA1C;COL3A1;TPI1;LUM;SERPINE1;COL6A3;INHBA;ENO1;ITGA5	8.147890075269423e-06
SRRS_all_modules	135	Diabetes_Perturbations_GEO_2022	9	GSE134431 SkinvsUlcerHealer Hs DiabetFoot Dn	1.9819192074979675e-07	8.722379032258065	134.6214594720759	IL11;IL6;CXCL8;TNFRSF12A;TUBB3;CCL20;SERPINE1;MMP3;ADAM12;PTGS2;MMP10	8.147890075269423e-06
SRRS_all_modules	135	Diabetes_Perturbations_GEO_2022	10	GSE48009 IRKO Mm Chip MammaryAlveolars Dn	2.3836448419228176e-07	9.8525	150.24535281450503	COL1A1;TGFBR3;TUBA1C;TAGLN;POSTN;COL3A1;TPM2;PDPN;FN1;SRM	8.819485915114425e-06
SRRS_all_modules	135	Diabetes_Perturbations_GEO_2022	11	GSE143482 TGF-B1 Hs EsophagusFibroblasts Dn	6.587088683149029e-07	7.674364075600398	109.22910246446914	IL11;TAGLN;IL6;TNFRSF12A;TNFAIP6;SERPINE1;TNC;COL10A1;INHBA;PTGS2;MMP10	2.1541484461320035e-05
SRRS_all_modules	135	Diabetes_Perturbations_GEO_2022	12	GSE153222 FatDiet 16Wks Mm Liver Dn	6.986427392860552e-07	8.700110497237569	123.31646525510065	COL1A1;POSTN;COL3A1;LGALS1;SERPINE1;TNC;TIMP1;PTGS2;THBS1;S100A11	2.1541484461320035e-05
SRRS_all_modules	135	Diabetes_Perturbations_GEO_2022	13	GSE37248 hFXRBat-AdiposehsFXR Mm Chip BAT Dn	2.618223700117683e-06	7.451753554502369	95.77749609281378	COL1A1;RCN3;COL3A1;LUM;TPM2;COL5A2;FN1;COL6A3;TGFBI;INHBA	6.919591207453877e-05
SRRS_all_modules	135	Diabetes_Perturbations_GEO_2022	14	GSE131320 EscherichiaColi 24Hr Hs Islet Dn	2.618223700117683e-06	7.451753554502369	95.77749609281378	IL11;IL6;CXCL8;CCL20;PDPN;MMP3;TNC;INHBA;PTGS2;MMP10	6.919591207453877e-05
SRRS_all_modules	135	Diabetes_Perturbations_GEO_2022	15	GSE131320 Ctrl-vs-IL-1OE 24Hr Hs Islet Dn	3.596194020881062e-06	7.17662100456621	89.96349777337703	IL11;IL6;CXCL8;CCL20;PDPN;MMP3;TNC;INHBA;PTGS2;MMP10	8.870611918173287e-05
SRRS_all_modules	135	Diabetes_Perturbations_GEO_2022	16	GSE131320 Ctrl-vs-IL-1OE 6Hr Hs Islet Dn	4.194376046655423e-06	7.046457399103139	87.24758640857962	IL11;IL6;CXCL8;CCL20;PDPN;MMP3;TNC;INHBA;PTGS2;MMP10	9.699494607890665e-05
SRRS_all_modules	135	Diabetes_Perturbations_GEO_2022	17	GSE154198 Passage8 Hs Chip Hepatocyte Up	8.129038404532489e-06	7.436130007558579	87.1519487418004	IL6;TNFAIP6;CCL20;SERPINE1;PDPN;KDR;PLIN2;THY1;PTGS2	0.00017692612998100122
SRRS_all_modules	135	Diabetes_Perturbations_GEO_2022	18	GSE70681 PtenDeletion 15Mnts Mm Chip Liver Dn	2.176286480463256e-05	6.528239202657807	70.08264215244037	COL1A1;LGALS1;TNFRSF12A;CCL20;COL5A2;PDPN;TIMP1;THBS1;S100A11	0.00042380315672179195
SRRS_all_modules	135	Diabetes_Perturbations_GEO_2022	19	GSE157585 ResistTrain Metformin Hs Muscle Dn	2.176286480463256e-05	6.528239202657807	70.08264215244037	COL1A1;POSTN;COL3A1;LUM;TUBB3;COL5A2;SERPINE1;THY1;CTHRC1	0.00042380315672179195
SRRS_all_modules	135	Diabetes_Perturbations_GEO_2022	20	GSE137187 OE-Klf6KO S961-Treated Mm Islet Dn	2.7368104584598028e-05	7.341378185714952	77.12949040179834	COL1A1;POSTN;COL3A1;LGALS1;TNC;FN1;INHBA;TIMP1	0.0004885657531658632
SRRS_all_modules	135	Diabetes_Perturbations_GEO_2022	21	GSE136134 Ctrl-vs-Insulin 72Hrs Hs hiPSCs Dn	2.7729407612116557e-05	6.32014157014157	66.31735332515264	TAGLN;IL6;COL3A1;CXCL8;SERPINE1;ADAM12;TNC;INHBA;MMP10	0.0004885657531658632
SRRS_all_modules	135	Diabetes_Perturbations_GEO_2022	22	GSE59143 PregnantFIslet Mm Chip Islets Dn	6.343563108230159e-05	7.705078125	74.47331588474341	FKBP11;MYDGF;PPP1R14B;GSTP1;AP2S1;SEC61B;SRM	0.001066871977293254
SRRS_all_modules	135	Diabetes_Perturbations_GEO_2022	23	GSE101722 ML351+ProinflamCytokine Mm Islet Up	0.00012634610300270389	5.839548358341999	52.41862155926455	COL1A1;RCN3;COL3A1;FLT1;FAP;KDR;COL6A3;CTHRC1	0.002032524265695671
SRRS_all_modules	135	Diabetes_Perturbations_GEO_2022	24	GSE144274 Healthy-vs-IPAH Hs Muscle Up	0.00015202161652379508	5.677093115654121	49.9100950545409	IL11;IL6;CXCL8;TNFAIP6;BAMBI;CCL20;KDR;PTGS2	0.002343666588075174
SRRS_all_modules	135	Diabetes_Perturbations_GEO_2022	25	GSE131320 EscherichiaColi 6Hr Hs Islet Dn	0.0001714182345126553	5.573668156345322	48.33152930281446	IL6;CXCL8;CCL20;PDPN;TNC;INHBA;PTGS2;MMP10	0.002536989870787299
SRRS_all_modules	135	Diabetes_Perturbations_GEO_2022	26	GSE153222 FatDiet 20Wks Mm Liver Dn	0.0003012516570115738	5.914362980769231	47.95107977309826	LGALS1;SERPINE1;TNC;TIMP1;PTGS2;THBS1;S100A11	0.004287042811318549
SRRS_all_modules	135	Diabetes_Perturbations_GEO_2022	27	GSE120429 D316A Mm HFDiet SubcutWAT Up	0.00043656152636162954	5.545143363402062	42.90045211149595	POSTN;TNFRSF12A;LUM;MMP3;COL10A1;TIMP1;CTHRC1	0.005982509805696405
SRRS_all_modules	135	Diabetes_Perturbations_GEO_2022	28	GSE131320 RuminococcusGnavus 24Hr Hs Islet Dn	0.0005996442095033186	5.244664634146342	38.91107982171103	IL6;CXCL8;CCL20;PDPN;MMP3;PTGS2;MMP10	0.007923869911293853
SRRS_all_modules	135	Diabetes_Perturbations_GEO_2022	29	GSE44035 Male-vs-Female NoDiabet Hs Islets Up	0.0007264056031913881	5.069686025943396	36.64065900977641	TAGLN;CXCL8;LUM;S100A16;MMP3;INHBA;PTGS2	0.00926793355795909
SRRS_all_modules	135	Diabetes_Perturbations_GEO_2022	30	GSE157585 ResistTrain Placebo Hs Muscle Dn	0.0008292887756981935	4.951612903225806	35.13140695531427	COL1A1;COL3A1;LUM;COL5A2;ADAM12;THY1;CTHRC1	0.009897962806720374
SRRS_all_modules	135	Diabetes_Perturbations_GEO_2022	31	GSE144061 FGF6 4Hrs Mm BrownPreadipocytes Dn	0.0008292887756981935	4.951612903225806	35.13140695531427	IL11;SPHK1;WNT5A;MMP3;INHBA;PTGS2;MMP10	0.009897962806720374
SRRS_all_modules	135	Diabetes_Perturbations_GEO_2022	32	GSE131320 RuminococcusGnavus 6Hr Hs Islet Dn	0.000873529918062019	4.9058932648401825	34.55205014986701	IL6;CXCL8;CCL20;PDPN;INHBA;PTGS2;MMP10	0.010100189677592096
SRRS_all_modules	135	Diabetes_Perturbations_GEO_2022	33	GSE124774 LPS+IFNy Diabet Mm BMDMs-Macroph Dn	0.002005366467629894	4.894416117398333	30.403762765217518	IL6;SERPINE1;TNC;INHBA;TIMP1;PTGS2	0.022484411909789725
SRRS_all_modules	135	Diabetes_Perturbations_GEO_2022	34	GSE101537 p300-KO Mm Islet Dn	0.0022226441193877937	4.790941190795081	29.268136397334576	COL1A1;COL3A1;TNFAIP6;LUM;MMP3;FN1	0.024026606970553078
SRRS_all_modules	135	Diabetes_Perturbations_GEO_2022	35	GSE124774 LPS+IFNy Mm BMDMs-Macrophages Dn	0.0023377239214592183	4.740812146041692	28.722577828714712	IL6;SERPINE1;TNC;INHBA;TIMP1;PTGS2	0.024026606970553078
SRRS_all_modules	135	Diabetes_Perturbations_GEO_2022	36	GSE100067 Islet-Lung Mm MacrophNODShiLtJ Dn	0.0023377239214592183	4.740812146041692	28.722577828714712	IL6;SPHK1;PDPN;FN1;INHBA;TIMP1	0.024026606970553078
SRRS_all_modules	135	Diabetes_Perturbations_GEO_2022	37	GSE127251 Ucp1-KO 30DegC Mm InguinalWAT Dn	0.002518694133662017	4.6675367821547225	27.93060877647798	LDHB;ADAM12;COL10A1;PLIN2;UQCR10;ENO1	0.024524127090919636
SRRS_all_modules	135	Diabetes_Perturbations_GEO_2022	38	GSE142209 Microves-vs-WholeBr Mm 2Tissues Up	0.002518694133662017	4.6675367821547225	27.93060877647798	COL1A1;RCN3;TAGLN;COL3A1;LUM;COL5A2	0.024524127090919636
SRRS_all_modules	135	Diabetes_Perturbations_GEO_2022	39	GSE144061 VFGF6 8Hrs Mm BrownPreadipocytes Dn	0.003125126062059693	4.460578559273965	25.729869021366216	IL11;MMP3;COL10A1;INHBA;PTGS2;MMP10	0.029587827032338695
SRRS_all_modules	135	Diabetes_Perturbations_GEO_2022	40	GSE131320 BacteroidesDorei 6Hr Hs Islet Dn	0.003198684003496075	4.4386994806954165	25.500398659898096	IL6;CXCL8;CCL20;PDPN;INHBA;PTGS2	0.029587827032338695
SRRS_all_modules	135	Diabetes_Perturbations_GEO_2022	41	GSE125856 NoCAD-vs-CAD Obese Hs Adipose Dn	0.00394271201399874	5.089313371192566	28.173861002820196	IL6;CXCL8;SERPINE1;ITGA8;PTGS2	0.035580571833647164
SRRS_all_modules	135	Diabetes_Perturbations_GEO_2022	42	GSE70681 PtenDeletion 3Mths Mm Chip Liver Dn	0.004513510198902925	4.922827172827173	26.586614814901992	COL1A1;COL3A1;LGALS1;TMSB10;S100A11	0.03976187556176386
SRRS_all_modules	135	Diabetes_Perturbations_GEO_2022	43	GSE73433 Ctrl-vs-Ctrl-shRNA Hs Islet Dn	0.005273520399995688	3.9882197623641717	20.91844050800246	IL11;CXCL8;CCL20;MMP3;TIMP1;MMP10	0.045376803441823356
SRRS_all_modules	135	Diabetes_Perturbations_GEO_2022	44	GSE122348 Ctrl- REGN1193 ChowDiet Mm Liver Dn	0.005972513641162742	4.592074592074592	23.51411927202755	LSM7;TPM2;SPHK1;SERPINE1;INHBA	0.05022341016432306
SRRS_all_modules	135	Diabetes_Perturbations_GEO_2022	45	GSE140953 AhsgKnockout Mm Chip BAT Dn	0.006894717522749723	4.429599640125956	22.046116243901295	TAGLN;TPM2;TNC;ITGA8;TIMP1	0.05668989963149772
SRRS_all_modules	135	Diabetes_Perturbations_GEO_2022	46	GSE153222 FatDiet 8Wks Mm Liver Dn	0.007391301209150383	4.352564102564102	21.359997157828314	COL1A1;LGALS1;TPM2;SERPINE1;TIMP1	0.059451770595340035
SRRS_all_modules	135	Diabetes_Perturbations_GEO_2022	47	GSE153222 FatDiet 24Wks Mm Liver Dn	0.009226411442840051	4.113921404682274	19.276540223658042	COL1A1;TNC;TIMP1;PTGS2;THBS1	0.07263345178405999
SRRS_all_modules	135	Diabetes_Perturbations_GEO_2022	48	GSE153222 FatDiet 8Wks Mm Islet Up	0.009627910448295961	4.069272125723739	18.89399289024473	COL1A1;PDPN;MMP3;COL6A3;COL10A1	0.07421514303894804
SRRS_all_modules	135	Diabetes_Perturbations_GEO_2022	49	GSE153222 FatDiet 12Wks Mm Liver Dn	0.010041289923853659	4.025572831423895	18.521860646209312	COL1A1;COL3A1;LGALS1;TNC;TIMP1	0.07582198513930313
SRRS_all_modules	135	Diabetes_Perturbations_GEO_2022	50	GSE101537 CBP-KO Mm Islet Up	0.010252485656962962	4.004070004070004	18.339581974211313	COL1A1;COL3A1;TNFAIP6;LUM;ITGA8	0.07586839386152593
SRRS_all_modules	135	Diabetes_Perturbations_GEO_2022	51	GSE138252 Ctrl-vs-HeartFail Hs LeftAtrium Dn	0.010683989605877355	3.9617398308497784	17.982372575957932	POSTN;IL6;TNFRSF12A;SERPINE1;PTGS2	0.07751129714067885
SRRS_all_modules	135	Diabetes_Perturbations_GEO_2022	52	GSE80780 Beta1-vs-Beta4 Hs Islet Dn	0.010904337615496393	3.940905448717949	17.807354168479577	SDC4;TGFBI;THY1;PTGS2;CTHRC1	0.0775885561102628
SRRS_all_modules	135	Diabetes_Perturbations_GEO_2022	53	GSE134431 SkinvsUlcer-NoHeal Hs DiabetFoot Dn	0.01112777594933441	3.9202869669190914	17.634669823835186	CXCL8;TNFRSF12A;TUBB3;PTGS2;MMP10	0.07768447360856097
SRRS_all_modules	135	Diabetes_Perturbations_GEO_2022	54	GSE131320 BacteroidesDorei 24Hr Hs Islet Dn	0.01181682770063607	3.8596938775510203	17.130211810029895	IL6;CXCL8;CCL20;PDPN;PTGS2	0.08096715276361752
SRRS_all_modules	135	Diabetes_Perturbations_GEO_2022	55	GSE73036 FatDiet Day42 Mm Chip Muscle Dn	0.012292001796463331	3.8203185703185705	16.804842115502403	COL1A1;LUM;ITGAV;IL6ST;THBS1	0.08136356893327618
SRRS_all_modules	135	Diabetes_Perturbations_GEO_2022	56	GSE142025 EarlyDiabetNephropathy Hs Kidney Up	0.012344232883969566	4.708253816793893	20.690733545391712	IL6;CXCL8;CCL20;PTGS2	0.08136356893327618
SRRS_all_modules	135	Diabetes_Perturbations_GEO_2022	57	GSE154198 Passage113 Hs Chip Hepatocyte Up	0.012534387646477681	3.80092771550058	16.64532444561924	RCN3;TAGLN;BAMBI;CCL20;KDR	0.08136356893327618
SRRS_all_modules	135	Diabetes_Perturbations_GEO_2022	58	GSE80780 Beta2-vs-Beta3 Hs Islet Up	0.01353635707001981	3.7252747252747254	16.02753293345026	LGALS1;CXCL8;TGFBI;THBS1;S100A11	0.0863526226880574
SRRS_all_modules	135	Diabetes_Perturbations_GEO_2022	59	GSE127251 Ucp1-KO 20DegC Mm InguinalWAT Dn	0.014863137678170392	3.634800295857988	15.298405965707063	LDHB;TNFRSF12A;ADAM12;COL10A1;PLIN2	0.08643101682640425
SRRS_all_modules	135	Diabetes_Perturbations_GEO_2022	60	GSE133903 Islets-vs-Pseduoislets Hs Islet Up	0.014863137678170392	3.634800295857988	15.298405965707063	FLT1;TUBB3;SERPINE1;KDR;MMP10	0.08643101682640425
SRRS_all_modules	135	Diabetes_Perturbations_GEO_2022	61	GSE144061 FGF6 24Hrs Mm BrownPreadipocytes Dn	0.015138579987933455	3.617224880382775	15.158012792115636	IL11;MMP3;INHBA;PTGS2;MMP10	0.08643101682640425
SRRS_all_modules	135	Diabetes_Perturbations_GEO_2022	62	GSE142209 Microvessels-vs-Whole Hs Brain Up	0.015138579987933455	3.617224880382775	15.158012792115636	COL3A1;GNG5;KDR;ITGA5;CTHRC1	0.08643101682640425
SRRS_all_modules	135	Diabetes_Perturbations_GEO_2022	63	GSE109285 Mature Cells Mm 2CellTypes Up	0.015138579987933455	3.617224880382775	15.158012792115636	RCN3;COL3A1;LUM;BASP1;TPM2	0.08643101682640425
SRRS_all_modules	135	Diabetes_Perturbations_GEO_2022	64	GSE67543 Fetal-Adult AlphaCells Hs Islet Up	0.015138579987933455	3.617224880382775	15.158012792115636	COL1A1;POSTN;COL3A1;LUM;BASP1	0.08643101682640425
SRRS_all_modules	135	Diabetes_Perturbations_GEO_2022	65	GSE101722 ProinflamCytokines Mm Islet Up	0.015417424623088325	3.59981684981685	15.01936083495144	COL1A1;RCN3;COL3A1;COL6A3;CTHRC1	0.08643101682640425
SRRS_all_modules	135	Diabetes_Perturbations_GEO_2022	66	GSE37248 FXR-Overexpression Mm Chip BAT Up	0.015417424623088325	3.59981684981685	15.01936083495144	POSTN;SDC4;ADAM12;KDR;ENG	0.08643101682640425
SRRS_all_modules	135	Diabetes_Perturbations_GEO_2022	67	GSE137631 Obese-RYGB NoExercise Hs Muscle Up	0.017162877265570364	3.498753561253561	14.222456059917947	ACVR1;MZT2B;TNFRSF12A;S100A16;ENG	0.094780068481508
SRRS_all_modules	135	Diabetes_Perturbations_GEO_2022	68	GSE144441 T2Diabetes Hs RNAseq Skin Dn	0.01903493199480445	3.4031531531531534	13.481521321554682	LUM;INHBA;PPIB;PDIA6;AP2M1	0.10357242408937715
SRRS_all_modules	135	Diabetes_Perturbations_GEO_2022	69	GSE101207 NonDiabetic-vs-T2D Hs Islet Up	0.01971475215195704	4.0678770373426865	15.972063923663587	FLT1;COL6A3;CD47;ACVR2A	0.10420654708891577
SRRS_all_modules	135	Diabetes_Perturbations_GEO_2022	70	GSE106148 Ctrl-vs-Type1Diabetes Hs Islet Dn	0.01971475215195704	4.0678770373426865	15.972063923663587	CXCL8;TNFRSF12A;CCL20;KDR	0.10420654708891577
SRRS_all_modules	135	Diabetes_Perturbations_GEO_2022	71	GSE149468 Fasting-2Hrs Mm PerigonadalWAT Dn	0.021902992745427674	3.933942024647009	15.03211174257282	TAGLN;LSM7;TPM2;PTGS2	0.11414235656067943
SRRS_all_modules	135	Diabetes_Perturbations_GEO_2022	72	GSE101722 ML351ProinflamCytokine Mm Islet Dn	0.0252073791582882	3.760496183206107	13.8409518345792	IL6;MMP3;PTGS2;MMP10	0.12776342861050183
SRRS_all_modules	135	Diabetes_Perturbations_GEO_2022	73	GSE150679 CdCl2 M 42D Mm BulkRNAseq Liver Up	0.0252073791582882	3.760496183206107	13.8409518345792	LSM7;TNFAIP6;SPHK1;PLOD2	0.12776342861050183
SRRS_all_modules	135	Diabetes_Perturbations_GEO_2022	74	GSE101722 ProinflamCytokines Mm Islet Dn	0.027223485363988373	3.668032023831689	13.218396204805254	IL6;MMP3;PTGS2;MMP10	0.13611742681994188
SRRS_all_modules	135	Diabetes_Perturbations_GEO_2022	75	GSE40439 Wt-Vs-Ctrl Mm Chip Muscle Up	0.02879720815306287	3.601590711706358	12.77655962133857	LDHB;GNG5;TMSB4X;NME1	0.1420662268884435
SRRS_all_modules	135	Diabetes_Perturbations_GEO_2022	76	GSE109285 30DaysAfterDT Mm 2CellTypes Up	0.030424077972605743	3.537494387067804	12.354773241403286	COL3A1;LUM;TPM2;PDPN	0.1461936214268068
SRRS_all_modules	135	Diabetes_Perturbations_GEO_2022	77	GSE43106 FatDiet C57BL 6J Mm Chip Liver Up	0.030424077972605743	3.537494387067804	12.354773241403286	GSTO1;GSTP1;MIF;NME1	0.1461936214268068
SRRS_all_modules	135	Diabetes_Perturbations_GEO_2022	78	GSE150679 CdCl2 F Postnatal 21D Mm Liver Dn	0.03325425968408014	3.4355507088331514	11.693145603288706	COL1A1;TAGLN;TPM2;PDPN	0.15774456516807248
SRRS_all_modules	135	Diabetes_Perturbations_GEO_2022	79	GSE157585 Metformin NoResisTrain Hs Muscle Up	0.034428052774324494	3.396385905895545	11.442028639431628	POSTN;TNFRSF12A;TUBB3;TNC	0.16124531046202611
SRRS_all_modules	135	Diabetes_Perturbations_GEO_2022	80	GSE154198 Passage58 Hs Chip Hepatocyte Dn	0.03623358135573442	3.339270568278202	11.078928134960861	IL11;FAP;TNFAIP6;WNT5A	0.16626265149282343
SRRS_all_modules	135	Diabetes_Perturbations_GEO_2022	81	GSE158359 Vehicle-vs-FGF19 Mm Liver Dn	0.03684739843895006	3.320652861541057	10.961376344747222	SERPINE1;COL10A1;TIMP1;ACTG1	0.16626265149282343
SRRS_all_modules	135	Diabetes_Perturbations_GEO_2022	82	GSE150679 CdCl2 M PostnatalDay42 Mm Liver Dn	0.03684739843895006	3.320652861541057	10.961376344747222	SERPINE1;PDPN;MMP3;TNC	0.16626265149282343
SRRS_all_modules	135	Diabetes_Perturbations_GEO_2022	83	GSE149468 Fasting-2Hrs Mm InterscapularBAT Up	0.038093014326927126	3.2840278646810996	10.731297867639533	LSM7;BAMBI;COL10A1;CTHRC1	0.16856685644347888
SRRS_all_modules	135	Diabetes_Perturbations_GEO_2022	84	GSE80780 Beta2-vs-Beta4 Hs Islet Up	0.038724818372150555	3.266013939595088	10.618708109158334	LGALS1;CXCL8;BASP1;TGFBI	0.16856685644347888
SRRS_all_modules	135	Diabetes_Perturbations_GEO_2022	85	GSE74113 Cre-T-vs-Cre+T Mm Islet Up	0.038724818372150555	3.266013939595088	10.618708109158334	IL11;GSTP1;COL5A2;ADAM12	0.16856685644347888
SRRS_all_modules	135	Diabetes_Perturbations_GEO_2022	86	GSE136134 Ctrl-vs-Insulin 24Hrs Hs hiPSCs Dn	0.04264168446713483	3.161912414624347	9.975590186706222	CXCL8;SERPINE1;THBS1;MMP10	0.1821220167441421
SRRS_all_modules	135	Diabetes_Perturbations_GEO_2022	87	GSE41203 2Vs4Wk NonObeseDiab Mm Chip Islets Up	0.043315506685093264	3.1451980336517327	9.873545899122428	PPP1R14B;LGALS1;GSTO1;C1QBP	0.1821220167441421
SRRS_all_modules	135	Diabetes_Perturbations_GEO_2022	88	GSE135445 AtrialFibr Hs EpicardialAdipose Dn	0.043315506685093264	3.1451980336517327	9.873545899122428	BAMBI;CCL20;SERPINE1;INHBA	0.1821220167441421
SRRS_all_modules	135	Diabetes_Perturbations_GEO_2022	89	GSE80780 Beta3-vs-Beta4 Hs Islet Dn	0.043995330773938864	3.1286577608142494	9.772899923785529	SDC4;SPHK1;THY1;S100A11	0.1824782824567712
SRRS_all_modules	135	Diabetes_Perturbations_GEO_2022	90	GSE109285 Mature-OE-vs-OE 30C Post DT Mm Dn	0.044681155273103325	3.1122888897678282	9.673627059937571	LGALS1;TUBB3;S100A16;THY1	0.1824782824567712
SRRS_all_modules	135	Diabetes_Perturbations_GEO_2022	91	GSE154198 Passage22 Hs Chip Hepatocyte Dn	0.04537297834060257	3.0960887699693083	9.57570267680199	IL11;WNT5A;TNC;THBS1	0.1824782824567712
SRRS_all_modules	135	Diabetes_Perturbations_GEO_2022	92	GSE125856 Epicardial-vs-Subcut Hs Adipose Dn	0.04537297834060257	3.0960887699693083	9.57570267680199	POSTN;FAP;MMP3;CTHRC1	0.1824782824567712
SRRS_all_modules	135	Diabetes_Perturbations_GEO_2022	93	GSE41203 2Vs18Wk ObeseDiabetic Mm Chip Islets Up	0.046070797693942116	3.080054805245645	9.47910270221729	EIF5A;PPP1R14B;GSTO1;THBS1	0.183292420932888
SRRS_all_modules	135	Diabetes_Perturbations_GEO_2022	94	GSE154198 Passage1 Hs Chip Hepatocyte Up	0.04677461066824685	3.064184452406917	9.383803603583353	IL6;CCL20;SERPINE1;PTGS2	0.18411282922607802
SRRS_all_modules	135	Diabetes_Perturbations_GEO_2022	95	GSE46515 RictorFloxed Mm Chip Liver Dn	0.048740072179806616	3.803351309707242	11.490889406529702	AP2S1;PSMA7;ATOX1	0.1898297548055626
SRRS_all_modules	135	Diabetes_Perturbations_GEO_2022	96	GSE79164 erbAlpha-KO Mm Chip EpididymalWAT Dn	0.049649731079626634	3.002290076335878	9.01516346937858	COL1A1;POSTN;TIMP1;THBS1	0.191358338536061
SRRS_all_modules	135	Diabetes_Perturbations_GEO_2022	97	GSE154198 Passage58 Hs Chip Hepatocyte Up	0.050383457910172076	2.987201397592192	8.926033715291855	RCN3;CCL20;PDPN;KDR	0.19153590035091025
SRRS_all_modules	135	Diabetes_Perturbations_GEO_2022	98	GSE135448 Low-vs-HighProteinDiet Hs Liver Up	0.05073113036321407	3.7395833333333335	11.148503967788672	CXCL8;FAP;CCL20	0.19153590035091025
SRRS_all_modules	135	Diabetes_Perturbations_GEO_2022	99	GSE154198 Passage22 Hs Chip Hepatocyte Up	0.05337800047290095	2.928318748836343	8.581018155174949	CXCL8;CCL20;PDPN;KDR	0.19902664071146198
SRRS_all_modules	135	Diabetes_Perturbations_GEO_2022	100	GSE138252 AtrialFib Hs LeftAtrium Dn	0.0537909839760708	3.647819660014782	10.661297976931928	POSTN;PTGS2;CTHRC1	0.19902664071146198
